======================================================================
AUDIT couverture journalistes — 290 zones scannées, 1762 journalistes, 5800 combinaisons zone×thématique
======================================================================

-- Couverture À ZÉRO (aucun journaliste éligible -- repli sur toute la liste de la zone, rotation possible mais sans lien thématique) --
   0 combinaison(s) sur 5800 (0%)

-- Couverture à UN SEUL journaliste (jamais de rotation possible, toujours le même nom -- cas exact bassin_du_congo/petites_annonces_services du 23 août) --
   5205 combinaison(s)
  breakdown / opposition / afrique_centrale_australe / actualites_a_la_une : Chantal Mbemba
  breakdown / opposition / afrique_centrale_australe / culture : Thandiwe Nkosi
  breakdown / opposition / afrique_centrale_australe / economie_finance : Amani Ndayishimiye
  breakdown / opposition / afrique_centrale_australe / education : Naomie Ilunga
  breakdown / opposition / afrique_centrale_australe / environnement_climat : Amani Ndayishimiye
  breakdown / opposition / afrique_centrale_australe / faits_divers : Jean-Bosco Mugenzi
  breakdown / opposition / afrique_centrale_australe / histoire_patrimoine : Jean-Bosco Mugenzi
  breakdown / opposition / afrique_centrale_australe / international : Chantal Mbemba
  breakdown / opposition / afrique_centrale_australe / lifestyle_art_de_vivre : Mwamba Kalonji
  breakdown / opposition / afrique_centrale_australe / medias_communication : Jean-Bosco Mugenzi
  breakdown / opposition / afrique_centrale_australe / meteo : Amani Ndayishimiye
  breakdown / opposition / afrique_centrale_australe / musique : Thandiwe Nkosi
  breakdown / opposition / afrique_centrale_australe / opinions_editoriaux : Chantal Mbemba
  breakdown / opposition / afrique_centrale_australe / petites_annonces_services : Naomie Ilunga
  breakdown / opposition / afrique_centrale_australe / politique : Chantal Mbemba
  breakdown / opposition / afrique_centrale_australe / religion_spiritualite : Thandiwe Nkosi
  breakdown / opposition / afrique_centrale_australe / sante : Naomie Ilunga
  breakdown / opposition / afrique_centrale_australe / sciences_technologies : Amani Ndayishimiye
  breakdown / opposition / afrique_centrale_australe / societe : Naomie Ilunga
  breakdown / opposition / afrique_centrale_australe / sports : Mwamba Kalonji
  breakdown / opposition / afrique_de_louest_lagos_sahel / actualites_a_la_une : Adebayo Ogunleye
  breakdown / opposition / afrique_de_louest_lagos_sahel / culture : Funmilayo Adeyemi
  breakdown / opposition / afrique_de_louest_lagos_sahel / economie_finance : Zainabou Maïga
  breakdown / opposition / afrique_de_louest_lagos_sahel / education : Chiamaka Okonkwo
  breakdown / opposition / afrique_de_louest_lagos_sahel / environnement_climat : Issoufou Hamani
  breakdown / opposition / afrique_de_louest_lagos_sahel / faits_divers : Chiamaka Okonkwo
  breakdown / opposition / afrique_de_louest_lagos_sahel / histoire_patrimoine : Moussa Cissé
  breakdown / opposition / afrique_de_louest_lagos_sahel / international : Zainabou Maïga
  breakdown / opposition / afrique_de_louest_lagos_sahel / lifestyle_art_de_vivre : Funmilayo Adeyemi
  breakdown / opposition / afrique_de_louest_lagos_sahel / medias_communication : Adebayo Ogunleye
  breakdown / opposition / afrique_de_louest_lagos_sahel / meteo : Issoufou Hamani
  breakdown / opposition / afrique_de_louest_lagos_sahel / musique : Funmilayo Adeyemi
  breakdown / opposition / afrique_de_louest_lagos_sahel / opinions_editoriaux : Adebayo Ogunleye
  breakdown / opposition / afrique_de_louest_lagos_sahel / petites_annonces_services : Issoufou Hamani
  breakdown / opposition / afrique_de_louest_lagos_sahel / politique : Adebayo Ogunleye
  breakdown / opposition / afrique_de_louest_lagos_sahel / religion_spiritualite : Moussa Cissé
  breakdown / opposition / afrique_de_louest_lagos_sahel / sante : Chiamaka Okonkwo
  breakdown / opposition / afrique_de_louest_lagos_sahel / sciences_technologies : Zainabou Maïga
  breakdown / opposition / afrique_de_louest_lagos_sahel / societe : Issoufou Hamani
  breakdown / opposition / afrique_de_louest_lagos_sahel / sports : Moussa Cissé
  breakdown / opposition / amazon_pacte_gardiens / actualites_a_la_une : Araci Kambeba
  breakdown / opposition / amazon_pacte_gardiens / culture : Iara Munduruku
  breakdown / opposition / amazon_pacte_gardiens / economie_finance : Maria do Socorro Costa
  breakdown / opposition / amazon_pacte_gardiens / education : Jurema Tikuna
  breakdown / opposition / amazon_pacte_gardiens / environnement_climat : Raimundo Sateré
  breakdown / opposition / amazon_pacte_gardiens / faits_divers : Caio Pereira Nunes
  breakdown / opposition / amazon_pacte_gardiens / histoire_patrimoine : Caio Pereira Nunes
  breakdown / opposition / amazon_pacte_gardiens / international : Araci Kambeba
  breakdown / opposition / amazon_pacte_gardiens / lifestyle_art_de_vivre : Iara Munduruku
  breakdown / opposition / amazon_pacte_gardiens / medias_communication : Caio Pereira Nunes
  breakdown / opposition / amazon_pacte_gardiens / meteo : Raimundo Sateré
  breakdown / opposition / amazon_pacte_gardiens / musique : Iara Munduruku
  breakdown / opposition / amazon_pacte_gardiens / opinions_editoriaux : Araci Kambeba
  breakdown / opposition / amazon_pacte_gardiens / petites_annonces_services : Maria do Socorro Costa
  breakdown / opposition / amazon_pacte_gardiens / politique : Araci Kambeba
  breakdown / opposition / amazon_pacte_gardiens / religion_spiritualite : Jurema Tikuna
  breakdown / opposition / amazon_pacte_gardiens / sante : Jurema Tikuna
  breakdown / opposition / amazon_pacte_gardiens / sciences_technologies : Raimundo Sateré
  breakdown / opposition / amazon_pacte_gardiens / societe : Maria do Socorro Costa
  breakdown / opposition / amazon_pacte_gardiens / sports : Iara Munduruku
  breakdown / opposition / antilles_orientales_fragmentes / actualites_a_la_une : Élodie Jean-Baptiste
  breakdown / opposition / antilles_orientales_fragmentes / culture : Pascaline Laventure
  breakdown / opposition / antilles_orientales_fragmentes / economie_finance : Kwame Augustin
  breakdown / opposition / antilles_orientales_fragmentes / education : Mireille Célestin
  breakdown / opposition / antilles_orientales_fragmentes / environnement_climat : Shanice Joseph
  breakdown / opposition / antilles_orientales_fragmentes / faits_divers : Tyrone Charles
  breakdown / opposition / antilles_orientales_fragmentes / histoire_patrimoine : Pascaline Laventure
  breakdown / opposition / antilles_orientales_fragmentes / international : Kwame Augustin
  breakdown / opposition / antilles_orientales_fragmentes / lifestyle_art_de_vivre : Pascaline Laventure
  breakdown / opposition / antilles_orientales_fragmentes / medias_communication : Élodie Jean-Baptiste
  breakdown / opposition / antilles_orientales_fragmentes / meteo : Shanice Joseph
  breakdown / opposition / antilles_orientales_fragmentes / musique : Pascaline Laventure
  breakdown / opposition / antilles_orientales_fragmentes / opinions_editoriaux : Élodie Jean-Baptiste
  breakdown / opposition / antilles_orientales_fragmentes / petites_annonces_services : Kwame Augustin
  breakdown / opposition / antilles_orientales_fragmentes / politique : Élodie Jean-Baptiste
  breakdown / opposition / antilles_orientales_fragmentes / religion_spiritualite : Mireille Célestin
  breakdown / opposition / antilles_orientales_fragmentes / sante : Mireille Célestin
  breakdown / opposition / antilles_orientales_fragmentes / sciences_technologies : Shanice Joseph
  breakdown / opposition / antilles_orientales_fragmentes / societe : Mireille Célestin
  breakdown / opposition / antilles_orientales_fragmentes / sports : Tyrone Charles
  breakdown / opposition / arc_eurasien_central / culture : Tamuna Beridze
  breakdown / opposition / arc_eurasien_central / economie_finance : Yerlan Särsenuly
  breakdown / opposition / arc_eurasien_central / education : Gulnar Zholdasbekova
  breakdown / opposition / arc_eurasien_central / environnement_climat : Yerlan Särsenuly
  breakdown / opposition / arc_eurasien_central / faits_divers : Timur Akhmetov
  breakdown / opposition / arc_eurasien_central / histoire_patrimoine : Tamuna Beridze
  breakdown / opposition / arc_eurasien_central / international : Nino Kapanadze
  breakdown / opposition / arc_eurasien_central / lifestyle_art_de_vivre : Tamuna Beridze
  breakdown / opposition / arc_eurasien_central / medias_communication : Timur Akhmetov
  breakdown / opposition / arc_eurasien_central / meteo : Yerlan Särsenuly
  breakdown / opposition / arc_eurasien_central / musique : Tamuna Beridze
  breakdown / opposition / arc_eurasien_central / opinions_editoriaux : Nino Kapanadze
  breakdown / opposition / arc_eurasien_central / petites_annonces_services : Timur Akhmetov
  breakdown / opposition / arc_eurasien_central / politique : Nino Kapanadze
  breakdown / opposition / arc_eurasien_central / religion_spiritualite : Gulnar Zholdasbekova
  breakdown / opposition / arc_eurasien_central / sante : Gulnar Zholdasbekova
  breakdown / opposition / arc_eurasien_central / sciences_technologies : Yerlan Särsenuly
  breakdown / opposition / arc_eurasien_central / sports : Pavel Ismagilov
  breakdown / opposition / arc_sahelo_mediterraneen / culture : Martí Roca
  breakdown / opposition / arc_sahelo_mediterraneen / economie_finance : Joan Vidal i Ferrer
  breakdown / opposition / arc_sahelo_mediterraneen / education : Malika Benyamina
  breakdown / opposition / arc_sahelo_mediterraneen / environnement_climat : Joan Vidal i Ferrer
  breakdown / opposition / arc_sahelo_mediterraneen / faits_divers : Clémence Roussel
  breakdown / opposition / arc_sahelo_mediterraneen / histoire_patrimoine : Martí Roca
  breakdown / opposition / arc_sahelo_mediterraneen / international : Aïcha Ould Salem
  breakdown / opposition / arc_sahelo_mediterraneen / lifestyle_art_de_vivre : Martí Roca
  breakdown / opposition / arc_sahelo_mediterraneen / medias_communication : Clémence Roussel
  breakdown / opposition / arc_sahelo_mediterraneen / meteo : Joan Vidal i Ferrer
  breakdown / opposition / arc_sahelo_mediterraneen / musique : Martí Roca
  breakdown / opposition / arc_sahelo_mediterraneen / opinions_editoriaux : Aïcha Ould Salem
  breakdown / opposition / arc_sahelo_mediterraneen / petites_annonces_services : Clémence Roussel
  breakdown / opposition / arc_sahelo_mediterraneen / politique : Aïcha Ould Salem
  breakdown / opposition / arc_sahelo_mediterraneen / religion_spiritualite : Malika Benyamina
  breakdown / opposition / arc_sahelo_mediterraneen / sante : Malika Benyamina
  breakdown / opposition / arc_sahelo_mediterraneen / sciences_technologies : Joan Vidal i Ferrer
  breakdown / opposition / arc_sahelo_mediterraneen / sports : Issoufou Maïga
  breakdown / opposition / archipel_anglo_celtique / actualites_a_la_une : Siân Pritchard
  breakdown / opposition / archipel_anglo_celtique / culture : Rhys ap Morgan
  breakdown / opposition / archipel_anglo_celtique / economie_finance : Aamir Qureshi
  breakdown / opposition / archipel_anglo_celtique / education : Niamh O’Donnell
  breakdown / opposition / archipel_anglo_celtique / environnement_climat : Fiona MacLeod
  breakdown / opposition / archipel_anglo_celtique / faits_divers : Keira Singh
  breakdown / opposition / archipel_anglo_celtique / histoire_patrimoine : Rhys ap Morgan
  breakdown / opposition / archipel_anglo_celtique / international : Siân Pritchard
  breakdown / opposition / archipel_anglo_celtique / lifestyle_art_de_vivre : Keira Singh
  breakdown / opposition / archipel_anglo_celtique / medias_communication : Aamir Qureshi
  breakdown / opposition / archipel_anglo_celtique / meteo : Fiona MacLeod
  breakdown / opposition / archipel_anglo_celtique / musique : Rhys ap Morgan
  breakdown / opposition / archipel_anglo_celtique / opinions_editoriaux : Siân Pritchard
  breakdown / opposition / archipel_anglo_celtique / petites_annonces_services : Keira Singh
  breakdown / opposition / archipel_anglo_celtique / politique : Siân Pritchard
  breakdown / opposition / archipel_anglo_celtique / religion_spiritualite : Niamh O’Donnell
  breakdown / opposition / archipel_anglo_celtique / sante : Fiona MacLeod
  breakdown / opposition / archipel_anglo_celtique / sciences_technologies : Aamir Qureshi
  breakdown / opposition / archipel_anglo_celtique / societe : Niamh O’Donnell
  breakdown / opposition / archipel_anglo_celtique / sports : Keira Singh
  breakdown / opposition / archipel_comores_autonome / actualites_a_la_une : Amina Abdallah
  breakdown / opposition / archipel_comores_autonome / culture : Djoueria Mohamed
  breakdown / opposition / archipel_comores_autonome / economie_finance : Soilihi Mzé
  breakdown / opposition / archipel_comores_autonome / education : Nassur Bacar
  breakdown / opposition / archipel_comores_autonome / environnement_climat : Fatima Hamadi
  breakdown / opposition / archipel_comores_autonome / faits_divers : Youssouf Ali
  breakdown / opposition / archipel_comores_autonome / histoire_patrimoine : Djoueria Mohamed
  breakdown / opposition / archipel_comores_autonome / international : Amina Abdallah
  breakdown / opposition / archipel_comores_autonome / lifestyle_art_de_vivre : Djoueria Mohamed
  breakdown / opposition / archipel_comores_autonome / medias_communication : Soilihi Mzé
  breakdown / opposition / archipel_comores_autonome / meteo : Fatima Hamadi
  breakdown / opposition / archipel_comores_autonome / musique : Djoueria Mohamed
  breakdown / opposition / archipel_comores_autonome / opinions_editoriaux : Amina Abdallah
  breakdown / opposition / archipel_comores_autonome / petites_annonces_services : Youssouf Ali
  breakdown / opposition / archipel_comores_autonome / politique : Amina Abdallah
  breakdown / opposition / archipel_comores_autonome / religion_spiritualite : Nassur Bacar
  breakdown / opposition / archipel_comores_autonome / sante : Fatima Hamadi
  breakdown / opposition / archipel_comores_autonome / sciences_technologies : Soilihi Mzé
  breakdown / opposition / archipel_comores_autonome / societe : Nassur Bacar
  breakdown / opposition / archipel_comores_autonome / sports : Youssouf Ali
  breakdown / opposition / arctique_nordark / culture : Nils-Aslak Sara
  breakdown / opposition / arctique_nordark / economie_finance : Ole-Magnus Nilsen
  breakdown / opposition / arctique_nordark / education : Elle Márjá Eira
  breakdown / opposition / arctique_nordark / environnement_climat : Ole-Magnus Nilsen
  breakdown / opposition / arctique_nordark / faits_divers : Sigrid Johansen
  breakdown / opposition / arctique_nordark / histoire_patrimoine : Nils-Aslak Sara
  breakdown / opposition / arctique_nordark / international : Ingrid Hætta
  breakdown / opposition / arctique_nordark / lifestyle_art_de_vivre : Nils-Aslak Sara
  breakdown / opposition / arctique_nordark / medias_communication : Sigrid Johansen
  breakdown / opposition / arctique_nordark / meteo : Ole-Magnus Nilsen
  breakdown / opposition / arctique_nordark / musique : Nils-Aslak Sara
  breakdown / opposition / arctique_nordark / opinions_editoriaux : Ingrid Hætta
  breakdown / opposition / arctique_nordark / petites_annonces_services : Sigrid Johansen
  breakdown / opposition / arctique_nordark / politique : Ingrid Hætta
  breakdown / opposition / arctique_nordark / religion_spiritualite : Elle Márjá Eira
  breakdown / opposition / arctique_nordark / sante : Elle Márjá Eira
  breakdown / opposition / arctique_nordark / sciences_technologies : Ole-Magnus Nilsen
  breakdown / opposition / arctique_nordark / sports : Kari-Anne Pedersen
  breakdown / opposition / argentine_pampas_autonome / actualites_a_la_une : María Belén Quiroga
  breakdown / opposition / argentine_pampas_autonome / economie_finance : Mateo Valenzuela
  breakdown / opposition / argentine_pampas_autonome / education : Lucía Benítez
  breakdown / opposition / argentine_pampas_autonome / environnement_climat : Mateo Valenzuela
  breakdown / opposition / argentine_pampas_autonome / faits_divers : Camila Rojas
  breakdown / opposition / argentine_pampas_autonome / histoire_patrimoine : Tomás Nahuel Antilef
  breakdown / opposition / argentine_pampas_autonome / international : Camila Rojas
  breakdown / opposition / argentine_pampas_autonome / lifestyle_art_de_vivre : Lucía Benítez
  breakdown / opposition / argentine_pampas_autonome / medias_communication : María Belén Quiroga
  breakdown / opposition / argentine_pampas_autonome / meteo : Mateo Valenzuela
  breakdown / opposition / argentine_pampas_autonome / musique : Julián Echeverría
  breakdown / opposition / argentine_pampas_autonome / opinions_editoriaux : María Belén Quiroga
  breakdown / opposition / argentine_pampas_autonome / petites_annonces_services : Mateo Valenzuela
  breakdown / opposition / argentine_pampas_autonome / politique : María Belén Quiroga
  breakdown / opposition / argentine_pampas_autonome / religion_spiritualite : Tomás Nahuel Antilef
  breakdown / opposition / argentine_pampas_autonome / sante : Lucía Benítez
  breakdown / opposition / argentine_pampas_autonome / sciences_technologies : Camila Rojas
  breakdown / opposition / argentine_pampas_autonome / societe : Lucía Benítez
  breakdown / opposition / argentine_pampas_autonome / sports : Julián Echeverría
  breakdown / opposition / asie_pacifique_sud_est / actualites_a_la_une : Liang Wenhao
  breakdown / opposition / asie_pacifique_sud_est / culture : Mikhail Sokolov
  breakdown / opposition / asie_pacifique_sud_est / economie_finance : Anastasia Buryatova
  breakdown / opposition / asie_pacifique_sud_est / education : Yelena Volkova
  breakdown / opposition / asie_pacifique_sud_est / environnement_climat : Zhang Yilin
  breakdown / opposition / asie_pacifique_sud_est / faits_divers : Kim Jae-hwan
  breakdown / opposition / asie_pacifique_sud_est / histoire_patrimoine : Zhang Yilin
  breakdown / opposition / asie_pacifique_sud_est / international : Liang Wenhao
  breakdown / opposition / asie_pacifique_sud_est / lifestyle_art_de_vivre : Mikhail Sokolov
  breakdown / opposition / asie_pacifique_sud_est / medias_communication : Yelena Volkova
  breakdown / opposition / asie_pacifique_sud_est / meteo : Anastasia Buryatova
  breakdown / opposition / asie_pacifique_sud_est / musique : Mikhail Sokolov
  breakdown / opposition / asie_pacifique_sud_est / opinions_editoriaux : Liang Wenhao
  breakdown / opposition / asie_pacifique_sud_est / petites_annonces_services : Anastasia Buryatova
  breakdown / opposition / asie_pacifique_sud_est / politique : Liang Wenhao
  breakdown / opposition / asie_pacifique_sud_est / religion_spiritualite : Zhang Yilin
  breakdown / opposition / asie_pacifique_sud_est / sante : Kim Jae-hwan
  breakdown / opposition / asie_pacifique_sud_est / sciences_technologies : Yelena Volkova
  breakdown / opposition / asie_pacifique_sud_est / societe : Kim Jae-hwan
  breakdown / opposition / asie_pacifique_sud_est / sports : Mikhail Sokolov
  breakdown / opposition / australie_continent_insulaire / actualites_a_la_une : Marlie Yunupingu
  breakdown / opposition / australie_continent_insulaire / culture : Aroha Singh
  breakdown / opposition / australie_continent_insulaire / economie_finance : Tariq Haddad
  breakdown / opposition / australie_continent_insulaire / education : Liang O'Connor
  breakdown / opposition / australie_continent_insulaire / environnement_climat : Grace Nampijinpa Turner
  breakdown / opposition / australie_continent_insulaire / faits_divers : Callum Nguyen
  breakdown / opposition / australie_continent_insulaire / histoire_patrimoine : Aroha Singh
  breakdown / opposition / australie_continent_insulaire / international : Callum Nguyen
  breakdown / opposition / australie_continent_insulaire / lifestyle_art_de_vivre : Callum Nguyen
  breakdown / opposition / australie_continent_insulaire / medias_communication : Tariq Haddad
  breakdown / opposition / australie_continent_insulaire / meteo : Grace Nampijinpa Turner
  breakdown / opposition / australie_continent_insulaire / musique : Aroha Singh
  breakdown / opposition / australie_continent_insulaire / opinions_editoriaux : Marlie Yunupingu
  breakdown / opposition / australie_continent_insulaire / petites_annonces_services : Liang O'Connor
  breakdown / opposition / australie_continent_insulaire / politique : Marlie Yunupingu
  breakdown / opposition / australie_continent_insulaire / religion_spiritualite : Aroha Singh
  breakdown / opposition / australie_continent_insulaire / sante : Grace Nampijinpa Turner
  breakdown / opposition / australie_continent_insulaire / sciences_technologies : Tariq Haddad
  breakdown / opposition / australie_continent_insulaire / societe : Liang O'Connor
  breakdown / opposition / australie_continent_insulaire / sports : Callum Nguyen
  breakdown / opposition / bolivie_altipano_strategique / culture : Roxana Ticona Flores
  breakdown / opposition / bolivie_altipano_strategique / economie_finance : Rufino Condori Choque
  breakdown / opposition / bolivie_altipano_strategique / education : Elena Apaza Huanca
  breakdown / opposition / bolivie_altipano_strategique / environnement_climat : Rufino Condori Choque
  breakdown / opposition / bolivie_altipano_strategique / faits_divers : Marisol Quispe Mamani
  breakdown / opposition / bolivie_altipano_strategique / histoire_patrimoine : Rufino Condori Choque
  breakdown / opposition / bolivie_altipano_strategique / international : Mateo Yujra Callisaya
  breakdown / opposition / bolivie_altipano_strategique / lifestyle_art_de_vivre : Roxana Ticona Flores
  breakdown / opposition / bolivie_altipano_strategique / medias_communication : Mateo Yujra Callisaya
  breakdown / opposition / bolivie_altipano_strategique / meteo : Rufino Condori Choque
  breakdown / opposition / bolivie_altipano_strategique / musique : Roxana Ticona Flores
  breakdown / opposition / bolivie_altipano_strategique / opinions_editoriaux : Marisol Quispe Mamani
  breakdown / opposition / bolivie_altipano_strategique / politique : Marisol Quispe Mamani
  breakdown / opposition / bolivie_altipano_strategique / religion_spiritualite : Roxana Ticona Flores
  breakdown / opposition / bolivie_altipano_strategique / sante : Elena Apaza Huanca
  breakdown / opposition / bolivie_altipano_strategique / sciences_technologies : Mateo Yujra Callisaya
  breakdown / opposition / bolivie_altipano_strategique / sports : Víctor Nina Villca
  breakdown / opposition / caribe_insulaire_residuel / actualites_a_la_une : Marlon Baptiste
  breakdown / opposition / caribe_insulaire_residuel / culture : Nadia Belmar
  breakdown / opposition / caribe_insulaire_residuel / economie_finance : Yolanda Cuffy
  breakdown / opposition / caribe_insulaire_residuel / education : Janelle Toussaint
  breakdown / opposition / caribe_insulaire_residuel / environnement_climat : Darius McKenzie
  breakdown / opposition / caribe_insulaire_residuel / faits_divers : Marlon Baptiste
  breakdown / opposition / caribe_insulaire_residuel / histoire_patrimoine : Nadia Belmar
  breakdown / opposition / caribe_insulaire_residuel / international : Yolanda Cuffy
  breakdown / opposition / caribe_insulaire_residuel / lifestyle_art_de_vivre : Nadia Belmar
  breakdown / opposition / caribe_insulaire_residuel / medias_communication : Marlon Baptiste
  breakdown / opposition / caribe_insulaire_residuel / meteo : Darius McKenzie
  breakdown / opposition / caribe_insulaire_residuel / musique : Nadia Belmar
  breakdown / opposition / caribe_insulaire_residuel / opinions_editoriaux : Kemar Alcindor
  breakdown / opposition / caribe_insulaire_residuel / petites_annonces_services : Yolanda Cuffy
  breakdown / opposition / caribe_insulaire_residuel / politique : Marlon Baptiste
  breakdown / opposition / caribe_insulaire_residuel / religion_spiritualite : Janelle Toussaint
  breakdown / opposition / caribe_insulaire_residuel / sante : Janelle Toussaint
  breakdown / opposition / caribe_insulaire_residuel / sciences_technologies : Darius McKenzie
  breakdown / opposition / caribe_insulaire_residuel / societe : Janelle Toussaint
  breakdown / opposition / caribe_insulaire_residuel / sports : Kemar Alcindor
  breakdown / opposition / chili_cordillere_autonome / actualites_a_la_une : Camila Riquelme
  breakdown / opposition / chili_cordillere_autonome / culture : Ignacio Paillalef
  breakdown / opposition / chili_cordillere_autonome / economie_finance : Matías Antilef
  breakdown / opposition / chili_cordillere_autonome / education : Fernanda Araya
  breakdown / opposition / chili_cordillere_autonome / environnement_climat : Matías Antilef
  breakdown / opposition / chili_cordillere_autonome / faits_divers : Valentina Huenchumilla
  breakdown / opposition / chili_cordillere_autonome / histoire_patrimoine : Ignacio Paillalef
  breakdown / opposition / chili_cordillere_autonome / international : Valentina Huenchumilla
  breakdown / opposition / chili_cordillere_autonome / lifestyle_art_de_vivre : Diego Contreras
  breakdown / opposition / chili_cordillere_autonome / medias_communication : Valentina Huenchumilla
  breakdown / opposition / chili_cordillere_autonome / meteo : Diego Contreras
  breakdown / opposition / chili_cordillere_autonome / musique : Ignacio Paillalef
  breakdown / opposition / chili_cordillere_autonome / opinions_editoriaux : Camila Riquelme
  breakdown / opposition / chili_cordillere_autonome / petites_annonces_services : Diego Contreras
  breakdown / opposition / chili_cordillere_autonome / politique : Camila Riquelme
  breakdown / opposition / chili_cordillere_autonome / religion_spiritualite : Ignacio Paillalef
  breakdown / opposition / chili_cordillere_autonome / sante : Fernanda Araya
  breakdown / opposition / chili_cordillere_autonome / sciences_technologies : Matías Antilef
  breakdown / opposition / chili_cordillere_autonome / societe : Fernanda Araya
  breakdown / opposition / chili_cordillere_autonome / sports : Diego Contreras
  breakdown / opposition / cuba_archipel_resilient / culture : Claudia Estévez Padrón
  breakdown / opposition / cuba_archipel_resilient / economie_finance : Osvaldo Marrero Díaz
  breakdown / opposition / cuba_archipel_resilient / education : Claudia Estévez Padrón
  breakdown / opposition / cuba_archipel_resilient / environnement_climat : Yunier Valdés Rodríguez
  breakdown / opposition / cuba_archipel_resilient / faits_divers : Osvaldo Marrero Díaz
  breakdown / opposition / cuba_archipel_resilient / histoire_patrimoine : Claudia Estévez Padrón
  breakdown / opposition / cuba_archipel_resilient / international : Raúl Cordero Lima
  breakdown / opposition / cuba_archipel_resilient / lifestyle_art_de_vivre : Liset Hernández Cruz
  breakdown / opposition / cuba_archipel_resilient / medias_communication : Mariela Benítez Torres
  breakdown / opposition / cuba_archipel_resilient / meteo : Yunier Valdés Rodríguez
  breakdown / opposition / cuba_archipel_resilient / musique : Raúl Cordero Lima
  breakdown / opposition / cuba_archipel_resilient / opinions_editoriaux : Mariela Benítez Torres
  breakdown / opposition / cuba_archipel_resilient / petites_annonces_services : Osvaldo Marrero Díaz
  breakdown / opposition / cuba_archipel_resilient / politique : Mariela Benítez Torres
  breakdown / opposition / cuba_archipel_resilient / religion_spiritualite : Claudia Estévez Padrón
  breakdown / opposition / cuba_archipel_resilient / sciences_technologies : Yunier Valdés Rodríguez
  breakdown / opposition / cuba_archipel_resilient / sports : Raúl Cordero Lima
  breakdown / opposition / espace_nord_americain_fragmente / actualites_a_la_une : Ruth Holloway
  breakdown / opposition / espace_nord_americain_fragmente / culture : Grace Two-Rivers
  breakdown / opposition / espace_nord_americain_fragmente / economie_finance : Sofía Martínez
  breakdown / opposition / espace_nord_americain_fragmente / education : Grace Two-Rivers
  breakdown / opposition / espace_nord_americain_fragmente / environnement_climat : Ethan Yellowhorse
  breakdown / opposition / espace_nord_americain_fragmente / faits_divers : Malik Johnson
  breakdown / opposition / espace_nord_americain_fragmente / histoire_patrimoine : Ruth Holloway
  breakdown / opposition / espace_nord_americain_fragmente / international : Noah Okafor
  breakdown / opposition / espace_nord_americain_fragmente / lifestyle_art_de_vivre : Sofía Martínez
  breakdown / opposition / espace_nord_americain_fragmente / medias_communication : Malik Johnson
  breakdown / opposition / espace_nord_americain_fragmente / meteo : Ethan Yellowhorse
  breakdown / opposition / espace_nord_americain_fragmente / musique : Grace Two-Rivers
  breakdown / opposition / espace_nord_americain_fragmente / opinions_editoriaux : Ruth Holloway
  breakdown / opposition / espace_nord_americain_fragmente / petites_annonces_services : Sofía Martínez
  breakdown / opposition / espace_nord_americain_fragmente / politique : Ruth Holloway
  breakdown / opposition / espace_nord_americain_fragmente / religion_spiritualite : Grace Two-Rivers
  breakdown / opposition / espace_nord_americain_fragmente / sante : Ethan Yellowhorse
  breakdown / opposition / espace_nord_americain_fragmente / sciences_technologies : Noah Okafor
  breakdown / opposition / espace_nord_americain_fragmente / societe : Malik Johnson
  breakdown / opposition / espace_nord_americain_fragmente / sports : Noah Okafor
  breakdown / opposition / ethiopie_hautes_terres_autonome / actualites_a_la_une : Selamawit Tadesse
  breakdown / opposition / ethiopie_hautes_terres_autonome / culture : Hirut Mekonnen
  breakdown / opposition / ethiopie_hautes_terres_autonome / economie_finance : Chaltu Gudina
  breakdown / opposition / ethiopie_hautes_terres_autonome / education : Tesfaye Wolde
  breakdown / opposition / ethiopie_hautes_terres_autonome / environnement_climat : Chaltu Gudina
  breakdown / opposition / ethiopie_hautes_terres_autonome / histoire_patrimoine : Tesfay Berhe
  breakdown / opposition / ethiopie_hautes_terres_autonome / international : Abdi Mohammed
  breakdown / opposition / ethiopie_hautes_terres_autonome / lifestyle_art_de_vivre : Hirut Mekonnen
  breakdown / opposition / ethiopie_hautes_terres_autonome / medias_communication : Selamawit Tadesse
  breakdown / opposition / ethiopie_hautes_terres_autonome / meteo : Chaltu Gudina
  breakdown / opposition / ethiopie_hautes_terres_autonome / musique : Hirut Mekonnen
  breakdown / opposition / ethiopie_hautes_terres_autonome / opinions_editoriaux : Selamawit Tadesse
  breakdown / opposition / ethiopie_hautes_terres_autonome / petites_annonces_services : Chaltu Gudina
  breakdown / opposition / ethiopie_hautes_terres_autonome / religion_spiritualite : Tesfay Berhe
  breakdown / opposition / ethiopie_hautes_terres_autonome / sante : Tesfaye Wolde
  breakdown / opposition / ethiopie_hautes_terres_autonome / sciences_technologies : Tesfaye Wolde
  breakdown / opposition / ethiopie_hautes_terres_autonome / societe : Tesfay Berhe
  breakdown / opposition / ethiopie_hautes_terres_autonome / sports : Hirut Mekonnen
  breakdown / opposition / geneve_bunker_institutions / actualites_a_la_une : Aline Chappuis
  breakdown / opposition / geneve_bunker_institutions / culture : Luca Piguet
  breakdown / opposition / geneve_bunker_institutions / economie_finance : Yannick Berset
  breakdown / opposition / geneve_bunker_institutions / education : Sophie Favre
  breakdown / opposition / geneve_bunker_institutions / environnement_climat : Mireille Zbinden
  breakdown / opposition / geneve_bunker_institutions / faits_divers : Camille Veyrat
  breakdown / opposition / geneve_bunker_institutions / histoire_patrimoine : Sophie Favre
  breakdown / opposition / geneve_bunker_institutions / international : Aline Chappuis
  breakdown / opposition / geneve_bunker_institutions / lifestyle_art_de_vivre : Luca Piguet
  breakdown / opposition / geneve_bunker_institutions / medias_communication : Yannick Berset
  breakdown / opposition / geneve_bunker_institutions / meteo : Mireille Zbinden
  breakdown / opposition / geneve_bunker_institutions / musique : Luca Piguet
  breakdown / opposition / geneve_bunker_institutions / opinions_editoriaux : Aline Chappuis
  breakdown / opposition / geneve_bunker_institutions / petites_annonces_services : Camille Veyrat
  breakdown / opposition / geneve_bunker_institutions / politique : Aline Chappuis
  breakdown / opposition / geneve_bunker_institutions / religion_spiritualite : Sophie Favre
  breakdown / opposition / geneve_bunker_institutions / sante : Mireille Zbinden
  breakdown / opposition / geneve_bunker_institutions / sciences_technologies : Yannick Berset
  breakdown / opposition / geneve_bunker_institutions / societe : Camille Veyrat
  breakdown / opposition / geneve_bunker_institutions / sports : Luca Piguet
  breakdown / opposition / guatemala_corridor_centre_americain / actualites_a_la_une : Ixchel Xajil
  breakdown / opposition / guatemala_corridor_centre_americain / culture : María Tecún
  breakdown / opposition / guatemala_corridor_centre_americain / economie_finance : Mateo Cutzal
  breakdown / opposition / guatemala_corridor_centre_americain / education : Esteban Ajpacajá
  breakdown / opposition / guatemala_corridor_centre_americain / environnement_climat : Rosa Choc
  breakdown / opposition / guatemala_corridor_centre_americain / faits_divers : Jorge Ixcot
  breakdown / opposition / guatemala_corridor_centre_americain / histoire_patrimoine : María Tecún
  breakdown / opposition / guatemala_corridor_centre_americain / international : Ixchel Xajil
  breakdown / opposition / guatemala_corridor_centre_americain / lifestyle_art_de_vivre : Jorge Ixcot
  breakdown / opposition / guatemala_corridor_centre_americain / medias_communication : Esteban Ajpacajá
  breakdown / opposition / guatemala_corridor_centre_americain / meteo : Mateo Cutzal
  breakdown / opposition / guatemala_corridor_centre_americain / musique : María Tecún
  breakdown / opposition / guatemala_corridor_centre_americain / opinions_editoriaux : Ixchel Xajil
  breakdown / opposition / guatemala_corridor_centre_americain / petites_annonces_services : Mateo Cutzal
  breakdown / opposition / guatemala_corridor_centre_americain / politique : Ixchel Xajil
  breakdown / opposition / guatemala_corridor_centre_americain / religion_spiritualite : María Tecún
  breakdown / opposition / guatemala_corridor_centre_americain / sante : Rosa Choc
  breakdown / opposition / guatemala_corridor_centre_americain / sciences_technologies : Esteban Ajpacajá
  breakdown / opposition / guatemala_corridor_centre_americain / societe : Rosa Choc
  breakdown / opposition / guatemala_corridor_centre_americain / sports : Jorge Ixcot
  breakdown / opposition / haiti_territoire_sinistre / culture : Marlène Célestin
  breakdown / opposition / haiti_territoire_sinistre / economie_finance : Widlore Saint-Fleur
  breakdown / opposition / haiti_territoire_sinistre / education : Nadine Pierre-Louis
  breakdown / opposition / haiti_territoire_sinistre / environnement_climat : Widlore Saint-Fleur
  breakdown / opposition / haiti_territoire_sinistre / histoire_patrimoine : Marlène Célestin
  breakdown / opposition / haiti_territoire_sinistre / international : Frantz Dorélien
  breakdown / opposition / haiti_territoire_sinistre / lifestyle_art_de_vivre : Marlène Célestin
  breakdown / opposition / haiti_territoire_sinistre / medias_communication : Frantz Dorélien
  breakdown / opposition / haiti_territoire_sinistre / meteo : Widlore Saint-Fleur
  breakdown / opposition / haiti_territoire_sinistre / musique : Marlène Célestin
  breakdown / opposition / haiti_territoire_sinistre / opinions_editoriaux : Rosemène Laguerre
  breakdown / opposition / haiti_territoire_sinistre / petites_annonces_services : Nadine Pierre-Louis
  breakdown / opposition / haiti_territoire_sinistre / politique : Frantz Dorélien
  breakdown / opposition / haiti_territoire_sinistre / religion_spiritualite : Nadine Pierre-Louis
  breakdown / opposition / haiti_territoire_sinistre / sante : Nadine Pierre-Louis
  breakdown / opposition / haiti_territoire_sinistre / sciences_technologies : Widlore Saint-Fleur
  breakdown / opposition / haiti_territoire_sinistre / sports : Garry Étienne
  breakdown / opposition / himalaya_nepal_autonome / actualites_a_la_une : Sushila Tamang
  breakdown / opposition / himalaya_nepal_autonome / culture : Lhakpa Lama
  breakdown / opposition / himalaya_nepal_autonome / economie_finance : Pemba Sherpa
  breakdown / opposition / himalaya_nepal_autonome / education : Bikash Rai
  breakdown / opposition / himalaya_nepal_autonome / environnement_climat : Nima Dolma Gurung
  breakdown / opposition / himalaya_nepal_autonome / faits_divers : Milan Karki
  breakdown / opposition / himalaya_nepal_autonome / histoire_patrimoine : Lhakpa Lama
  breakdown / opposition / himalaya_nepal_autonome / international : Milan Karki
  breakdown / opposition / himalaya_nepal_autonome / lifestyle_art_de_vivre : Milan Karki
  breakdown / opposition / himalaya_nepal_autonome / medias_communication : Pemba Sherpa
  breakdown / opposition / himalaya_nepal_autonome / meteo : Nima Dolma Gurung
  breakdown / opposition / himalaya_nepal_autonome / musique : Lhakpa Lama
  breakdown / opposition / himalaya_nepal_autonome / opinions_editoriaux : Sushila Tamang
  breakdown / opposition / himalaya_nepal_autonome / petites_annonces_services : Bikash Rai
  breakdown / opposition / himalaya_nepal_autonome / politique : Sushila Tamang
  breakdown / opposition / himalaya_nepal_autonome / religion_spiritualite : Lhakpa Lama
  breakdown / opposition / himalaya_nepal_autonome / sante : Nima Dolma Gurung
  breakdown / opposition / himalaya_nepal_autonome / sciences_technologies : Pemba Sherpa
  breakdown / opposition / himalaya_nepal_autonome / societe : Bikash Rai
  breakdown / opposition / himalaya_nepal_autonome / sports : Milan Karki
  breakdown / opposition / honduras_territoire_dispute / actualites_a_la_une : Ana Zúniga
  breakdown / opposition / honduras_territoire_dispute / culture : Leticia Larios
  breakdown / opposition / honduras_territoire_dispute / economie_finance : Wilmer Mejía
  breakdown / opposition / honduras_territoire_dispute / education : Óscar Banegas
  breakdown / opposition / honduras_territoire_dispute / environnement_climat : Suyapa Barahona
  breakdown / opposition / honduras_territoire_dispute / faits_divers : Bayron Amaya
  breakdown / opposition / honduras_territoire_dispute / histoire_patrimoine : Leticia Larios
  breakdown / opposition / honduras_territoire_dispute / international : Ana Zúniga
  breakdown / opposition / honduras_territoire_dispute / lifestyle_art_de_vivre : Bayron Amaya
  breakdown / opposition / honduras_territoire_dispute / medias_communication : Óscar Banegas
  breakdown / opposition / honduras_territoire_dispute / meteo : Wilmer Mejía
  breakdown / opposition / honduras_territoire_dispute / musique : Leticia Larios
  breakdown / opposition / honduras_territoire_dispute / opinions_editoriaux : Ana Zúniga
  breakdown / opposition / honduras_territoire_dispute / petites_annonces_services : Wilmer Mejía
  breakdown / opposition / honduras_territoire_dispute / politique : Ana Zúniga
  breakdown / opposition / honduras_territoire_dispute / religion_spiritualite : Leticia Larios
  breakdown / opposition / honduras_territoire_dispute / sante : Suyapa Barahona
  breakdown / opposition / honduras_territoire_dispute / sciences_technologies : Óscar Banegas
  breakdown / opposition / honduras_territoire_dispute / societe : Suyapa Barahona
  breakdown / opposition / honduras_territoire_dispute / sports : Bayron Amaya
  breakdown / opposition / inde_sous_continent_resilient / actualites_a_la_une : Asha Menon
  breakdown / opposition / inde_sous_continent_resilient / culture : Tsering Dorjee
  breakdown / opposition / inde_sous_continent_resilient / economie_finance : Imran Qureshi
  breakdown / opposition / inde_sous_continent_resilient / education : Lakshmi Bose
  breakdown / opposition / inde_sous_continent_resilient / environnement_climat : Imran Qureshi
  breakdown / opposition / inde_sous_continent_resilient / faits_divers : Arjun Meitei
  breakdown / opposition / inde_sous_continent_resilient / histoire_patrimoine : Tsering Dorjee
  breakdown / opposition / inde_sous_continent_resilient / international : Arjun Meitei
  breakdown / opposition / inde_sous_continent_resilient / lifestyle_art_de_vivre : Pooja Nair
  breakdown / opposition / inde_sous_continent_resilient / medias_communication : Arjun Meitei
  breakdown / opposition / inde_sous_continent_resilient / meteo : Pooja Nair
  breakdown / opposition / inde_sous_continent_resilient / musique : Tsering Dorjee
  breakdown / opposition / inde_sous_continent_resilient / opinions_editoriaux : Asha Menon
  breakdown / opposition / inde_sous_continent_resilient / petites_annonces_services : Pooja Nair
  breakdown / opposition / inde_sous_continent_resilient / politique : Asha Menon
  breakdown / opposition / inde_sous_continent_resilient / religion_spiritualite : Tsering Dorjee
  breakdown / opposition / inde_sous_continent_resilient / sante : Lakshmi Bose
  breakdown / opposition / inde_sous_continent_resilient / sciences_technologies : Imran Qureshi
  breakdown / opposition / inde_sous_continent_resilient / societe : Lakshmi Bose
  breakdown / opposition / inde_sous_continent_resilient / sports : Pooja Nair
  breakdown / opposition / jamaique_hub_caraibes / actualites_a_la_une : Marcia Campbell
  breakdown / opposition / jamaique_hub_caraibes / culture : Shanice Walters
  breakdown / opposition / jamaique_hub_caraibes / economie_finance : Devon McKenzie
  breakdown / opposition / jamaique_hub_caraibes / education : Omar Nembhard
  breakdown / opposition / jamaique_hub_caraibes / environnement_climat : Latoya Reid
  breakdown / opposition / jamaique_hub_caraibes / faits_divers : Andre Blake
  breakdown / opposition / jamaique_hub_caraibes / histoire_patrimoine : Shanice Walters
  breakdown / opposition / jamaique_hub_caraibes / international : Marcia Campbell
  breakdown / opposition / jamaique_hub_caraibes / lifestyle_art_de_vivre : Andre Blake
  breakdown / opposition / jamaique_hub_caraibes / medias_communication : Omar Nembhard
  breakdown / opposition / jamaique_hub_caraibes / meteo : Devon McKenzie
  breakdown / opposition / jamaique_hub_caraibes / musique : Shanice Walters
  breakdown / opposition / jamaique_hub_caraibes / opinions_editoriaux : Marcia Campbell
  breakdown / opposition / jamaique_hub_caraibes / petites_annonces_services : Devon McKenzie
  breakdown / opposition / jamaique_hub_caraibes / politique : Marcia Campbell
  breakdown / opposition / jamaique_hub_caraibes / religion_spiritualite : Shanice Walters
  breakdown / opposition / jamaique_hub_caraibes / sante : Latoya Reid
  breakdown / opposition / jamaique_hub_caraibes / sciences_technologies : Omar Nembhard
  breakdown / opposition / jamaique_hub_caraibes / societe : Latoya Reid
  breakdown / opposition / jamaique_hub_caraibes / sports : Andre Blake
  breakdown / opposition / madagascar_ile_resiliente / actualites_a_la_une : Hanta Rakotomalala
  breakdown / opposition / madagascar_ile_resiliente / culture : Voahirana Ratsimbazafy
  breakdown / opposition / madagascar_ile_resiliente / economie_finance : Tovoniaina Randrianarisoa
  breakdown / opposition / madagascar_ile_resiliente / education : Faly Andriamihaja
  breakdown / opposition / madagascar_ile_resiliente / environnement_climat : Miora Raveloson
  breakdown / opposition / madagascar_ile_resiliente / faits_divers : Lova Razafindrakoto
  breakdown / opposition / madagascar_ile_resiliente / histoire_patrimoine : Voahirana Ratsimbazafy
  breakdown / opposition / madagascar_ile_resiliente / international : Hanta Rakotomalala
  breakdown / opposition / madagascar_ile_resiliente / lifestyle_art_de_vivre : Voahirana Ratsimbazafy
  breakdown / opposition / madagascar_ile_resiliente / medias_communication : Tovoniaina Randrianarisoa
  breakdown / opposition / madagascar_ile_resiliente / meteo : Miora Raveloson
  breakdown / opposition / madagascar_ile_resiliente / musique : Voahirana Ratsimbazafy
  breakdown / opposition / madagascar_ile_resiliente / opinions_editoriaux : Hanta Rakotomalala
  breakdown / opposition / madagascar_ile_resiliente / petites_annonces_services : Lova Razafindrakoto
  breakdown / opposition / madagascar_ile_resiliente / politique : Hanta Rakotomalala
  breakdown / opposition / madagascar_ile_resiliente / religion_spiritualite : Faly Andriamihaja
  breakdown / opposition / madagascar_ile_resiliente / sante : Miora Raveloson
  breakdown / opposition / madagascar_ile_resiliente / sciences_technologies : Tovoniaina Randrianarisoa
  breakdown / opposition / madagascar_ile_resiliente / societe : Faly Andriamihaja
  breakdown / opposition / madagascar_ile_resiliente / sports : Lova Razafindrakoto
  breakdown / opposition / maurice_hub_financier / actualites_a_la_une : Anjali Ramgoolam
  breakdown / opposition / maurice_hub_financier / culture : Asha Bundhoo
  breakdown / opposition / maurice_hub_financier / economie_finance : Kavi Bhoyroo
  breakdown / opposition / maurice_hub_financier / education : Mélissa Jean-Louis
  breakdown / opposition / maurice_hub_financier / environnement_climat : Noorani Peerbux
  breakdown / opposition / maurice_hub_financier / faits_divers : Ravi Teeluck
  breakdown / opposition / maurice_hub_financier / histoire_patrimoine : Asha Bundhoo
  breakdown / opposition / maurice_hub_financier / international : Anjali Ramgoolam
  breakdown / opposition / maurice_hub_financier / lifestyle_art_de_vivre : Asha Bundhoo
  breakdown / opposition / maurice_hub_financier / medias_communication : Kavi Bhoyroo
  breakdown / opposition / maurice_hub_financier / meteo : Noorani Peerbux
  breakdown / opposition / maurice_hub_financier / musique : Asha Bundhoo
  breakdown / opposition / maurice_hub_financier / opinions_editoriaux : Anjali Ramgoolam
  breakdown / opposition / maurice_hub_financier / petites_annonces_services : Ravi Teeluck
  breakdown / opposition / maurice_hub_financier / politique : Anjali Ramgoolam
  breakdown / opposition / maurice_hub_financier / religion_spiritualite : Mélissa Jean-Louis
  breakdown / opposition / maurice_hub_financier / sante : Noorani Peerbux
  breakdown / opposition / maurice_hub_financier / sciences_technologies : Kavi Bhoyroo
  breakdown / opposition / maurice_hub_financier / societe : Mélissa Jean-Louis
  breakdown / opposition / maurice_hub_financier / sports : Ravi Teeluck
  breakdown / opposition / melanesie_insulaire / actualites_a_la_une : Mereoni Naleba
  breakdown / opposition / melanesie_insulaire / culture : Isikeli Vira
  breakdown / opposition / melanesie_insulaire / economie_finance : Jonah Walegerea
  breakdown / opposition / melanesie_insulaire / education : Serah Kila
  breakdown / opposition / melanesie_insulaire / environnement_climat : Jonah Walegerea
  breakdown / opposition / melanesie_insulaire / faits_divers : Gideon Tavuli
  breakdown / opposition / melanesie_insulaire / histoire_patrimoine : Isikeli Vira
  breakdown / opposition / melanesie_insulaire / international : Yvette Boengkih
  breakdown / opposition / melanesie_insulaire / lifestyle_art_de_vivre : Gideon Tavuli
  breakdown / opposition / melanesie_insulaire / medias_communication : Yvette Boengkih
  breakdown / opposition / melanesie_insulaire / meteo : Gideon Tavuli
  breakdown / opposition / melanesie_insulaire / musique : Isikeli Vira
  breakdown / opposition / melanesie_insulaire / opinions_editoriaux : Mereoni Naleba
  breakdown / opposition / melanesie_insulaire / petites_annonces_services : Serah Kila
  breakdown / opposition / melanesie_insulaire / politique : Mereoni Naleba
  breakdown / opposition / melanesie_insulaire / religion_spiritualite : Isikeli Vira
  breakdown / opposition / melanesie_insulaire / sante : Serah Kila
  breakdown / opposition / melanesie_insulaire / sciences_technologies : Jonah Walegerea
  breakdown / opposition / melanesie_insulaire / societe : Serah Kila
  breakdown / opposition / melanesie_insulaire / sports : Gideon Tavuli
  breakdown / opposition / micronesie_pacifique_central / actualites_a_la_une : Lani Welle
  breakdown / opposition / micronesie_pacifique_central / culture : Teresia Taulung
  breakdown / opposition / micronesie_pacifique_central / economie_finance : Ioanis Aisek
  breakdown / opposition / micronesie_pacifique_central / education : Anjain Liktanur
  breakdown / opposition / micronesie_pacifique_central / environnement_climat : Ioanis Aisek
  breakdown / opposition / micronesie_pacifique_central / faits_divers : Bweremwot Neth
  breakdown / opposition / micronesie_pacifique_central / histoire_patrimoine : Teresia Taulung
  breakdown / opposition / micronesie_pacifique_central / international : Kintaro Panuelo
  breakdown / opposition / micronesie_pacifique_central / lifestyle_art_de_vivre : Bweremwot Neth
  breakdown / opposition / micronesie_pacifique_central / medias_communication : Kintaro Panuelo
  breakdown / opposition / micronesie_pacifique_central / meteo : Bweremwot Neth
  breakdown / opposition / micronesie_pacifique_central / musique : Teresia Taulung
  breakdown / opposition / micronesie_pacifique_central / opinions_editoriaux : Lani Welle
  breakdown / opposition / micronesie_pacifique_central / petites_annonces_services : Anjain Liktanur
  breakdown / opposition / micronesie_pacifique_central / politique : Lani Welle
  breakdown / opposition / micronesie_pacifique_central / religion_spiritualite : Teresia Taulung
  breakdown / opposition / micronesie_pacifique_central / sante : Anjain Liktanur
  breakdown / opposition / micronesie_pacifique_central / sciences_technologies : Ioanis Aisek
  breakdown / opposition / micronesie_pacifique_central / societe : Anjain Liktanur
  breakdown / opposition / micronesie_pacifique_central / sports : Bweremwot Neth
  breakdown / opposition / nordeste_bresil_frente / actualites_a_la_une : Maria do Socorro Silva
  breakdown / opposition / nordeste_bresil_frente / culture : Josefa Bezerra dos Santos
  breakdown / opposition / nordeste_bresil_frente / economie_finance : Tadeu Jacinto do Sertão
  breakdown / opposition / nordeste_bresil_frente / education : Cosme Damião das Queimadas
  breakdown / opposition / nordeste_bresil_frente / environnement_climat : Cícera Gomes de Lima
  breakdown / opposition / nordeste_bresil_frente / faits_divers : Antônio Dantas Pereira
  breakdown / opposition / nordeste_bresil_frente / histoire_patrimoine : Josefa Bezerra dos Santos
  breakdown / opposition / nordeste_bresil_frente / international : Maria do Socorro Silva
  breakdown / opposition / nordeste_bresil_frente / lifestyle_art_de_vivre : Antônio Dantas Pereira
  breakdown / opposition / nordeste_bresil_frente / medias_communication : Tadeu Jacinto do Sertão
  breakdown / opposition / nordeste_bresil_frente / meteo : Cícera Gomes de Lima
  breakdown / opposition / nordeste_bresil_frente / musique : Josefa Bezerra dos Santos
  breakdown / opposition / nordeste_bresil_frente / opinions_editoriaux : Maria do Socorro Silva
  breakdown / opposition / nordeste_bresil_frente / petites_annonces_services : Antônio Dantas Pereira
  breakdown / opposition / nordeste_bresil_frente / politique : Maria do Socorro Silva
  breakdown / opposition / nordeste_bresil_frente / religion_spiritualite : Cosme Damião das Queimadas
  breakdown / opposition / nordeste_bresil_frente / sante : Cícera Gomes de Lima
  breakdown / opposition / nordeste_bresil_frente / sciences_technologies : Tadeu Jacinto do Sertão
  breakdown / opposition / nordeste_bresil_frente / societe : Cosme Damião das Queimadas
  breakdown / opposition / nordeste_bresil_frente / sports : Antônio Dantas Pereira
  breakdown / opposition / nouvelle_zelande_archipel_pacifique / actualites_a_la_une : Mereana Rangi
  breakdown / opposition / nouvelle_zelande_archipel_pacifique / culture : Moana McKenzie
  breakdown / opposition / nouvelle_zelande_archipel_pacifique / economie_finance : Tama Rāwiri
  breakdown / opposition / nouvelle_zelande_archipel_pacifique / education : Hemi Kaur
  breakdown / opposition / nouvelle_zelande_archipel_pacifique / environnement_climat : Anahera Faumuina
  breakdown / opposition / nouvelle_zelande_archipel_pacifique / faits_divers : Tane Liu
  breakdown / opposition / nouvelle_zelande_archipel_pacifique / histoire_patrimoine : Moana McKenzie
  breakdown / opposition / nouvelle_zelande_archipel_pacifique / international : Tane Liu
  breakdown / opposition / nouvelle_zelande_archipel_pacifique / lifestyle_art_de_vivre : Tane Liu
  breakdown / opposition / nouvelle_zelande_archipel_pacifique / medias_communication : Tama Rāwiri
  breakdown / opposition / nouvelle_zelande_archipel_pacifique / meteo : Anahera Faumuina
  breakdown / opposition / nouvelle_zelande_archipel_pacifique / musique : Moana McKenzie
  breakdown / opposition / nouvelle_zelande_archipel_pacifique / opinions_editoriaux : Mereana Rangi
  breakdown / opposition / nouvelle_zelande_archipel_pacifique / petites_annonces_services : Hemi Kaur
  breakdown / opposition / nouvelle_zelande_archipel_pacifique / politique : Mereana Rangi
  breakdown / opposition / nouvelle_zelande_archipel_pacifique / religion_spiritualite : Moana McKenzie
  breakdown / opposition / nouvelle_zelande_archipel_pacifique / sante : Anahera Faumuina
  breakdown / opposition / nouvelle_zelande_archipel_pacifique / sciences_technologies : Tama Rāwiri
  breakdown / opposition / nouvelle_zelande_archipel_pacifique / societe : Hemi Kaur
  breakdown / opposition / nouvelle_zelande_archipel_pacifique / sports : Tane Liu
  breakdown / opposition / polynesie_centrale / actualites_a_la_une : Hina Teriitahi
  breakdown / opposition / polynesie_centrale / culture : Raukura Taumoana
  breakdown / opposition / polynesie_centrale / economie_finance : Teva Amaru
  breakdown / opposition / polynesie_centrale / education : Vaitiare Paofai
  breakdown / opposition / polynesie_centrale / environnement_climat : Teva Amaru
  breakdown / opposition / polynesie_centrale / faits_divers : Tuihana Fanaura
  breakdown / opposition / polynesie_centrale / histoire_patrimoine : Raukura Taumoana
  breakdown / opposition / polynesie_centrale / international : Arihau Tefaatau
  breakdown / opposition / polynesie_centrale / lifestyle_art_de_vivre : Tuihana Fanaura
  breakdown / opposition / polynesie_centrale / medias_communication : Arihau Tefaatau
  breakdown / opposition / polynesie_centrale / meteo : Tuihana Fanaura
  breakdown / opposition / polynesie_centrale / musique : Raukura Taumoana
  breakdown / opposition / polynesie_centrale / opinions_editoriaux : Hina Teriitahi
  breakdown / opposition / polynesie_centrale / petites_annonces_services : Vaitiare Paofai
  breakdown / opposition / polynesie_centrale / politique : Hina Teriitahi
  breakdown / opposition / polynesie_centrale / religion_spiritualite : Raukura Taumoana
  breakdown / opposition / polynesie_centrale / sante : Vaitiare Paofai
  breakdown / opposition / polynesie_centrale / sciences_technologies : Teva Amaru
  breakdown / opposition / polynesie_centrale / societe : Vaitiare Paofai
  breakdown / opposition / polynesie_centrale / sports : Tuihana Fanaura
  breakdown / opposition / republicque_dominicaine_etat_frontalier / culture : Luz Marina Cepeda
  breakdown / opposition / republicque_dominicaine_etat_frontalier / economie_finance : Rafael de la Cruz Mota
  breakdown / opposition / republicque_dominicaine_etat_frontalier / education : Yocasta Paredes Mejía
  breakdown / opposition / republicque_dominicaine_etat_frontalier / environnement_climat : Emilio Santana Báez
  breakdown / opposition / republicque_dominicaine_etat_frontalier / histoire_patrimoine : Luz Marina Cepeda
  breakdown / opposition / republicque_dominicaine_etat_frontalier / international : Altagracia Núñez Rosario
  breakdown / opposition / republicque_dominicaine_etat_frontalier / lifestyle_art_de_vivre : Luz Marina Cepeda
  breakdown / opposition / republicque_dominicaine_etat_frontalier / medias_communication : Rafael de la Cruz Mota
  breakdown / opposition / republicque_dominicaine_etat_frontalier / meteo : Emilio Santana Báez
  breakdown / opposition / republicque_dominicaine_etat_frontalier / musique : Luz Marina Cepeda
  breakdown / opposition / republicque_dominicaine_etat_frontalier / opinions_editoriaux : Altagracia Núñez Rosario
  breakdown / opposition / republicque_dominicaine_etat_frontalier / petites_annonces_services : Rafael de la Cruz Mota
  breakdown / opposition / republicque_dominicaine_etat_frontalier / politique : Altagracia Núñez Rosario
  breakdown / opposition / republicque_dominicaine_etat_frontalier / religion_spiritualite : Yocasta Paredes Mejía
  breakdown / opposition / republicque_dominicaine_etat_frontalier / sante : Yocasta Paredes Mejía
  breakdown / opposition / republicque_dominicaine_etat_frontalier / sciences_technologies : Emilio Santana Báez
  breakdown / opposition / republicque_dominicaine_etat_frontalier / sports : Kelvin Tavárez Peña
  breakdown / opposition / salvador_enclave_resistante / actualites_a_la_une : María José Escobar
  breakdown / opposition / salvador_enclave_resistante / culture : Nelson Antonio Guardado
  breakdown / opposition / salvador_enclave_resistante / economie_finance : Carlos Ernesto Lemus
  breakdown / opposition / salvador_enclave_resistante / education : Ana Guadalupe Cañas
  breakdown / opposition / salvador_enclave_resistante / environnement_climat : Roxana Beatriz Aguilar
  breakdown / opposition / salvador_enclave_resistante / faits_divers : Óscar Mauricio Mejía
  breakdown / opposition / salvador_enclave_resistante / histoire_patrimoine : Roxana Beatriz Aguilar
  breakdown / opposition / salvador_enclave_resistante / international : Carlos Ernesto Lemus
  breakdown / opposition / salvador_enclave_resistante / lifestyle_art_de_vivre : Nelson Antonio Guardado
  breakdown / opposition / salvador_enclave_resistante / medias_communication : María José Escobar
  breakdown / opposition / salvador_enclave_resistante / meteo : Óscar Mauricio Mejía
  breakdown / opposition / salvador_enclave_resistante / musique : Nelson Antonio Guardado
  breakdown / opposition / salvador_enclave_resistante / opinions_editoriaux : María José Escobar
  breakdown / opposition / salvador_enclave_resistante / petites_annonces_services : Carlos Ernesto Lemus
  breakdown / opposition / salvador_enclave_resistante / politique : María José Escobar
  breakdown / opposition / salvador_enclave_resistante / religion_spiritualite : Ana Guadalupe Cañas
  breakdown / opposition / salvador_enclave_resistante / sante : Ana Guadalupe Cañas
  breakdown / opposition / salvador_enclave_resistante / sciences_technologies : Roxana Beatriz Aguilar
  breakdown / opposition / salvador_enclave_resistante / societe : Ana Guadalupe Cañas
  breakdown / opposition / salvador_enclave_resistante / sports : Óscar Mauricio Mejía
  breakdown / opposition / venezuela_archipel_petrolier / actualites_a_la_une : María Fernanda Rojas
  breakdown / opposition / venezuela_archipel_petrolier / culture : Ana Karina Montilla
  breakdown / opposition / venezuela_archipel_petrolier / economie_finance : José Gregorio Araujo
  breakdown / opposition / venezuela_archipel_petrolier / education : Yuleima Hernández
  breakdown / opposition / venezuela_archipel_petrolier / environnement_climat : José Gregorio Araujo
  breakdown / opposition / venezuela_archipel_petrolier / faits_divers : Carlos Eduardo Figueroa
  breakdown / opposition / venezuela_archipel_petrolier / histoire_patrimoine : Ana Karina Montilla
  breakdown / opposition / venezuela_archipel_petrolier / international : Carlos Eduardo Figueroa
  breakdown / opposition / venezuela_archipel_petrolier / lifestyle_art_de_vivre : Rafael Cedeño
  breakdown / opposition / venezuela_archipel_petrolier / medias_communication : Carlos Eduardo Figueroa
  breakdown / opposition / venezuela_archipel_petrolier / meteo : Rafael Cedeño
  breakdown / opposition / venezuela_archipel_petrolier / musique : Ana Karina Montilla
  breakdown / opposition / venezuela_archipel_petrolier / opinions_editoriaux : María Fernanda Rojas
  breakdown / opposition / venezuela_archipel_petrolier / petites_annonces_services : Rafael Cedeño
  breakdown / opposition / venezuela_archipel_petrolier / politique : María Fernanda Rojas
  breakdown / opposition / venezuela_archipel_petrolier / religion_spiritualite : Ana Karina Montilla
  breakdown / opposition / venezuela_archipel_petrolier / sante : Yuleima Hernández
  breakdown / opposition / venezuela_archipel_petrolier / sciences_technologies : José Gregorio Araujo
  breakdown / opposition / venezuela_archipel_petrolier / societe : Yuleima Hernández
  breakdown / opposition / venezuela_archipel_petrolier / sports : Rafael Cedeño
  breakdown / opposition / zone_golfe_levant / actualites_a_la_une : Layla al-Khatib
  breakdown / opposition / zone_golfe_levant / culture : Noa Ben-Ami
  breakdown / opposition / zone_golfe_levant / economie_finance : Kamal Rostami
  breakdown / opposition / zone_golfe_levant / education : Yousef Mansour
  breakdown / opposition / zone_golfe_levant / environnement_climat : Mariam Haddad
  breakdown / opposition / zone_golfe_levant / faits_divers : Hussein al-Najjar
  breakdown / opposition / zone_golfe_levant / histoire_patrimoine : Noa Ben-Ami
  breakdown / opposition / zone_golfe_levant / international : Layla al-Khatib
  breakdown / opposition / zone_golfe_levant / lifestyle_art_de_vivre : Hussein al-Najjar
  breakdown / opposition / zone_golfe_levant / medias_communication : Kamal Rostami
  breakdown / opposition / zone_golfe_levant / meteo : Mariam Haddad
  breakdown / opposition / zone_golfe_levant / musique : Noa Ben-Ami
  breakdown / opposition / zone_golfe_levant / opinions_editoriaux : Layla al-Khatib
  breakdown / opposition / zone_golfe_levant / petites_annonces_services : Hussein al-Najjar
  breakdown / opposition / zone_golfe_levant / politique : Layla al-Khatib
  breakdown / opposition / zone_golfe_levant / religion_spiritualite : Yousef Mansour
  breakdown / opposition / zone_golfe_levant / sante : Mariam Haddad
  breakdown / opposition / zone_golfe_levant / sciences_technologies : Kamal Rostami
  breakdown / opposition / zone_golfe_levant / societe : Yousef Mansour
  breakdown / opposition / zone_golfe_levant / sports : Hussein al-Najjar
  breakdown / pro_pouvoir / afrique_centrale_australe / culture : Thabo Maseko
  breakdown / pro_pouvoir / afrique_centrale_australe / economie_finance : Jean-Bosco Ndayishimiye
  breakdown / pro_pouvoir / afrique_centrale_australe / education : Patientia Kanku
  breakdown / pro_pouvoir / afrique_centrale_australe / environnement_climat : Chipo Ndlovu
  breakdown / pro_pouvoir / afrique_centrale_australe / faits_divers : Aline Uwimana
  breakdown / pro_pouvoir / afrique_centrale_australe / histoire_patrimoine : Thabo Maseko
  breakdown / pro_pouvoir / afrique_centrale_australe / international : Mireille Mbuyi-Kabamba
  breakdown / pro_pouvoir / afrique_centrale_australe / lifestyle_art_de_vivre : Thabo Maseko
  breakdown / pro_pouvoir / afrique_centrale_australe / medias_communication : Jean-Bosco Ndayishimiye
  breakdown / pro_pouvoir / afrique_centrale_australe / meteo : Chipo Ndlovu
  breakdown / pro_pouvoir / afrique_centrale_australe / musique : Thabo Maseko
  breakdown / pro_pouvoir / afrique_centrale_australe / opinions_editoriaux : Mireille Mbuyi-Kabamba
  breakdown / pro_pouvoir / afrique_centrale_australe / petites_annonces_services : Patientia Kanku
  breakdown / pro_pouvoir / afrique_centrale_australe / politique : Mireille Mbuyi-Kabamba
  breakdown / pro_pouvoir / afrique_centrale_australe / religion_spiritualite : Patientia Kanku
  breakdown / pro_pouvoir / afrique_centrale_australe / sante : Chipo Ndlovu
  breakdown / pro_pouvoir / afrique_centrale_australe / sciences_technologies : Jean-Bosco Ndayishimiye
  breakdown / pro_pouvoir / afrique_centrale_australe / societe : Patientia Kanku
  breakdown / pro_pouvoir / afrique_centrale_australe / sports : Aline Uwimana
  breakdown / pro_pouvoir / afrique_de_louest_lagos_sahel / culture : Oumou Traoré
  breakdown / pro_pouvoir / afrique_de_louest_lagos_sahel / economie_finance : Chidi Okonkwo
  breakdown / pro_pouvoir / afrique_de_louest_lagos_sahel / education : Mariamou Cissé
  breakdown / pro_pouvoir / afrique_de_louest_lagos_sahel / environnement_climat : Aminu Garba
  breakdown / pro_pouvoir / afrique_de_louest_lagos_sahel / faits_divers : Tunde Balogun
  breakdown / pro_pouvoir / afrique_de_louest_lagos_sahel / histoire_patrimoine : Oumou Traoré
  breakdown / pro_pouvoir / afrique_de_louest_lagos_sahel / international : Yetunde Adebayo
  breakdown / pro_pouvoir / afrique_de_louest_lagos_sahel / lifestyle_art_de_vivre : Oumou Traoré
  breakdown / pro_pouvoir / afrique_de_louest_lagos_sahel / medias_communication : Chidi Okonkwo
  breakdown / pro_pouvoir / afrique_de_louest_lagos_sahel / meteo : Aminu Garba
  breakdown / pro_pouvoir / afrique_de_louest_lagos_sahel / musique : Oumou Traoré
  breakdown / pro_pouvoir / afrique_de_louest_lagos_sahel / opinions_editoriaux : Yetunde Adebayo
  breakdown / pro_pouvoir / afrique_de_louest_lagos_sahel / petites_annonces_services : Mariamou Cissé
  breakdown / pro_pouvoir / afrique_de_louest_lagos_sahel / politique : Yetunde Adebayo
  breakdown / pro_pouvoir / afrique_de_louest_lagos_sahel / religion_spiritualite : Mariamou Cissé
  breakdown / pro_pouvoir / afrique_de_louest_lagos_sahel / sante : Aminu Garba
  breakdown / pro_pouvoir / afrique_de_louest_lagos_sahel / sciences_technologies : Chidi Okonkwo
  breakdown / pro_pouvoir / afrique_de_louest_lagos_sahel / societe : Mariamou Cissé
  breakdown / pro_pouvoir / afrique_de_louest_lagos_sahel / sports : Tunde Balogun
  breakdown / pro_pouvoir / amazon_pacte_gardiens / culture : Aritana Ye’kwana
  breakdown / pro_pouvoir / amazon_pacte_gardiens / economie_finance : Raimundo Tukano
  breakdown / pro_pouvoir / amazon_pacte_gardiens / education : Joana Yawanawá
  breakdown / pro_pouvoir / amazon_pacte_gardiens / environnement_climat : Iracema Sateré-Mawé
  breakdown / pro_pouvoir / amazon_pacte_gardiens / faits_divers : Bruno Aranha Costa
  breakdown / pro_pouvoir / amazon_pacte_gardiens / histoire_patrimoine : Aritana Ye’kwana
  breakdown / pro_pouvoir / amazon_pacte_gardiens / international : Camila de Souza Pimentel
  breakdown / pro_pouvoir / amazon_pacte_gardiens / lifestyle_art_de_vivre : Aritana Ye’kwana
  breakdown / pro_pouvoir / amazon_pacte_gardiens / medias_communication : Raimundo Tukano
  breakdown / pro_pouvoir / amazon_pacte_gardiens / meteo : Iracema Sateré-Mawé
  breakdown / pro_pouvoir / amazon_pacte_gardiens / musique : Aritana Ye’kwana
  breakdown / pro_pouvoir / amazon_pacte_gardiens / opinions_editoriaux : Camila de Souza Pimentel
  breakdown / pro_pouvoir / amazon_pacte_gardiens / petites_annonces_services : Joana Yawanawá
  breakdown / pro_pouvoir / amazon_pacte_gardiens / politique : Camila de Souza Pimentel
  breakdown / pro_pouvoir / amazon_pacte_gardiens / religion_spiritualite : Joana Yawanawá
  breakdown / pro_pouvoir / amazon_pacte_gardiens / sante : Iracema Sateré-Mawé
  breakdown / pro_pouvoir / amazon_pacte_gardiens / sciences_technologies : Raimundo Tukano
  breakdown / pro_pouvoir / amazon_pacte_gardiens / societe : Joana Yawanawá
  breakdown / pro_pouvoir / amazon_pacte_gardiens / sports : Bruno Aranha Costa
  breakdown / pro_pouvoir / antilles_orientales_fragmentes / culture : Kévin Larcher
  breakdown / pro_pouvoir / antilles_orientales_fragmentes / economie_finance : Lucien Baptiste
  breakdown / pro_pouvoir / antilles_orientales_fragmentes / education : Janelle Joseph
  breakdown / pro_pouvoir / antilles_orientales_fragmentes / environnement_climat : Rosalie Charles
  breakdown / pro_pouvoir / antilles_orientales_fragmentes / faits_divers : Amélie Mondsir
  breakdown / pro_pouvoir / antilles_orientales_fragmentes / histoire_patrimoine : Janelle Joseph
  breakdown / pro_pouvoir / antilles_orientales_fragmentes / international : Mireille Alcindor
  breakdown / pro_pouvoir / antilles_orientales_fragmentes / lifestyle_art_de_vivre : Kévin Larcher
  breakdown / pro_pouvoir / antilles_orientales_fragmentes / medias_communication : Lucien Baptiste
  breakdown / pro_pouvoir / antilles_orientales_fragmentes / meteo : Rosalie Charles
  breakdown / pro_pouvoir / antilles_orientales_fragmentes / musique : Kévin Larcher
  breakdown / pro_pouvoir / antilles_orientales_fragmentes / opinions_editoriaux : Mireille Alcindor
  breakdown / pro_pouvoir / antilles_orientales_fragmentes / politique : Mireille Alcindor
  breakdown / pro_pouvoir / antilles_orientales_fragmentes / religion_spiritualite : Janelle Joseph
  breakdown / pro_pouvoir / antilles_orientales_fragmentes / sante : Rosalie Charles
  breakdown / pro_pouvoir / antilles_orientales_fragmentes / sciences_technologies : Lucien Baptiste
  breakdown / pro_pouvoir / antilles_orientales_fragmentes / sports : Kévin Larcher
  breakdown / pro_pouvoir / arc_eurasien_central / actualites_a_la_une : Nino Beridze
  breakdown / pro_pouvoir / arc_eurasien_central / culture : Anahit Petrosyan
  breakdown / pro_pouvoir / arc_eurasien_central / economie_finance : Timur Sadykov
  breakdown / pro_pouvoir / arc_eurasien_central / education : Askar Tulegenov
  breakdown / pro_pouvoir / arc_eurasien_central / environnement_climat : Leyla Mammadova
  breakdown / pro_pouvoir / arc_eurasien_central / faits_divers : Rustam Karimov
  breakdown / pro_pouvoir / arc_eurasien_central / histoire_patrimoine : Anahit Petrosyan
  breakdown / pro_pouvoir / arc_eurasien_central / international : Nino Beridze
  breakdown / pro_pouvoir / arc_eurasien_central / lifestyle_art_de_vivre : Rustam Karimov
  breakdown / pro_pouvoir / arc_eurasien_central / medias_communication : Timur Sadykov
  breakdown / pro_pouvoir / arc_eurasien_central / meteo : Leyla Mammadova
  breakdown / pro_pouvoir / arc_eurasien_central / musique : Anahit Petrosyan
  breakdown / pro_pouvoir / arc_eurasien_central / opinions_editoriaux : Nino Beridze
  breakdown / pro_pouvoir / arc_eurasien_central / petites_annonces_services : Timur Sadykov
  breakdown / pro_pouvoir / arc_eurasien_central / politique : Nino Beridze
  breakdown / pro_pouvoir / arc_eurasien_central / religion_spiritualite : Anahit Petrosyan
  breakdown / pro_pouvoir / arc_eurasien_central / sante : Askar Tulegenov
  breakdown / pro_pouvoir / arc_eurasien_central / sciences_technologies : Leyla Mammadova
  breakdown / pro_pouvoir / arc_eurasien_central / societe : Askar Tulegenov
  breakdown / pro_pouvoir / arc_eurasien_central / sports : Rustam Karimov
  breakdown / pro_pouvoir / arc_sahelo_mediterraneen / actualites_a_la_une : Aïcha Benyamina
  breakdown / pro_pouvoir / arc_sahelo_mediterraneen / culture : Fadimata Walet Oumar
  breakdown / pro_pouvoir / arc_sahelo_mediterraneen / economie_finance : Joan Miralles
  breakdown / pro_pouvoir / arc_sahelo_mediterraneen / education : Étienne Rouquette
  breakdown / pro_pouvoir / arc_sahelo_mediterraneen / environnement_climat : Mariama Traoré
  breakdown / pro_pouvoir / arc_sahelo_mediterraneen / faits_divers : Pere Vidal
  breakdown / pro_pouvoir / arc_sahelo_mediterraneen / histoire_patrimoine : Fadimata Walet Oumar
  breakdown / pro_pouvoir / arc_sahelo_mediterraneen / international : Aïcha Benyamina
  breakdown / pro_pouvoir / arc_sahelo_mediterraneen / lifestyle_art_de_vivre : Pere Vidal
  breakdown / pro_pouvoir / arc_sahelo_mediterraneen / medias_communication : Joan Miralles
  breakdown / pro_pouvoir / arc_sahelo_mediterraneen / meteo : Mariama Traoré
  breakdown / pro_pouvoir / arc_sahelo_mediterraneen / musique : Fadimata Walet Oumar
  breakdown / pro_pouvoir / arc_sahelo_mediterraneen / opinions_editoriaux : Aïcha Benyamina
  breakdown / pro_pouvoir / arc_sahelo_mediterraneen / petites_annonces_services : Joan Miralles
  breakdown / pro_pouvoir / arc_sahelo_mediterraneen / politique : Aïcha Benyamina
  breakdown / pro_pouvoir / arc_sahelo_mediterraneen / religion_spiritualite : Fadimata Walet Oumar
  breakdown / pro_pouvoir / arc_sahelo_mediterraneen / sante : Étienne Rouquette
  breakdown / pro_pouvoir / arc_sahelo_mediterraneen / sciences_technologies : Mariama Traoré
  breakdown / pro_pouvoir / arc_sahelo_mediterraneen / societe : Étienne Rouquette
  breakdown / pro_pouvoir / arc_sahelo_mediterraneen / sports : Pere Vidal
  breakdown / pro_pouvoir / archipel_anglo_celtique / actualites_a_la_une : Siobhán MacLeod
  breakdown / pro_pouvoir / archipel_anglo_celtique / culture : Eilidh MacDonald
  breakdown / pro_pouvoir / archipel_anglo_celtique / economie_finance : Rhys ap Gwilym
  breakdown / pro_pouvoir / archipel_anglo_celtique / education : Farah Qureshi
  breakdown / pro_pouvoir / archipel_anglo_celtique / environnement_climat : Rhys ap Gwilym
  breakdown / pro_pouvoir / archipel_anglo_celtique / faits_divers : Ciarán O'Neill
  breakdown / pro_pouvoir / archipel_anglo_celtique / histoire_patrimoine : Eilidh MacDonald
  breakdown / pro_pouvoir / archipel_anglo_celtique / international : Siobhán MacLeod
  breakdown / pro_pouvoir / archipel_anglo_celtique / lifestyle_art_de_vivre : Nia Morgan
  breakdown / pro_pouvoir / archipel_anglo_celtique / medias_communication : Ciarán O'Neill
  breakdown / pro_pouvoir / archipel_anglo_celtique / meteo : Rhys ap Gwilym
  breakdown / pro_pouvoir / archipel_anglo_celtique / musique : Eilidh MacDonald
  breakdown / pro_pouvoir / archipel_anglo_celtique / opinions_editoriaux : Siobhán MacLeod
  breakdown / pro_pouvoir / archipel_anglo_celtique / politique : Siobhán MacLeod
  breakdown / pro_pouvoir / archipel_anglo_celtique / religion_spiritualite : Eilidh MacDonald
  breakdown / pro_pouvoir / archipel_anglo_celtique / sante : Farah Qureshi
  breakdown / pro_pouvoir / archipel_anglo_celtique / sciences_technologies : Rhys ap Gwilym
  breakdown / pro_pouvoir / archipel_anglo_celtique / sports : Ciarán O'Neill
  breakdown / pro_pouvoir / archipel_comores_autonome / actualites_a_la_une : Ahamada Soilihi
  breakdown / pro_pouvoir / archipel_comores_autonome / culture : Nassur Ali
  breakdown / pro_pouvoir / archipel_comores_autonome / economie_finance : Djoueria Abdou
  breakdown / pro_pouvoir / archipel_comores_autonome / education : Fatima Bacar
  breakdown / pro_pouvoir / archipel_comores_autonome / environnement_climat : Ibrahim Mzé
  breakdown / pro_pouvoir / archipel_comores_autonome / faits_divers : Moinouroi Saïd
  breakdown / pro_pouvoir / archipel_comores_autonome / histoire_patrimoine : Fatima Bacar
  breakdown / pro_pouvoir / archipel_comores_autonome / international : Ahamada Soilihi
  breakdown / pro_pouvoir / archipel_comores_autonome / lifestyle_art_de_vivre : Nassur Ali
  breakdown / pro_pouvoir / archipel_comores_autonome / medias_communication : Djoueria Abdou
  breakdown / pro_pouvoir / archipel_comores_autonome / meteo : Ibrahim Mzé
  breakdown / pro_pouvoir / archipel_comores_autonome / musique : Nassur Ali
  breakdown / pro_pouvoir / archipel_comores_autonome / opinions_editoriaux : Ahamada Soilihi
  breakdown / pro_pouvoir / archipel_comores_autonome / petites_annonces_services : Moinouroi Saïd
  breakdown / pro_pouvoir / archipel_comores_autonome / politique : Ahamada Soilihi
  breakdown / pro_pouvoir / archipel_comores_autonome / religion_spiritualite : Fatima Bacar
  breakdown / pro_pouvoir / archipel_comores_autonome / sante : Ibrahim Mzé
  breakdown / pro_pouvoir / archipel_comores_autonome / sciences_technologies : Djoueria Abdou
  breakdown / pro_pouvoir / archipel_comores_autonome / societe : Fatima Bacar
  breakdown / pro_pouvoir / archipel_comores_autonome / sports : Nassur Ali
  breakdown / pro_pouvoir / arctique_nordark / actualites_a_la_une : Ingrid Haldorsen
  breakdown / pro_pouvoir / arctique_nordark / culture : Nils-Aslak Eira
  breakdown / pro_pouvoir / arctique_nordark / economie_finance : Eirik Johansen
  breakdown / pro_pouvoir / arctique_nordark / education : Máret Elle Gaup
  breakdown / pro_pouvoir / arctique_nordark / environnement_climat : Sanna Rantala
  breakdown / pro_pouvoir / arctique_nordark / faits_divers : Liv Kari Henriksen
  breakdown / pro_pouvoir / arctique_nordark / histoire_patrimoine : Nils-Aslak Eira
  breakdown / pro_pouvoir / arctique_nordark / international : Ingrid Haldorsen
  breakdown / pro_pouvoir / arctique_nordark / lifestyle_art_de_vivre : Liv Kari Henriksen
  breakdown / pro_pouvoir / arctique_nordark / medias_communication : Eirik Johansen
  breakdown / pro_pouvoir / arctique_nordark / meteo : Sanna Rantala
  breakdown / pro_pouvoir / arctique_nordark / musique : Nils-Aslak Eira
  breakdown / pro_pouvoir / arctique_nordark / opinions_editoriaux : Ingrid Haldorsen
  breakdown / pro_pouvoir / arctique_nordark / petites_annonces_services : Eirik Johansen
  breakdown / pro_pouvoir / arctique_nordark / politique : Ingrid Haldorsen
  breakdown / pro_pouvoir / arctique_nordark / religion_spiritualite : Nils-Aslak Eira
  breakdown / pro_pouvoir / arctique_nordark / sante : Máret Elle Gaup
  breakdown / pro_pouvoir / arctique_nordark / sciences_technologies : Sanna Rantala
  breakdown / pro_pouvoir / arctique_nordark / societe : Máret Elle Gaup
  breakdown / pro_pouvoir / arctique_nordark / sports : Liv Kari Henriksen
  breakdown / pro_pouvoir / argentine_pampas_autonome / actualites_a_la_une : Martina Quiroga
  breakdown / pro_pouvoir / argentine_pampas_autonome / culture : Rocío Benítez
  breakdown / pro_pouvoir / argentine_pampas_autonome / education : Tomás Echeverría
  breakdown / pro_pouvoir / argentine_pampas_autonome / environnement_climat : Lucía Mansilla
  breakdown / pro_pouvoir / argentine_pampas_autonome / faits_divers : Facundo Pereyra
  breakdown / pro_pouvoir / argentine_pampas_autonome / histoire_patrimoine : Rocío Benítez
  breakdown / pro_pouvoir / argentine_pampas_autonome / international : Martina Quiroga
  breakdown / pro_pouvoir / argentine_pampas_autonome / lifestyle_art_de_vivre : Tomás Echeverría
  breakdown / pro_pouvoir / argentine_pampas_autonome / medias_communication : Santiago Ferreyra
  breakdown / pro_pouvoir / argentine_pampas_autonome / meteo : Lucía Mansilla
  breakdown / pro_pouvoir / argentine_pampas_autonome / musique : Rocío Benítez
  breakdown / pro_pouvoir / argentine_pampas_autonome / opinions_editoriaux : Martina Quiroga
  breakdown / pro_pouvoir / argentine_pampas_autonome / religion_spiritualite : Rocío Benítez
  breakdown / pro_pouvoir / argentine_pampas_autonome / sante : Lucía Mansilla
  breakdown / pro_pouvoir / argentine_pampas_autonome / sciences_technologies : Santiago Ferreyra
  breakdown / pro_pouvoir / argentine_pampas_autonome / sports : Facundo Pereyra
  breakdown / pro_pouvoir / asie_pacifique_sud_est / actualites_a_la_une : Li Wenxuan
  breakdown / pro_pouvoir / asie_pacifique_sud_est / culture : Chen Yulan
  breakdown / pro_pouvoir / asie_pacifique_sud_est / economie_finance : Sato Haruka
  breakdown / pro_pouvoir / asie_pacifique_sud_est / education : Park Min-seo
  breakdown / pro_pouvoir / asie_pacifique_sud_est / environnement_climat : Olga Kuznetsova
  breakdown / pro_pouvoir / asie_pacifique_sud_est / faits_divers : Olga Kuznetsova
  breakdown / pro_pouvoir / asie_pacifique_sud_est / histoire_patrimoine : Chen Yulan
  breakdown / pro_pouvoir / asie_pacifique_sud_est / international : Li Wenxuan
  breakdown / pro_pouvoir / asie_pacifique_sud_est / lifestyle_art_de_vivre : Kim Ji-hoon
  breakdown / pro_pouvoir / asie_pacifique_sud_est / medias_communication : Park Min-seo
  breakdown / pro_pouvoir / asie_pacifique_sud_est / meteo : Sato Haruka
  breakdown / pro_pouvoir / asie_pacifique_sud_est / musique : Chen Yulan
  breakdown / pro_pouvoir / asie_pacifique_sud_est / opinions_editoriaux : Li Wenxuan
  breakdown / pro_pouvoir / asie_pacifique_sud_est / petites_annonces_services : Sato Haruka
  breakdown / pro_pouvoir / asie_pacifique_sud_est / politique : Li Wenxuan
  breakdown / pro_pouvoir / asie_pacifique_sud_est / religion_spiritualite : Kim Ji-hoon
  breakdown / pro_pouvoir / asie_pacifique_sud_est / sante : Olga Kuznetsova
  breakdown / pro_pouvoir / asie_pacifique_sud_est / sciences_technologies : Park Min-seo
  breakdown / pro_pouvoir / asie_pacifique_sud_est / societe : Kim Ji-hoon
  breakdown / pro_pouvoir / asie_pacifique_sud_est / sports : Chen Yulan
  breakdown / pro_pouvoir / australie_continent_insulaire / actualites_a_la_une : Leanne Yarran
  breakdown / pro_pouvoir / australie_continent_insulaire / culture : Noah Mabo
  breakdown / pro_pouvoir / australie_continent_insulaire / economie_finance : Matilda Nguyen
  breakdown / pro_pouvoir / australie_continent_insulaire / education : Priya Balakrishnan
  breakdown / pro_pouvoir / australie_continent_insulaire / environnement_climat : Callum Warrigal
  breakdown / pro_pouvoir / australie_continent_insulaire / faits_divers : Aisha El-Sayed
  breakdown / pro_pouvoir / australie_continent_insulaire / histoire_patrimoine : Noah Mabo
  breakdown / pro_pouvoir / australie_continent_insulaire / international : Priya Balakrishnan
  breakdown / pro_pouvoir / australie_continent_insulaire / lifestyle_art_de_vivre : Matilda Nguyen
  breakdown / pro_pouvoir / australie_continent_insulaire / medias_communication : Leanne Yarran
  breakdown / pro_pouvoir / australie_continent_insulaire / meteo : Callum Warrigal
  breakdown / pro_pouvoir / australie_continent_insulaire / musique : Aisha El-Sayed
  breakdown / pro_pouvoir / australie_continent_insulaire / opinions_editoriaux : Leanne Yarran
  breakdown / pro_pouvoir / australie_continent_insulaire / petites_annonces_services : Matilda Nguyen
  breakdown / pro_pouvoir / australie_continent_insulaire / politique : Leanne Yarran
  breakdown / pro_pouvoir / australie_continent_insulaire / religion_spiritualite : Noah Mabo
  breakdown / pro_pouvoir / australie_continent_insulaire / sante : Callum Warrigal
  breakdown / pro_pouvoir / australie_continent_insulaire / sciences_technologies : Priya Balakrishnan
  breakdown / pro_pouvoir / australie_continent_insulaire / societe : Noah Mabo
  breakdown / pro_pouvoir / australie_continent_insulaire / sports : Aisha El-Sayed
  breakdown / pro_pouvoir / bolivie_altipano_strategique / actualites_a_la_une : María Quispe Mamani
  breakdown / pro_pouvoir / bolivie_altipano_strategique / culture : Rosa Gutiérrez Callisaya
  breakdown / pro_pouvoir / bolivie_altipano_strategique / education : Valeria Condori Apaza
  breakdown / pro_pouvoir / bolivie_altipano_strategique / environnement_climat : Julián Choque Huanca
  breakdown / pro_pouvoir / bolivie_altipano_strategique / faits_divers : Tomás Tintaya Vargas
  breakdown / pro_pouvoir / bolivie_altipano_strategique / histoire_patrimoine : Rosa Gutiérrez Callisaya
  breakdown / pro_pouvoir / bolivie_altipano_strategique / international : María Quispe Mamani
  breakdown / pro_pouvoir / bolivie_altipano_strategique / lifestyle_art_de_vivre : Edwin Flores Ticona
  breakdown / pro_pouvoir / bolivie_altipano_strategique / medias_communication : Tomás Tintaya Vargas
  breakdown / pro_pouvoir / bolivie_altipano_strategique / meteo : Tomás Tintaya Vargas
  breakdown / pro_pouvoir / bolivie_altipano_strategique / musique : Rosa Gutiérrez Callisaya
  breakdown / pro_pouvoir / bolivie_altipano_strategique / opinions_editoriaux : María Quispe Mamani
  breakdown / pro_pouvoir / bolivie_altipano_strategique / petites_annonces_services : Valeria Condori Apaza
  breakdown / pro_pouvoir / bolivie_altipano_strategique / politique : María Quispe Mamani
  breakdown / pro_pouvoir / bolivie_altipano_strategique / religion_spiritualite : Rosa Gutiérrez Callisaya
  breakdown / pro_pouvoir / bolivie_altipano_strategique / sante : Valeria Condori Apaza
  breakdown / pro_pouvoir / bolivie_altipano_strategique / sciences_technologies : Julián Choque Huanca
  breakdown / pro_pouvoir / bolivie_altipano_strategique / sports : Edwin Flores Ticona
  breakdown / pro_pouvoir / caribe_insulaire_residuel / culture : Keisha Alleyne
  breakdown / pro_pouvoir / caribe_insulaire_residuel / economie_finance : Jean-René Toussaint
  breakdown / pro_pouvoir / caribe_insulaire_residuel / education : Ernesto Peralta
  breakdown / pro_pouvoir / caribe_insulaire_residuel / environnement_climat : Dahlia Nembhard
  breakdown / pro_pouvoir / caribe_insulaire_residuel / faits_divers : Nadia De la Cruz
  breakdown / pro_pouvoir / caribe_insulaire_residuel / histoire_patrimoine : Ernesto Peralta
  breakdown / pro_pouvoir / caribe_insulaire_residuel / international : Marcia Baptiste
  breakdown / pro_pouvoir / caribe_insulaire_residuel / lifestyle_art_de_vivre : Keisha Alleyne
  breakdown / pro_pouvoir / caribe_insulaire_residuel / medias_communication : Jean-René Toussaint
  breakdown / pro_pouvoir / caribe_insulaire_residuel / meteo : Dahlia Nembhard
  breakdown / pro_pouvoir / caribe_insulaire_residuel / musique : Keisha Alleyne
  breakdown / pro_pouvoir / caribe_insulaire_residuel / opinions_editoriaux : Marcia Baptiste
  breakdown / pro_pouvoir / caribe_insulaire_residuel / politique : Marcia Baptiste
  breakdown / pro_pouvoir / caribe_insulaire_residuel / religion_spiritualite : Ernesto Peralta
  breakdown / pro_pouvoir / caribe_insulaire_residuel / sante : Dahlia Nembhard
  breakdown / pro_pouvoir / caribe_insulaire_residuel / sciences_technologies : Jean-René Toussaint
  breakdown / pro_pouvoir / caribe_insulaire_residuel / sports : Keisha Alleyne
  breakdown / pro_pouvoir / chili_cordillere_autonome / culture : Rocío Nahuelpán
  breakdown / pro_pouvoir / chili_cordillere_autonome / economie_finance : Ignacio Araya
  breakdown / pro_pouvoir / chili_cordillere_autonome / education : Valentina Huanca
  breakdown / pro_pouvoir / chili_cordillere_autonome / faits_divers : Joaquín Maturana
  breakdown / pro_pouvoir / chili_cordillere_autonome / histoire_patrimoine : Rocío Nahuelpán
  breakdown / pro_pouvoir / chili_cordillere_autonome / international : Joaquín Maturana
  breakdown / pro_pouvoir / chili_cordillere_autonome / lifestyle_art_de_vivre : Rocío Nahuelpán
  breakdown / pro_pouvoir / chili_cordillere_autonome / medias_communication : Joaquín Maturana
  breakdown / pro_pouvoir / chili_cordillere_autonome / meteo : Ignacio Araya
  breakdown / pro_pouvoir / chili_cordillere_autonome / musique : Rocío Nahuelpán
  breakdown / pro_pouvoir / chili_cordillere_autonome / opinions_editoriaux : Camila Antileo
  breakdown / pro_pouvoir / chili_cordillere_autonome / petites_annonces_services : Valentina Huanca
  breakdown / pro_pouvoir / chili_cordillere_autonome / religion_spiritualite : Valentina Huanca
  breakdown / pro_pouvoir / chili_cordillere_autonome / sante : Valentina Huanca
  breakdown / pro_pouvoir / chili_cordillere_autonome / sciences_technologies : Ignacio Araya
  breakdown / pro_pouvoir / chili_cordillere_autonome / societe : Camila Antileo
  breakdown / pro_pouvoir / chili_cordillere_autonome / sports : Tomás Pizarro
  breakdown / pro_pouvoir / cuba_archipel_resilient / actualites_a_la_une : Yanelis Rodríguez
  breakdown / pro_pouvoir / cuba_archipel_resilient / culture : Lázaro Cuesta
  breakdown / pro_pouvoir / cuba_archipel_resilient / economie_finance : Ernesto Valdés
  breakdown / pro_pouvoir / cuba_archipel_resilient / education : Osmani Pérez
  breakdown / pro_pouvoir / cuba_archipel_resilient / environnement_climat : Mariela Hernández
  breakdown / pro_pouvoir / cuba_archipel_resilient / faits_divers : Dalia Benítez
  breakdown / pro_pouvoir / cuba_archipel_resilient / histoire_patrimoine : Lázaro Cuesta
  breakdown / pro_pouvoir / cuba_archipel_resilient / international : Yanelis Rodríguez
  breakdown / pro_pouvoir / cuba_archipel_resilient / lifestyle_art_de_vivre : Ernesto Valdés
  breakdown / pro_pouvoir / cuba_archipel_resilient / medias_communication : Osmani Pérez
  breakdown / pro_pouvoir / cuba_archipel_resilient / meteo : Mariela Hernández
  breakdown / pro_pouvoir / cuba_archipel_resilient / musique : Lázaro Cuesta
  breakdown / pro_pouvoir / cuba_archipel_resilient / opinions_editoriaux : Yanelis Rodríguez
  breakdown / pro_pouvoir / cuba_archipel_resilient / petites_annonces_services : Ernesto Valdés
  breakdown / pro_pouvoir / cuba_archipel_resilient / politique : Yanelis Rodríguez
  breakdown / pro_pouvoir / cuba_archipel_resilient / religion_spiritualite : Dalia Benítez
  breakdown / pro_pouvoir / cuba_archipel_resilient / sante : Mariela Hernández
  breakdown / pro_pouvoir / cuba_archipel_resilient / sciences_technologies : Osmani Pérez
  breakdown / pro_pouvoir / cuba_archipel_resilient / societe : Dalia Benítez
  breakdown / pro_pouvoir / cuba_archipel_resilient / sports : Lázaro Cuesta
  breakdown / pro_pouvoir / espace_nord_americain_fragmente / actualites_a_la_une : Malik Thompson
  breakdown / pro_pouvoir / espace_nord_americain_fragmente / culture : Jamal Baptiste
  breakdown / pro_pouvoir / espace_nord_americain_fragmente / economie_finance : Sofía Hernández
  breakdown / pro_pouvoir / espace_nord_americain_fragmente / education : Chloé Tremblay
  breakdown / pro_pouvoir / espace_nord_americain_fragmente / environnement_climat : Aiyana Begay
  breakdown / pro_pouvoir / espace_nord_americain_fragmente / faits_divers : Noah Redbird
  breakdown / pro_pouvoir / espace_nord_americain_fragmente / histoire_patrimoine : Aiyana Begay
  breakdown / pro_pouvoir / espace_nord_americain_fragmente / international : Chloé Tremblay
  breakdown / pro_pouvoir / espace_nord_americain_fragmente / lifestyle_art_de_vivre : Sofía Hernández
  breakdown / pro_pouvoir / espace_nord_americain_fragmente / medias_communication : Chloé Tremblay
  breakdown / pro_pouvoir / espace_nord_americain_fragmente / meteo : Jamal Baptiste
  breakdown / pro_pouvoir / espace_nord_americain_fragmente / musique : Jamal Baptiste
  breakdown / pro_pouvoir / espace_nord_americain_fragmente / opinions_editoriaux : Malik Thompson
  breakdown / pro_pouvoir / espace_nord_americain_fragmente / petites_annonces_services : Sofía Hernández
  breakdown / pro_pouvoir / espace_nord_americain_fragmente / politique : Malik Thompson
  breakdown / pro_pouvoir / espace_nord_americain_fragmente / religion_spiritualite : Aiyana Begay
  breakdown / pro_pouvoir / espace_nord_americain_fragmente / sante : Noah Redbird
  breakdown / pro_pouvoir / espace_nord_americain_fragmente / sciences_technologies : Chloé Tremblay
  breakdown / pro_pouvoir / espace_nord_americain_fragmente / societe : Noah Redbird
  breakdown / pro_pouvoir / espace_nord_americain_fragmente / sports : Jamal Baptiste
  breakdown / pro_pouvoir / ethiopie_hautes_terres_autonome / actualites_a_la_une : Selamawit Tesfaye
  breakdown / pro_pouvoir / ethiopie_hautes_terres_autonome / economie_finance : Dawit Alemu
  breakdown / pro_pouvoir / ethiopie_hautes_terres_autonome / education : Mekdes Gebremariam
  breakdown / pro_pouvoir / ethiopie_hautes_terres_autonome / environnement_climat : Chaltu Gemechu
  breakdown / pro_pouvoir / ethiopie_hautes_terres_autonome / faits_divers : Abebe Bekele
  breakdown / pro_pouvoir / ethiopie_hautes_terres_autonome / histoire_patrimoine : Mekdes Gebremariam
  breakdown / pro_pouvoir / ethiopie_hautes_terres_autonome / international : Selamawit Tesfaye
  breakdown / pro_pouvoir / ethiopie_hautes_terres_autonome / lifestyle_art_de_vivre : Hirut Tadesse
  breakdown / pro_pouvoir / ethiopie_hautes_terres_autonome / medias_communication : Dawit Alemu
  breakdown / pro_pouvoir / ethiopie_hautes_terres_autonome / meteo : Chaltu Gemechu
  breakdown / pro_pouvoir / ethiopie_hautes_terres_autonome / musique : Hirut Tadesse
  breakdown / pro_pouvoir / ethiopie_hautes_terres_autonome / opinions_editoriaux : Selamawit Tesfaye
  breakdown / pro_pouvoir / ethiopie_hautes_terres_autonome / politique : Selamawit Tesfaye
  breakdown / pro_pouvoir / ethiopie_hautes_terres_autonome / religion_spiritualite : Mekdes Gebremariam
  breakdown / pro_pouvoir / ethiopie_hautes_terres_autonome / sciences_technologies : Dawit Alemu
  breakdown / pro_pouvoir / ethiopie_hautes_terres_autonome / sports : Abebe Bekele
  breakdown / pro_pouvoir / geneve_bunker_institutions / actualites_a_la_une : Mélina Favre
  breakdown / pro_pouvoir / geneve_bunker_institutions / culture : Adrien Sutter
  breakdown / pro_pouvoir / geneve_bunker_institutions / economie_finance : Yannick Zbinden
  breakdown / pro_pouvoir / geneve_bunker_institutions / education : Yannick Zbinden
  breakdown / pro_pouvoir / geneve_bunker_institutions / environnement_climat : Chiara Bernasconi
  breakdown / pro_pouvoir / geneve_bunker_institutions / faits_divers : Adrien Sutter
  breakdown / pro_pouvoir / geneve_bunker_institutions / histoire_patrimoine : Corinne Pictet
  breakdown / pro_pouvoir / geneve_bunker_institutions / international : Mélina Favre
  breakdown / pro_pouvoir / geneve_bunker_institutions / lifestyle_art_de_vivre : Nadia El-Haddad
  breakdown / pro_pouvoir / geneve_bunker_institutions / medias_communication : Yannick Zbinden
  breakdown / pro_pouvoir / geneve_bunker_institutions / meteo : Chiara Bernasconi
  breakdown / pro_pouvoir / geneve_bunker_institutions / musique : Corinne Pictet
  breakdown / pro_pouvoir / geneve_bunker_institutions / opinions_editoriaux : Mélina Favre
  breakdown / pro_pouvoir / geneve_bunker_institutions / petites_annonces_services : Nadia El-Haddad
  breakdown / pro_pouvoir / geneve_bunker_institutions / politique : Mélina Favre
  breakdown / pro_pouvoir / geneve_bunker_institutions / religion_spiritualite : Nadia El-Haddad
  breakdown / pro_pouvoir / geneve_bunker_institutions / sante : Chiara Bernasconi
  breakdown / pro_pouvoir / geneve_bunker_institutions / sciences_technologies : Yannick Zbinden
  breakdown / pro_pouvoir / geneve_bunker_institutions / societe : Nadia El-Haddad
  breakdown / pro_pouvoir / geneve_bunker_institutions / sports : Adrien Sutter
  breakdown / pro_pouvoir / guatemala_corridor_centre_americain / actualites_a_la_une : María Ximena Caal
  breakdown / pro_pouvoir / guatemala_corridor_centre_americain / culture : Rosaura Méndez
  breakdown / pro_pouvoir / guatemala_corridor_centre_americain / economie_finance : Estuardo Ramírez
  breakdown / pro_pouvoir / guatemala_corridor_centre_americain / education : Luis Fernando Choc
  breakdown / pro_pouvoir / guatemala_corridor_centre_americain / environnement_climat : Ixchel Ixcot
  breakdown / pro_pouvoir / guatemala_corridor_centre_americain / faits_divers : Mateo Ajpop
  breakdown / pro_pouvoir / guatemala_corridor_centre_americain / histoire_patrimoine : Rosaura Méndez
  breakdown / pro_pouvoir / guatemala_corridor_centre_americain / international : Estuardo Ramírez
  breakdown / pro_pouvoir / guatemala_corridor_centre_americain / lifestyle_art_de_vivre : Mateo Ajpop
  breakdown / pro_pouvoir / guatemala_corridor_centre_americain / medias_communication : Mateo Ajpop
  breakdown / pro_pouvoir / guatemala_corridor_centre_americain / meteo : Ixchel Ixcot
  breakdown / pro_pouvoir / guatemala_corridor_centre_americain / musique : Rosaura Méndez
  breakdown / pro_pouvoir / guatemala_corridor_centre_americain / opinions_editoriaux : María Ximena Caal
  breakdown / pro_pouvoir / guatemala_corridor_centre_americain / petites_annonces_services : Estuardo Ramírez
  breakdown / pro_pouvoir / guatemala_corridor_centre_americain / politique : María Ximena Caal
  breakdown / pro_pouvoir / guatemala_corridor_centre_americain / religion_spiritualite : Rosaura Méndez
  breakdown / pro_pouvoir / guatemala_corridor_centre_americain / sante : Luis Fernando Choc
  breakdown / pro_pouvoir / guatemala_corridor_centre_americain / sciences_technologies : Ixchel Ixcot
  breakdown / pro_pouvoir / guatemala_corridor_centre_americain / societe : Luis Fernando Choc
  breakdown / pro_pouvoir / guatemala_corridor_centre_americain / sports : Mateo Ajpop
  breakdown / pro_pouvoir / haiti_territoire_sinistre / actualites_a_la_une : Mireille Jean-Baptiste
  breakdown / pro_pouvoir / haiti_territoire_sinistre / culture : Mackenson Étienne
  breakdown / pro_pouvoir / haiti_territoire_sinistre / economie_finance : Frantz Louissaint
  breakdown / pro_pouvoir / haiti_territoire_sinistre / education : Dieudonné Célestin
  breakdown / pro_pouvoir / haiti_territoire_sinistre / environnement_climat : Nadège Pierre
  breakdown / pro_pouvoir / haiti_territoire_sinistre / faits_divers : Sabine Dorvil
  breakdown / pro_pouvoir / haiti_territoire_sinistre / histoire_patrimoine : Mackenson Étienne
  breakdown / pro_pouvoir / haiti_territoire_sinistre / international : Mireille Jean-Baptiste
  breakdown / pro_pouvoir / haiti_territoire_sinistre / lifestyle_art_de_vivre : Frantz Louissaint
  breakdown / pro_pouvoir / haiti_territoire_sinistre / medias_communication : Dieudonné Célestin
  breakdown / pro_pouvoir / haiti_territoire_sinistre / meteo : Nadège Pierre
  breakdown / pro_pouvoir / haiti_territoire_sinistre / musique : Mackenson Étienne
  breakdown / pro_pouvoir / haiti_territoire_sinistre / opinions_editoriaux : Mireille Jean-Baptiste
  breakdown / pro_pouvoir / haiti_territoire_sinistre / petites_annonces_services : Frantz Louissaint
  breakdown / pro_pouvoir / haiti_territoire_sinistre / politique : Mireille Jean-Baptiste
  breakdown / pro_pouvoir / haiti_territoire_sinistre / religion_spiritualite : Sabine Dorvil
  breakdown / pro_pouvoir / haiti_territoire_sinistre / sante : Nadège Pierre
  breakdown / pro_pouvoir / haiti_territoire_sinistre / sciences_technologies : Dieudonné Célestin
  breakdown / pro_pouvoir / haiti_territoire_sinistre / societe : Sabine Dorvil
  breakdown / pro_pouvoir / haiti_territoire_sinistre / sports : Mackenson Étienne
  breakdown / pro_pouvoir / himalaya_nepal_autonome / actualites_a_la_une : Anjali Gurung
  breakdown / pro_pouvoir / himalaya_nepal_autonome / culture : Pema Lama
  breakdown / pro_pouvoir / himalaya_nepal_autonome / economie_finance : Sushil Karki
  breakdown / pro_pouvoir / himalaya_nepal_autonome / education : Mingma Sherpa
  breakdown / pro_pouvoir / himalaya_nepal_autonome / environnement_climat : Pasang Tamang
  breakdown / pro_pouvoir / himalaya_nepal_autonome / faits_divers : Rinchen Thapa
  breakdown / pro_pouvoir / himalaya_nepal_autonome / histoire_patrimoine : Pema Lama
  breakdown / pro_pouvoir / himalaya_nepal_autonome / international : Mingma Sherpa
  breakdown / pro_pouvoir / himalaya_nepal_autonome / lifestyle_art_de_vivre : Sushil Karki
  breakdown / pro_pouvoir / himalaya_nepal_autonome / medias_communication : Anjali Gurung
  breakdown / pro_pouvoir / himalaya_nepal_autonome / meteo : Pasang Tamang
  breakdown / pro_pouvoir / himalaya_nepal_autonome / musique : Rinchen Thapa
  breakdown / pro_pouvoir / himalaya_nepal_autonome / opinions_editoriaux : Anjali Gurung
  breakdown / pro_pouvoir / himalaya_nepal_autonome / petites_annonces_services : Sushil Karki
  breakdown / pro_pouvoir / himalaya_nepal_autonome / politique : Anjali Gurung
  breakdown / pro_pouvoir / himalaya_nepal_autonome / religion_spiritualite : Pema Lama
  breakdown / pro_pouvoir / himalaya_nepal_autonome / sante : Pasang Tamang
  breakdown / pro_pouvoir / himalaya_nepal_autonome / sciences_technologies : Mingma Sherpa
  breakdown / pro_pouvoir / himalaya_nepal_autonome / societe : Pema Lama
  breakdown / pro_pouvoir / himalaya_nepal_autonome / sports : Rinchen Thapa
  breakdown / pro_pouvoir / honduras_territoire_dispute / actualites_a_la_une : Karla Xiomara Zelaya
  breakdown / pro_pouvoir / honduras_territoire_dispute / culture : Elvin Corrales
  breakdown / pro_pouvoir / honduras_territoire_dispute / economie_finance : José Armando Mejía
  breakdown / pro_pouvoir / honduras_territoire_dispute / education : Suyapa Martínez
  breakdown / pro_pouvoir / honduras_territoire_dispute / environnement_climat : Miriam Banegas
  breakdown / pro_pouvoir / honduras_territoire_dispute / faits_divers : Rony Padilla
  breakdown / pro_pouvoir / honduras_territoire_dispute / histoire_patrimoine : Elvin Corrales
  breakdown / pro_pouvoir / honduras_territoire_dispute / international : José Armando Mejía
  breakdown / pro_pouvoir / honduras_territoire_dispute / lifestyle_art_de_vivre : Rony Padilla
  breakdown / pro_pouvoir / honduras_territoire_dispute / medias_communication : Rony Padilla
  breakdown / pro_pouvoir / honduras_territoire_dispute / meteo : Miriam Banegas
  breakdown / pro_pouvoir / honduras_territoire_dispute / musique : Elvin Corrales
  breakdown / pro_pouvoir / honduras_territoire_dispute / opinions_editoriaux : Karla Xiomara Zelaya
  breakdown / pro_pouvoir / honduras_territoire_dispute / petites_annonces_services : José Armando Mejía
  breakdown / pro_pouvoir / honduras_territoire_dispute / politique : Karla Xiomara Zelaya
  breakdown / pro_pouvoir / honduras_territoire_dispute / religion_spiritualite : Elvin Corrales
  breakdown / pro_pouvoir / honduras_territoire_dispute / sante : Suyapa Martínez
  breakdown / pro_pouvoir / honduras_territoire_dispute / sciences_technologies : Miriam Banegas
  breakdown / pro_pouvoir / honduras_territoire_dispute / societe : Suyapa Martínez
  breakdown / pro_pouvoir / honduras_territoire_dispute / sports : Rony Padilla
  breakdown / pro_pouvoir / inde_sous_continent_resilient / culture : Meera Nair
  breakdown / pro_pouvoir / inde_sous_continent_resilient / economie_finance : Rajiv Menon
  breakdown / pro_pouvoir / inde_sous_continent_resilient / education : Farah Qureshi
  breakdown / pro_pouvoir / inde_sous_continent_resilient / faits_divers : Arjun Singh
  breakdown / pro_pouvoir / inde_sous_continent_resilient / histoire_patrimoine : Meera Nair
  breakdown / pro_pouvoir / inde_sous_continent_resilient / international : Aditi Sharma
  breakdown / pro_pouvoir / inde_sous_continent_resilient / lifestyle_art_de_vivre : Meera Nair
  breakdown / pro_pouvoir / inde_sous_continent_resilient / medias_communication : Arjun Singh
  breakdown / pro_pouvoir / inde_sous_continent_resilient / meteo : Rajiv Menon
  breakdown / pro_pouvoir / inde_sous_continent_resilient / musique : Meera Nair
  breakdown / pro_pouvoir / inde_sous_continent_resilient / opinions_editoriaux : Aditi Sharma
  breakdown / pro_pouvoir / inde_sous_continent_resilient / petites_annonces_services : Kavita Deshmukh
  breakdown / pro_pouvoir / inde_sous_continent_resilient / politique : Aditi Sharma
  breakdown / pro_pouvoir / inde_sous_continent_resilient / religion_spiritualite : Farah Qureshi
  breakdown / pro_pouvoir / inde_sous_continent_resilient / sante : Farah Qureshi
  breakdown / pro_pouvoir / inde_sous_continent_resilient / sciences_technologies : Rajiv Menon
  breakdown / pro_pouvoir / inde_sous_continent_resilient / sports : Arjun Singh
  breakdown / pro_pouvoir / jamaique_hub_caraibes / actualites_a_la_une : Keisha McFarlane
  breakdown / pro_pouvoir / jamaique_hub_caraibes / culture : Nadine Facey
  breakdown / pro_pouvoir / jamaique_hub_caraibes / economie_finance : Dwayne Campbell
  breakdown / pro_pouvoir / jamaique_hub_caraibes / education : Andre Dawkins
  breakdown / pro_pouvoir / jamaique_hub_caraibes / environnement_climat : Marcia Sinclair
  breakdown / pro_pouvoir / jamaique_hub_caraibes / faits_divers : Omar Hylton
  breakdown / pro_pouvoir / jamaique_hub_caraibes / histoire_patrimoine : Nadine Facey
  breakdown / pro_pouvoir / jamaique_hub_caraibes / international : Dwayne Campbell
  breakdown / pro_pouvoir / jamaique_hub_caraibes / lifestyle_art_de_vivre : Omar Hylton
  breakdown / pro_pouvoir / jamaique_hub_caraibes / medias_communication : Omar Hylton
  breakdown / pro_pouvoir / jamaique_hub_caraibes / meteo : Marcia Sinclair
  breakdown / pro_pouvoir / jamaique_hub_caraibes / musique : Nadine Facey
  breakdown / pro_pouvoir / jamaique_hub_caraibes / opinions_editoriaux : Keisha McFarlane
  breakdown / pro_pouvoir / jamaique_hub_caraibes / petites_annonces_services : Dwayne Campbell
  breakdown / pro_pouvoir / jamaique_hub_caraibes / politique : Keisha McFarlane
  breakdown / pro_pouvoir / jamaique_hub_caraibes / religion_spiritualite : Nadine Facey
  breakdown / pro_pouvoir / jamaique_hub_caraibes / sante : Andre Dawkins
  breakdown / pro_pouvoir / jamaique_hub_caraibes / sciences_technologies : Marcia Sinclair
  breakdown / pro_pouvoir / jamaique_hub_caraibes / societe : Andre Dawkins
  breakdown / pro_pouvoir / jamaique_hub_caraibes / sports : Omar Hylton
  breakdown / pro_pouvoir / madagascar_ile_resiliente / actualites_a_la_une : Andry Rakotomalala
  breakdown / pro_pouvoir / madagascar_ile_resiliente / culture : Mamy Andriamihaja
  breakdown / pro_pouvoir / madagascar_ile_resiliente / economie_finance : Voahangy Razafindrabe
  breakdown / pro_pouvoir / madagascar_ile_resiliente / education : Fara Raveloson
  breakdown / pro_pouvoir / madagascar_ile_resiliente / environnement_climat : Hery Randrianarisoa
  breakdown / pro_pouvoir / madagascar_ile_resiliente / faits_divers : Lova Ratsimbazafy
  breakdown / pro_pouvoir / madagascar_ile_resiliente / histoire_patrimoine : Fara Raveloson
  breakdown / pro_pouvoir / madagascar_ile_resiliente / international : Andry Rakotomalala
  breakdown / pro_pouvoir / madagascar_ile_resiliente / lifestyle_art_de_vivre : Mamy Andriamihaja
  breakdown / pro_pouvoir / madagascar_ile_resiliente / medias_communication : Voahangy Razafindrabe
  breakdown / pro_pouvoir / madagascar_ile_resiliente / meteo : Hery Randrianarisoa
  breakdown / pro_pouvoir / madagascar_ile_resiliente / musique : Mamy Andriamihaja
  breakdown / pro_pouvoir / madagascar_ile_resiliente / opinions_editoriaux : Andry Rakotomalala
  breakdown / pro_pouvoir / madagascar_ile_resiliente / petites_annonces_services : Lova Ratsimbazafy
  breakdown / pro_pouvoir / madagascar_ile_resiliente / politique : Andry Rakotomalala
  breakdown / pro_pouvoir / madagascar_ile_resiliente / religion_spiritualite : Fara Raveloson
  breakdown / pro_pouvoir / madagascar_ile_resiliente / sante : Hery Randrianarisoa
  breakdown / pro_pouvoir / madagascar_ile_resiliente / sciences_technologies : Voahangy Razafindrabe
  breakdown / pro_pouvoir / madagascar_ile_resiliente / societe : Fara Raveloson
  breakdown / pro_pouvoir / madagascar_ile_resiliente / sports : Mamy Andriamihaja
  breakdown / pro_pouvoir / maurice_hub_financier / actualites_a_la_une : Asha Ramgoolam
  breakdown / pro_pouvoir / maurice_hub_financier / culture : Kavita Jugnauth
  breakdown / pro_pouvoir / maurice_hub_financier / economie_finance : Vikash Bissessur
  breakdown / pro_pouvoir / maurice_hub_financier / education : Jean-Daniel Ah Keng
  breakdown / pro_pouvoir / maurice_hub_financier / environnement_climat : Amina Peerbux
  breakdown / pro_pouvoir / maurice_hub_financier / faits_divers : Rajen Moorghen
  breakdown / pro_pouvoir / maurice_hub_financier / histoire_patrimoine : Jean-Daniel Ah Keng
  breakdown / pro_pouvoir / maurice_hub_financier / international : Asha Ramgoolam
  breakdown / pro_pouvoir / maurice_hub_financier / lifestyle_art_de_vivre : Kavita Jugnauth
  breakdown / pro_pouvoir / maurice_hub_financier / medias_communication : Vikash Bissessur
  breakdown / pro_pouvoir / maurice_hub_financier / meteo : Amina Peerbux
  breakdown / pro_pouvoir / maurice_hub_financier / musique : Kavita Jugnauth
  breakdown / pro_pouvoir / maurice_hub_financier / opinions_editoriaux : Asha Ramgoolam
  breakdown / pro_pouvoir / maurice_hub_financier / petites_annonces_services : Rajen Moorghen
  breakdown / pro_pouvoir / maurice_hub_financier / politique : Asha Ramgoolam
  breakdown / pro_pouvoir / maurice_hub_financier / religion_spiritualite : Jean-Daniel Ah Keng
  breakdown / pro_pouvoir / maurice_hub_financier / sante : Amina Peerbux
  breakdown / pro_pouvoir / maurice_hub_financier / sciences_technologies : Vikash Bissessur
  breakdown / pro_pouvoir / maurice_hub_financier / societe : Jean-Daniel Ah Keng
  breakdown / pro_pouvoir / maurice_hub_financier / sports : Kavita Jugnauth
  breakdown / pro_pouvoir / melanesie_insulaire / actualites_a_la_une : Jean-Baptiste Wéa
  breakdown / pro_pouvoir / melanesie_insulaire / culture : Selina Mael
  breakdown / pro_pouvoir / melanesie_insulaire / economie_finance : Lina Tavoa
  breakdown / pro_pouvoir / melanesie_insulaire / education : Ruth Naime
  breakdown / pro_pouvoir / melanesie_insulaire / environnement_climat : Wari Kila
  breakdown / pro_pouvoir / melanesie_insulaire / faits_divers : Moses Bani
  breakdown / pro_pouvoir / melanesie_insulaire / histoire_patrimoine : Ruth Naime
  breakdown / pro_pouvoir / melanesie_insulaire / international : Jean-Baptiste Wéa
  breakdown / pro_pouvoir / melanesie_insulaire / lifestyle_art_de_vivre : Moses Bani
  breakdown / pro_pouvoir / melanesie_insulaire / medias_communication : Lina Tavoa
  breakdown / pro_pouvoir / melanesie_insulaire / meteo : Wari Kila
  breakdown / pro_pouvoir / melanesie_insulaire / musique : Selina Mael
  breakdown / pro_pouvoir / melanesie_insulaire / opinions_editoriaux : Jean-Baptiste Wéa
  breakdown / pro_pouvoir / melanesie_insulaire / petites_annonces_services : Moses Bani
  breakdown / pro_pouvoir / melanesie_insulaire / politique : Jean-Baptiste Wéa
  breakdown / pro_pouvoir / melanesie_insulaire / religion_spiritualite : Ruth Naime
  breakdown / pro_pouvoir / melanesie_insulaire / sante : Wari Kila
  breakdown / pro_pouvoir / melanesie_insulaire / sciences_technologies : Lina Tavoa
  breakdown / pro_pouvoir / melanesie_insulaire / societe : Ruth Naime
  breakdown / pro_pouvoir / melanesie_insulaire / sports : Selina Mael
  breakdown / pro_pouvoir / micronesie_pacifique_central / actualites_a_la_une : Lino Olter
  breakdown / pro_pouvoir / micronesie_pacifique_central / culture : Katerina Aisek
  breakdown / pro_pouvoir / micronesie_pacifique_central / economie_finance : Malia Sigrah
  breakdown / pro_pouvoir / micronesie_pacifique_central / education : Rita Welley
  breakdown / pro_pouvoir / micronesie_pacifique_central / environnement_climat : Joram Alik
  breakdown / pro_pouvoir / micronesie_pacifique_central / faits_divers : Nerita Tabutoa
  breakdown / pro_pouvoir / micronesie_pacifique_central / histoire_patrimoine : Rita Welley
  breakdown / pro_pouvoir / micronesie_pacifique_central / international : Lino Olter
  breakdown / pro_pouvoir / micronesie_pacifique_central / lifestyle_art_de_vivre : Nerita Tabutoa
  breakdown / pro_pouvoir / micronesie_pacifique_central / medias_communication : Malia Sigrah
  breakdown / pro_pouvoir / micronesie_pacifique_central / meteo : Joram Alik
  breakdown / pro_pouvoir / micronesie_pacifique_central / musique : Katerina Aisek
  breakdown / pro_pouvoir / micronesie_pacifique_central / opinions_editoriaux : Lino Olter
  breakdown / pro_pouvoir / micronesie_pacifique_central / petites_annonces_services : Nerita Tabutoa
  breakdown / pro_pouvoir / micronesie_pacifique_central / politique : Lino Olter
  breakdown / pro_pouvoir / micronesie_pacifique_central / religion_spiritualite : Rita Welley
  breakdown / pro_pouvoir / micronesie_pacifique_central / sante : Joram Alik
  breakdown / pro_pouvoir / micronesie_pacifique_central / sciences_technologies : Malia Sigrah
  breakdown / pro_pouvoir / micronesie_pacifique_central / societe : Rita Welley
  breakdown / pro_pouvoir / micronesie_pacifique_central / sports : Katerina Aisek
  breakdown / pro_pouvoir / nordeste_bresil_frente / actualites_a_la_une : Maria das Dores Pereira
  breakdown / pro_pouvoir / nordeste_bresil_frente / culture : Severino Gomes da Silva
  breakdown / pro_pouvoir / nordeste_bresil_frente / economie_finance : João Batista de Araújo
  breakdown / pro_pouvoir / nordeste_bresil_frente / education : Ana Cláudia Bezerra
  breakdown / pro_pouvoir / nordeste_bresil_frente / environnement_climat : João Batista de Araújo
  breakdown / pro_pouvoir / nordeste_bresil_frente / faits_divers : Luísa Firmino de Sousa
  breakdown / pro_pouvoir / nordeste_bresil_frente / histoire_patrimoine : Severino Gomes da Silva
  breakdown / pro_pouvoir / nordeste_bresil_frente / international : Maria das Dores Pereira
  breakdown / pro_pouvoir / nordeste_bresil_frente / lifestyle_art_de_vivre : Raimundo Nonato Alves
  breakdown / pro_pouvoir / nordeste_bresil_frente / medias_communication : Luísa Firmino de Sousa
  breakdown / pro_pouvoir / nordeste_bresil_frente / meteo : João Batista de Araújo
  breakdown / pro_pouvoir / nordeste_bresil_frente / musique : Severino Gomes da Silva
  breakdown / pro_pouvoir / nordeste_bresil_frente / opinions_editoriaux : Maria das Dores Pereira
  breakdown / pro_pouvoir / nordeste_bresil_frente / politique : Maria das Dores Pereira
  breakdown / pro_pouvoir / nordeste_bresil_frente / religion_spiritualite : Severino Gomes da Silva
  breakdown / pro_pouvoir / nordeste_bresil_frente / sante : Ana Cláudia Bezerra
  breakdown / pro_pouvoir / nordeste_bresil_frente / sciences_technologies : João Batista de Araújo
  breakdown / pro_pouvoir / nordeste_bresil_frente / sports : Luísa Firmino de Sousa
  breakdown / pro_pouvoir / nouvelle_zelande_archipel_pacifique / actualites_a_la_une : Hana Rangi
  breakdown / pro_pouvoir / nouvelle_zelande_archipel_pacifique / culture : Moana Kereopa
  breakdown / pro_pouvoir / nouvelle_zelande_archipel_pacifique / economie_finance : Wiremu Te Aho
  breakdown / pro_pouvoir / nouvelle_zelande_archipel_pacifique / education : Talia Faumuina
  breakdown / pro_pouvoir / nouvelle_zelande_archipel_pacifique / environnement_climat : Aroha Singh
  breakdown / pro_pouvoir / nouvelle_zelande_archipel_pacifique / faits_divers : Ropata Wihongi
  breakdown / pro_pouvoir / nouvelle_zelande_archipel_pacifique / histoire_patrimoine : Moana Kereopa
  breakdown / pro_pouvoir / nouvelle_zelande_archipel_pacifique / international : Talia Faumuina
  breakdown / pro_pouvoir / nouvelle_zelande_archipel_pacifique / lifestyle_art_de_vivre : Wiremu Te Aho
  breakdown / pro_pouvoir / nouvelle_zelande_archipel_pacifique / medias_communication : Hana Rangi
  breakdown / pro_pouvoir / nouvelle_zelande_archipel_pacifique / meteo : Aroha Singh
  breakdown / pro_pouvoir / nouvelle_zelande_archipel_pacifique / musique : Ropata Wihongi
  breakdown / pro_pouvoir / nouvelle_zelande_archipel_pacifique / opinions_editoriaux : Hana Rangi
  breakdown / pro_pouvoir / nouvelle_zelande_archipel_pacifique / petites_annonces_services : Wiremu Te Aho
  breakdown / pro_pouvoir / nouvelle_zelande_archipel_pacifique / politique : Hana Rangi
  breakdown / pro_pouvoir / nouvelle_zelande_archipel_pacifique / religion_spiritualite : Moana Kereopa
  breakdown / pro_pouvoir / nouvelle_zelande_archipel_pacifique / sante : Aroha Singh
  breakdown / pro_pouvoir / nouvelle_zelande_archipel_pacifique / sciences_technologies : Talia Faumuina
  breakdown / pro_pouvoir / nouvelle_zelande_archipel_pacifique / societe : Moana Kereopa
  breakdown / pro_pouvoir / nouvelle_zelande_archipel_pacifique / sports : Ropata Wihongi
  breakdown / pro_pouvoir / polynesie_centrale / actualites_a_la_une : Moana Tehei
  breakdown / pro_pouvoir / polynesie_centrale / culture : Raimana Vairaa
  breakdown / pro_pouvoir / polynesie_centrale / economie_finance : Vairaumati Teriipaia
  breakdown / pro_pouvoir / polynesie_centrale / education : Tuihana Tairua
  breakdown / pro_pouvoir / polynesie_centrale / environnement_climat : Ariihau Tuheiava
  breakdown / pro_pouvoir / polynesie_centrale / faits_divers : Hereiti Maraeura
  breakdown / pro_pouvoir / polynesie_centrale / histoire_patrimoine : Tuihana Tairua
  breakdown / pro_pouvoir / polynesie_centrale / international : Moana Tehei
  breakdown / pro_pouvoir / polynesie_centrale / lifestyle_art_de_vivre : Hereiti Maraeura
  breakdown / pro_pouvoir / polynesie_centrale / medias_communication : Vairaumati Teriipaia
  breakdown / pro_pouvoir / polynesie_centrale / meteo : Ariihau Tuheiava
  breakdown / pro_pouvoir / polynesie_centrale / musique : Raimana Vairaa
  breakdown / pro_pouvoir / polynesie_centrale / opinions_editoriaux : Moana Tehei
  breakdown / pro_pouvoir / polynesie_centrale / petites_annonces_services : Hereiti Maraeura
  breakdown / pro_pouvoir / polynesie_centrale / politique : Moana Tehei
  breakdown / pro_pouvoir / polynesie_centrale / religion_spiritualite : Tuihana Tairua
  breakdown / pro_pouvoir / polynesie_centrale / sante : Ariihau Tuheiava
  breakdown / pro_pouvoir / polynesie_centrale / sciences_technologies : Vairaumati Teriipaia
  breakdown / pro_pouvoir / polynesie_centrale / societe : Tuihana Tairua
  breakdown / pro_pouvoir / polynesie_centrale / sports : Raimana Vairaa
  breakdown / pro_pouvoir / republicque_dominicaine_etat_frontalier / actualites_a_la_une : Altagracia Núñez
  breakdown / pro_pouvoir / republicque_dominicaine_etat_frontalier / culture : Bienvenido Méndez
  breakdown / pro_pouvoir / republicque_dominicaine_etat_frontalier / economie_finance : Rafael de la Cruz
  breakdown / pro_pouvoir / republicque_dominicaine_etat_frontalier / education : Kelvin Rosario
  breakdown / pro_pouvoir / republicque_dominicaine_etat_frontalier / environnement_climat : Xiomara Peña
  breakdown / pro_pouvoir / republicque_dominicaine_etat_frontalier / faits_divers : Yudelka Jiménez
  breakdown / pro_pouvoir / republicque_dominicaine_etat_frontalier / histoire_patrimoine : Bienvenido Méndez
  breakdown / pro_pouvoir / republicque_dominicaine_etat_frontalier / international : Altagracia Núñez
  breakdown / pro_pouvoir / republicque_dominicaine_etat_frontalier / lifestyle_art_de_vivre : Rafael de la Cruz
  breakdown / pro_pouvoir / republicque_dominicaine_etat_frontalier / medias_communication : Kelvin Rosario
  breakdown / pro_pouvoir / republicque_dominicaine_etat_frontalier / meteo : Xiomara Peña
  breakdown / pro_pouvoir / republicque_dominicaine_etat_frontalier / musique : Bienvenido Méndez
  breakdown / pro_pouvoir / republicque_dominicaine_etat_frontalier / opinions_editoriaux : Altagracia Núñez
  breakdown / pro_pouvoir / republicque_dominicaine_etat_frontalier / petites_annonces_services : Rafael de la Cruz
  breakdown / pro_pouvoir / republicque_dominicaine_etat_frontalier / politique : Altagracia Núñez
  breakdown / pro_pouvoir / republicque_dominicaine_etat_frontalier / religion_spiritualite : Yudelka Jiménez
  breakdown / pro_pouvoir / republicque_dominicaine_etat_frontalier / sante : Xiomara Peña
  breakdown / pro_pouvoir / republicque_dominicaine_etat_frontalier / sciences_technologies : Kelvin Rosario
  breakdown / pro_pouvoir / republicque_dominicaine_etat_frontalier / societe : Yudelka Jiménez
  breakdown / pro_pouvoir / republicque_dominicaine_etat_frontalier / sports : Bienvenido Méndez
  breakdown / pro_pouvoir / salvador_enclave_resistante / culture : Sofía Beatriz Hernández
  breakdown / pro_pouvoir / salvador_enclave_resistante / economie_finance : Marvin Ernesto Cañas
  breakdown / pro_pouvoir / salvador_enclave_resistante / education : Óscar Armando Mejía
  breakdown / pro_pouvoir / salvador_enclave_resistante / environnement_climat : Ximena Guadalupe Rivas
  breakdown / pro_pouvoir / salvador_enclave_resistante / faits_divers : Julio César Argueta
  breakdown / pro_pouvoir / salvador_enclave_resistante / histoire_patrimoine : Óscar Armando Mejía
  breakdown / pro_pouvoir / salvador_enclave_resistante / international : Ana Lucía Escobar
  breakdown / pro_pouvoir / salvador_enclave_resistante / lifestyle_art_de_vivre : Sofía Beatriz Hernández
  breakdown / pro_pouvoir / salvador_enclave_resistante / medias_communication : Marvin Ernesto Cañas
  breakdown / pro_pouvoir / salvador_enclave_resistante / meteo : Ximena Guadalupe Rivas
  breakdown / pro_pouvoir / salvador_enclave_resistante / musique : Sofía Beatriz Hernández
  breakdown / pro_pouvoir / salvador_enclave_resistante / opinions_editoriaux : Ana Lucía Escobar
  breakdown / pro_pouvoir / salvador_enclave_resistante / religion_spiritualite : Óscar Armando Mejía
  breakdown / pro_pouvoir / salvador_enclave_resistante / sante : Ximena Guadalupe Rivas
  breakdown / pro_pouvoir / salvador_enclave_resistante / sciences_technologies : Marvin Ernesto Cañas
  breakdown / pro_pouvoir / salvador_enclave_resistante / societe : Óscar Armando Mejía
  breakdown / pro_pouvoir / salvador_enclave_resistante / sports : Sofía Beatriz Hernández
  breakdown / pro_pouvoir / venezuela_archipel_petrolier / actualites_a_la_une : Valentina Rojas
  breakdown / pro_pouvoir / venezuela_archipel_petrolier / culture : Yajaira Salcedo
  breakdown / pro_pouvoir / venezuela_archipel_petrolier / economie_finance : José Gregorio Paredes
  breakdown / pro_pouvoir / venezuela_archipel_petrolier / education : Mariela Uzcátegui
  breakdown / pro_pouvoir / venezuela_archipel_petrolier / environnement_climat : José Gregorio Paredes
  breakdown / pro_pouvoir / venezuela_archipel_petrolier / histoire_patrimoine : Yajaira Salcedo
  breakdown / pro_pouvoir / venezuela_archipel_petrolier / international : Rafael Briceño
  breakdown / pro_pouvoir / venezuela_archipel_petrolier / lifestyle_art_de_vivre : Luisana Figueroa
  breakdown / pro_pouvoir / venezuela_archipel_petrolier / medias_communication : Rafael Briceño
  breakdown / pro_pouvoir / venezuela_archipel_petrolier / meteo : José Gregorio Paredes
  breakdown / pro_pouvoir / venezuela_archipel_petrolier / musique : Yajaira Salcedo
  breakdown / pro_pouvoir / venezuela_archipel_petrolier / opinions_editoriaux : Valentina Rojas
  breakdown / pro_pouvoir / venezuela_archipel_petrolier / religion_spiritualite : Yajaira Salcedo
  breakdown / pro_pouvoir / venezuela_archipel_petrolier / sante : Mariela Uzcátegui
  breakdown / pro_pouvoir / venezuela_archipel_petrolier / sciences_technologies : José Gregorio Paredes
  breakdown / pro_pouvoir / venezuela_archipel_petrolier / societe : Mariela Uzcátegui
  breakdown / pro_pouvoir / venezuela_archipel_petrolier / sports : Luisana Figueroa
  breakdown / pro_pouvoir / zone_golfe_levant / actualites_a_la_une : Leïla al-Khatib
  breakdown / pro_pouvoir / zone_golfe_levant / culture : Yael Ben-Ami
  breakdown / pro_pouvoir / zone_golfe_levant / education : Noura al-Hamad
  breakdown / pro_pouvoir / zone_golfe_levant / environnement_climat : Reza Farhadi
  breakdown / pro_pouvoir / zone_golfe_levant / faits_divers : Samir Haddad
  breakdown / pro_pouvoir / zone_golfe_levant / histoire_patrimoine : Yael Ben-Ami
  breakdown / pro_pouvoir / zone_golfe_levant / international : Leïla al-Khatib
  breakdown / pro_pouvoir / zone_golfe_levant / lifestyle_art_de_vivre : Maryam al-Kuwari
  breakdown / pro_pouvoir / zone_golfe_levant / medias_communication : Samir Haddad
  breakdown / pro_pouvoir / zone_golfe_levant / meteo : Reza Farhadi
  breakdown / pro_pouvoir / zone_golfe_levant / musique : Yael Ben-Ami
  breakdown / pro_pouvoir / zone_golfe_levant / opinions_editoriaux : Leïla al-Khatib
  breakdown / pro_pouvoir / zone_golfe_levant / politique : Leïla al-Khatib
  breakdown / pro_pouvoir / zone_golfe_levant / religion_spiritualite : Yael Ben-Ami
  breakdown / pro_pouvoir / zone_golfe_levant / sante : Noura al-Hamad
  breakdown / pro_pouvoir / zone_golfe_levant / sciences_technologies : Reza Farhadi
  breakdown / pro_pouvoir / zone_golfe_levant / societe : Noura al-Hamad
  breakdown / pro_pouvoir / zone_golfe_levant / sports : Samir Haddad
  eco_communalism / opposition / afghanistan_hauts_plateaux_communautaires / actualites_a_la_une : Farzana Ahmadi
  eco_communalism / opposition / afghanistan_hauts_plateaux_communautaires / culture : Qais Noori
  eco_communalism / opposition / afghanistan_hauts_plateaux_communautaires / economie_finance : Rahimullah Safi
  eco_communalism / opposition / afghanistan_hauts_plateaux_communautaires / education : Zahra Karimi
  eco_communalism / opposition / afghanistan_hauts_plateaux_communautaires / environnement_climat : Rahimullah Safi
  eco_communalism / opposition / afghanistan_hauts_plateaux_communautaires / faits_divers : Hamid Barakzai
  eco_communalism / opposition / afghanistan_hauts_plateaux_communautaires / histoire_patrimoine : Qais Noori
  eco_communalism / opposition / afghanistan_hauts_plateaux_communautaires / international : Laila Waziri
  eco_communalism / opposition / afghanistan_hauts_plateaux_communautaires / lifestyle_art_de_vivre : Hamid Barakzai
  eco_communalism / opposition / afghanistan_hauts_plateaux_communautaires / medias_communication : Laila Waziri
  eco_communalism / opposition / afghanistan_hauts_plateaux_communautaires / meteo : Hamid Barakzai
  eco_communalism / opposition / afghanistan_hauts_plateaux_communautaires / musique : Qais Noori
  eco_communalism / opposition / afghanistan_hauts_plateaux_communautaires / opinions_editoriaux : Farzana Ahmadi
  eco_communalism / opposition / afghanistan_hauts_plateaux_communautaires / petites_annonces_services : Hamid Barakzai
  eco_communalism / opposition / afghanistan_hauts_plateaux_communautaires / politique : Farzana Ahmadi
  eco_communalism / opposition / afghanistan_hauts_plateaux_communautaires / religion_spiritualite : Qais Noori
  eco_communalism / opposition / afghanistan_hauts_plateaux_communautaires / sante : Zahra Karimi
  eco_communalism / opposition / afghanistan_hauts_plateaux_communautaires / sciences_technologies : Rahimullah Safi
  eco_communalism / opposition / afghanistan_hauts_plateaux_communautaires / societe : Zahra Karimi
  eco_communalism / opposition / afghanistan_hauts_plateaux_communautaires / sports : Laila Waziri
  eco_communalism / opposition / afrique_du_sud_bioterritoire / actualites_a_la_une : Lindiwe Mbeki
  eco_communalism / opposition / afrique_du_sud_bioterritoire / culture : Pieter Davids
  eco_communalism / opposition / afrique_du_sud_bioterritoire / economie_finance : Ayesha Hendricks
  eco_communalism / opposition / afrique_du_sud_bioterritoire / education : Nomsa Gqomfa
  eco_communalism / opposition / afrique_du_sud_bioterritoire / faits_divers : Thando Ndlovu
  eco_communalism / opposition / afrique_du_sud_bioterritoire / histoire_patrimoine : Pieter Davids
  eco_communalism / opposition / afrique_du_sud_bioterritoire / international : Thando Ndlovu
  eco_communalism / opposition / afrique_du_sud_bioterritoire / lifestyle_art_de_vivre : Zanele Plaatjies
  eco_communalism / opposition / afrique_du_sud_bioterritoire / medias_communication : Lindiwe Mbeki
  eco_communalism / opposition / afrique_du_sud_bioterritoire / meteo : Ayesha Hendricks
  eco_communalism / opposition / afrique_du_sud_bioterritoire / musique : Pieter Davids
  eco_communalism / opposition / afrique_du_sud_bioterritoire / opinions_editoriaux : Lindiwe Mbeki
  eco_communalism / opposition / afrique_du_sud_bioterritoire / petites_annonces_services : Nomsa Gqomfa
  eco_communalism / opposition / afrique_du_sud_bioterritoire / religion_spiritualite : Pieter Davids
  eco_communalism / opposition / afrique_du_sud_bioterritoire / sante : Nomsa Gqomfa
  eco_communalism / opposition / afrique_du_sud_bioterritoire / sciences_technologies : Ayesha Hendricks
  eco_communalism / opposition / afrique_du_sud_bioterritoire / societe : Nomsa Gqomfa
  eco_communalism / opposition / afrique_du_sud_bioterritoire / sports : Thando Ndlovu
  eco_communalism / opposition / amazonie_pacte_viva / actualites_a_la_une : Yara Tukano
  eco_communalism / opposition / amazonie_pacte_viva / culture : Aritana Pataxó
  eco_communalism / opposition / amazonie_pacte_viva / economie_finance : Célia Karipuna
  eco_communalism / opposition / amazonie_pacte_viva / education : Célia Karipuna
  eco_communalism / opposition / amazonie_pacte_viva / environnement_climat : Moisés Munduruku
  eco_communalism / opposition / amazonie_pacte_viva / faits_divers : Jéssica Yanomami
  eco_communalism / opposition / amazonie_pacte_viva / histoire_patrimoine : Yara Tukano
  eco_communalism / opposition / amazonie_pacte_viva / international : Aritana Pataxó
  eco_communalism / opposition / amazonie_pacte_viva / lifestyle_art_de_vivre : Raimundo Sateré-Mawé
  eco_communalism / opposition / amazonie_pacte_viva / medias_communication : Moisés Munduruku
  eco_communalism / opposition / amazonie_pacte_viva / meteo : Jéssica Yanomami
  eco_communalism / opposition / amazonie_pacte_viva / musique : Raimundo Sateré-Mawé
  eco_communalism / opposition / amazonie_pacte_viva / opinions_editoriaux : Aritana Pataxó
  eco_communalism / opposition / amazonie_pacte_viva / petites_annonces_services : Jéssica Yanomami
  eco_communalism / opposition / amazonie_pacte_viva / politique : Yara Tukano
  eco_communalism / opposition / amazonie_pacte_viva / religion_spiritualite : Yara Tukano
  eco_communalism / opposition / amazonie_pacte_viva / sante : Célia Karipuna
  eco_communalism / opposition / amazonie_pacte_viva / sciences_technologies : Moisés Munduruku
  eco_communalism / opposition / amazonie_pacte_viva / societe : Célia Karipuna
  eco_communalism / opposition / amazonie_pacte_viva / sports : Raimundo Sateré-Mawé
  eco_communalism / opposition / arc_septentrional / actualites_a_la_une : Aino Korhonen
  eco_communalism / opposition / arc_septentrional / culture : Linnea Andersson
  eco_communalism / opposition / arc_septentrional / economie_finance : Jānis Ozols
  eco_communalism / opposition / arc_septentrional / education : Kristjan Tamm
  eco_communalism / opposition / arc_septentrional / environnement_climat : Ingrid Nilsen
  eco_communalism / opposition / arc_septentrional / faits_divers : Jānis Ozols
  eco_communalism / opposition / arc_septentrional / histoire_patrimoine : Máret Rávdná Sara
  eco_communalism / opposition / arc_septentrional / international : Jānis Ozols
  eco_communalism / opposition / arc_septentrional / lifestyle_art_de_vivre : Linnea Andersson
  eco_communalism / opposition / arc_septentrional / medias_communication : Aino Korhonen
  eco_communalism / opposition / arc_septentrional / meteo : Ingrid Nilsen
  eco_communalism / opposition / arc_septentrional / musique : Linnea Andersson
  eco_communalism / opposition / arc_septentrional / opinions_editoriaux : Máret Rávdná Sara
  eco_communalism / opposition / arc_septentrional / petites_annonces_services : Kristjan Tamm
  eco_communalism / opposition / arc_septentrional / politique : Máret Rávdná Sara
  eco_communalism / opposition / arc_septentrional / religion_spiritualite : Máret Rávdná Sara
  eco_communalism / opposition / arc_septentrional / sante : Kristjan Tamm
  eco_communalism / opposition / arc_septentrional / sciences_technologies : Aino Korhonen
  eco_communalism / opposition / arc_septentrional / societe : Ingrid Nilsen
  eco_communalism / opposition / arc_septentrional / sports : Linnea Andersson
  eco_communalism / opposition / archipel_nusantara_autonome / actualites_a_la_une : Putri Lestari Ningrum
  eco_communalism / opposition / archipel_nusantara_autonome / culture : Lina Sariwangi
  eco_communalism / opposition / archipel_nusantara_autonome / economie_finance : Made Wirawan
  eco_communalism / opposition / archipel_nusantara_autonome / education : Nur Aisyah Rahman
  eco_communalism / opposition / archipel_nusantara_autonome / environnement_climat : Made Wirawan
  eco_communalism / opposition / archipel_nusantara_autonome / faits_divers : Timo Siregar
  eco_communalism / opposition / archipel_nusantara_autonome / histoire_patrimoine : Yusuf Latuconsina
  eco_communalism / opposition / archipel_nusantara_autonome / international : Yusuf Latuconsina
  eco_communalism / opposition / archipel_nusantara_autonome / lifestyle_art_de_vivre : Lina Sariwangi
  eco_communalism / opposition / archipel_nusantara_autonome / medias_communication : Putri Lestari Ningrum
  eco_communalism / opposition / archipel_nusantara_autonome / meteo : Made Wirawan
  eco_communalism / opposition / archipel_nusantara_autonome / musique : Lina Sariwangi
  eco_communalism / opposition / archipel_nusantara_autonome / opinions_editoriaux : Putri Lestari Ningrum
  eco_communalism / opposition / archipel_nusantara_autonome / petites_annonces_services : Nur Aisyah Rahman
  eco_communalism / opposition / archipel_nusantara_autonome / politique : Putri Lestari Ningrum
  eco_communalism / opposition / archipel_nusantara_autonome / religion_spiritualite : Yusuf Latuconsina
  eco_communalism / opposition / archipel_nusantara_autonome / sante : Nur Aisyah Rahman
  eco_communalism / opposition / archipel_nusantara_autonome / sciences_technologies : Made Wirawan
  eco_communalism / opposition / archipel_nusantara_autonome / societe : Nur Aisyah Rahman
  eco_communalism / opposition / archipel_nusantara_autonome / sports : Timo Siregar
  eco_communalism / opposition / australie_aborigene_reconstituee / actualites_a_la_une : Marlee Nampijinpa
  eco_communalism / opposition / australie_aborigene_reconstituee / culture : Waru Djerrkura
  eco_communalism / opposition / australie_aborigene_reconstituee / economie_finance : Jarra Tjapangati
  eco_communalism / opposition / australie_aborigene_reconstituee / education : Tali Napangardi
  eco_communalism / opposition / australie_aborigene_reconstituee / environnement_climat : Kirra Yunupingu
  eco_communalism / opposition / australie_aborigene_reconstituee / faits_divers : Lowanna Mbitjana
  eco_communalism / opposition / australie_aborigene_reconstituee / histoire_patrimoine : Waru Djerrkura
  eco_communalism / opposition / australie_aborigene_reconstituee / international : Jarra Tjapangati
  eco_communalism / opposition / australie_aborigene_reconstituee / lifestyle_art_de_vivre : Lowanna Mbitjana
  eco_communalism / opposition / australie_aborigene_reconstituee / medias_communication : Lowanna Mbitjana
  eco_communalism / opposition / australie_aborigene_reconstituee / meteo : Kirra Yunupingu
  eco_communalism / opposition / australie_aborigene_reconstituee / musique : Waru Djerrkura
  eco_communalism / opposition / australie_aborigene_reconstituee / opinions_editoriaux : Marlee Nampijinpa
  eco_communalism / opposition / australie_aborigene_reconstituee / petites_annonces_services : Jarra Tjapangati
  eco_communalism / opposition / australie_aborigene_reconstituee / politique : Marlee Nampijinpa
  eco_communalism / opposition / australie_aborigene_reconstituee / religion_spiritualite : Waru Djerrkura
  eco_communalism / opposition / australie_aborigene_reconstituee / sante : Tali Napangardi
  eco_communalism / opposition / australie_aborigene_reconstituee / sciences_technologies : Kirra Yunupingu
  eco_communalism / opposition / australie_aborigene_reconstituee / societe : Tali Napangardi
  eco_communalism / opposition / australie_aborigene_reconstituee / sports : Lowanna Mbitjana
  eco_communalism / opposition / bassin_danubien / actualites_a_la_une : Katalin Farkas
  eco_communalism / opposition / bassin_danubien / culture : Lukáš Horváth
  eco_communalism / opposition / bassin_danubien / economie_finance : Mihai Popescu
  eco_communalism / opposition / bassin_danubien / education : Anja Kovačević
  eco_communalism / opposition / bassin_danubien / faits_divers : Elena Stoica
  eco_communalism / opposition / bassin_danubien / histoire_patrimoine : Lukáš Horváth
  eco_communalism / opposition / bassin_danubien / international : Elena Stoica
  eco_communalism / opposition / bassin_danubien / lifestyle_art_de_vivre : Marko Petrović
  eco_communalism / opposition / bassin_danubien / medias_communication : Katalin Farkas
  eco_communalism / opposition / bassin_danubien / meteo : Mihai Popescu
  eco_communalism / opposition / bassin_danubien / musique : Lukáš Horváth
  eco_communalism / opposition / bassin_danubien / opinions_editoriaux : Katalin Farkas
  eco_communalism / opposition / bassin_danubien / petites_annonces_services : Anja Kovačević
  eco_communalism / opposition / bassin_danubien / politique : Katalin Farkas
  eco_communalism / opposition / bassin_danubien / religion_spiritualite : Lukáš Horváth
  eco_communalism / opposition / bassin_danubien / sante : Anja Kovačević
  eco_communalism / opposition / bassin_danubien / sciences_technologies : Mihai Popescu
  eco_communalism / opposition / bassin_danubien / sports : Elena Stoica
  eco_communalism / opposition / bengale_ecologique / actualites_a_la_une : Farhana Akter
  eco_communalism / opposition / bengale_ecologique / culture : Madhurima Das
  eco_communalism / opposition / bengale_ecologique / economie_finance : Arindam Chatterjee
  eco_communalism / opposition / bengale_ecologique / education : Taslima Khatun
  eco_communalism / opposition / bengale_ecologique / environnement_climat : Arindam Chatterjee
  eco_communalism / opposition / bengale_ecologique / faits_divers : Rafiq Mondal
  eco_communalism / opposition / bengale_ecologique / histoire_patrimoine : Sohail Rahman
  eco_communalism / opposition / bengale_ecologique / international : Sohail Rahman
  eco_communalism / opposition / bengale_ecologique / lifestyle_art_de_vivre : Madhurima Das
  eco_communalism / opposition / bengale_ecologique / medias_communication : Farhana Akter
  eco_communalism / opposition / bengale_ecologique / meteo : Arindam Chatterjee
  eco_communalism / opposition / bengale_ecologique / musique : Madhurima Das
  eco_communalism / opposition / bengale_ecologique / opinions_editoriaux : Farhana Akter
  eco_communalism / opposition / bengale_ecologique / petites_annonces_services : Taslima Khatun
  eco_communalism / opposition / bengale_ecologique / politique : Farhana Akter
  eco_communalism / opposition / bengale_ecologique / religion_spiritualite : Sohail Rahman
  eco_communalism / opposition / bengale_ecologique / sante : Taslima Khatun
  eco_communalism / opposition / bengale_ecologique / sciences_technologies : Arindam Chatterjee
  eco_communalism / opposition / bengale_ecologique / societe : Taslima Khatun
  eco_communalism / opposition / bengale_ecologique / sports : Rafiq Mondal
  eco_communalism / opposition / bioterritoires_amerique_du_nord / actualites_a_la_une : Rafael Chavez, dit « El Desmantelador »
  eco_communalism / opposition / bioterritoires_amerique_du_nord / culture : Tasha Brooks
  eco_communalism / opposition / bioterritoires_amerique_du_nord / economie_finance : Rafael Chavez, dit « El Desmantelador »
  eco_communalism / opposition / bioterritoires_amerique_du_nord / education : Étienne Bouchard
  eco_communalism / opposition / bioterritoires_amerique_du_nord / environnement_climat : Luz Hernández
  eco_communalism / opposition / bioterritoires_amerique_du_nord / faits_divers : Rafael Chavez, dit « El Desmantelador »
  eco_communalism / opposition / bioterritoires_amerique_du_nord / histoire_patrimoine : Aiyana Yazzie
  eco_communalism / opposition / bioterritoires_amerique_du_nord / international : Étienne Bouchard
  eco_communalism / opposition / bioterritoires_amerique_du_nord / lifestyle_art_de_vivre : Tasha Brooks
  eco_communalism / opposition / bioterritoires_amerique_du_nord / medias_communication : Étienne Bouchard
  eco_communalism / opposition / bioterritoires_amerique_du_nord / meteo : Luz Hernández
  eco_communalism / opposition / bioterritoires_amerique_du_nord / musique : Tasha Brooks
  eco_communalism / opposition / bioterritoires_amerique_du_nord / opinions_editoriaux : Aiyana Yazzie
  eco_communalism / opposition / bioterritoires_amerique_du_nord / petites_annonces_services : Priya Patel
  eco_communalism / opposition / bioterritoires_amerique_du_nord / politique : Aiyana Yazzie
  eco_communalism / opposition / bioterritoires_amerique_du_nord / religion_spiritualite : Aiyana Yazzie
  eco_communalism / opposition / bioterritoires_amerique_du_nord / sante : Luz Hernández
  eco_communalism / opposition / bioterritoires_amerique_du_nord / sciences_technologies : Priya Patel
  eco_communalism / opposition / bioterritoires_amerique_du_nord / societe : Rafael Chavez, dit « El Desmantelador »
  eco_communalism / opposition / bioterritoires_amerique_du_nord / sports : Tasha Brooks
  eco_communalism / opposition / bioterritoires_anatoliens / actualites_a_la_une : Elif Kaya
  eco_communalism / opposition / bioterritoires_anatoliens / culture : Nûrten Şahin
  eco_communalism / opposition / bioterritoires_anatoliens / economie_finance : Samer al-Khatib
  eco_communalism / opposition / bioterritoires_anatoliens / education : Nûrten Şahin
  eco_communalism / opposition / bioterritoires_anatoliens / environnement_climat : Zeynep Demirtaş
  eco_communalism / opposition / bioterritoires_anatoliens / faits_divers : Mehmet Can Aydın
  eco_communalism / opposition / bioterritoires_anatoliens / histoire_patrimoine : Nûrten Şahin
  eco_communalism / opposition / bioterritoires_anatoliens / international : Samer al-Khatib
  eco_communalism / opposition / bioterritoires_anatoliens / lifestyle_art_de_vivre : Mehmet Can Aydın
  eco_communalism / opposition / bioterritoires_anatoliens / medias_communication : Samer al-Khatib
  eco_communalism / opposition / bioterritoires_anatoliens / meteo : Zeynep Demirtaş
  eco_communalism / opposition / bioterritoires_anatoliens / musique : Nûrten Şahin
  eco_communalism / opposition / bioterritoires_anatoliens / opinions_editoriaux : Elif Kaya
  eco_communalism / opposition / bioterritoires_anatoliens / petites_annonces_services : Mehmet Can Aydın
  eco_communalism / opposition / bioterritoires_anatoliens / politique : Elif Kaya
  eco_communalism / opposition / bioterritoires_anatoliens / religion_spiritualite : Rojîn Baran
  eco_communalism / opposition / bioterritoires_anatoliens / sante : Rojîn Baran
  eco_communalism / opposition / bioterritoires_anatoliens / sciences_technologies : Zeynep Demirtaş
  eco_communalism / opposition / bioterritoires_anatoliens / societe : Rojîn Baran
  eco_communalism / opposition / bioterritoires_anatoliens / sports : Mehmet Can Aydın
  eco_communalism / opposition / birmanie_forets_et_deltas / actualites_a_la_une : Thin Zar Htun
  eco_communalism / opposition / birmanie_forets_et_deltas / culture : Mya Thandar Win
  eco_communalism / opposition / birmanie_forets_et_deltas / economie_finance : Sai Hkam Leng
  eco_communalism / opposition / birmanie_forets_et_deltas / education : Naw Eh Moo
  eco_communalism / opposition / birmanie_forets_et_deltas / faits_divers : Aye Chan Mon
  eco_communalism / opposition / birmanie_forets_et_deltas / histoire_patrimoine : Mya Thandar Win
  eco_communalism / opposition / birmanie_forets_et_deltas / international : Thin Zar Htun
  eco_communalism / opposition / birmanie_forets_et_deltas / lifestyle_art_de_vivre : Aye Chan Mon
  eco_communalism / opposition / birmanie_forets_et_deltas / medias_communication : Aye Chan Mon
  eco_communalism / opposition / birmanie_forets_et_deltas / meteo : Sai Hkam Leng
  eco_communalism / opposition / birmanie_forets_et_deltas / musique : Mya Thandar Win
  eco_communalism / opposition / birmanie_forets_et_deltas / opinions_editoriaux : Thin Zar Htun
  eco_communalism / opposition / birmanie_forets_et_deltas / petites_annonces_services : Naw Eh Moo
  eco_communalism / opposition / birmanie_forets_et_deltas / politique : Thin Zar Htun
  eco_communalism / opposition / birmanie_forets_et_deltas / religion_spiritualite : Mya Thandar Win
  eco_communalism / opposition / birmanie_forets_et_deltas / sante : Naw Eh Moo
  eco_communalism / opposition / birmanie_forets_et_deltas / sciences_technologies : Sai Hkam Leng
  eco_communalism / opposition / birmanie_forets_et_deltas / sports : Ko Min Zaw
  eco_communalism / opposition / caraibes_insulaires_autonomes / actualites_a_la_une : Mireya Jean-Baptiste
  eco_communalism / opposition / caraibes_insulaires_autonomes / culture : Solange Célestin
  eco_communalism / opposition / caraibes_insulaires_autonomes / education : Anacaona Pierre-Louis
  eco_communalism / opposition / caraibes_insulaires_autonomes / faits_divers : Darnell Baptiste
  eco_communalism / opposition / caraibes_insulaires_autonomes / histoire_patrimoine : Solange Célestin
  eco_communalism / opposition / caraibes_insulaires_autonomes / international : Darnell Baptiste
  eco_communalism / opposition / caraibes_insulaires_autonomes / lifestyle_art_de_vivre : Rafaelina Morales
  eco_communalism / opposition / caraibes_insulaires_autonomes / medias_communication : Mireya Jean-Baptiste
  eco_communalism / opposition / caraibes_insulaires_autonomes / meteo : Kévin Alcindor
  eco_communalism / opposition / caraibes_insulaires_autonomes / musique : Solange Célestin
  eco_communalism / opposition / caraibes_insulaires_autonomes / opinions_editoriaux : Mireya Jean-Baptiste
  eco_communalism / opposition / caraibes_insulaires_autonomes / petites_annonces_services : Kévin Alcindor
  eco_communalism / opposition / caraibes_insulaires_autonomes / politique : Mireya Jean-Baptiste
  eco_communalism / opposition / caraibes_insulaires_autonomes / religion_spiritualite : Anacaona Pierre-Louis
  eco_communalism / opposition / caraibes_insulaires_autonomes / sante : Anacaona Pierre-Louis
  eco_communalism / opposition / caraibes_insulaires_autonomes / sciences_technologies : Darnell Baptiste
  eco_communalism / opposition / caraibes_insulaires_autonomes / societe : Anacaona Pierre-Louis
  eco_communalism / opposition / caraibes_insulaires_autonomes / sports : Rafaelina Morales
  eco_communalism / opposition / chiapas_et_bioterritoires_mesoamericains / actualites_a_la_une : Marichuy Gómez López
  eco_communalism / opposition / chiapas_et_bioterritoires_mesoamericains / culture : Estela Hernández Jiménez
  eco_communalism / opposition / chiapas_et_bioterritoires_mesoamericains / economie_finance : Juan Bats'i Méndez
  eco_communalism / opposition / chiapas_et_bioterritoires_mesoamericains / education : Nayeli Sánchez Díaz
  eco_communalism / opposition / chiapas_et_bioterritoires_mesoamericains / environnement_climat : Xun Pérez Gómez
  eco_communalism / opposition / chiapas_et_bioterritoires_mesoamericains / faits_divers : Mateo López Ruiz
  eco_communalism / opposition / chiapas_et_bioterritoires_mesoamericains / histoire_patrimoine : Xun Pérez Gómez
  eco_communalism / opposition / chiapas_et_bioterritoires_mesoamericains / international : Mateo López Ruiz
  eco_communalism / opposition / chiapas_et_bioterritoires_mesoamericains / lifestyle_art_de_vivre : Estela Hernández Jiménez
  eco_communalism / opposition / chiapas_et_bioterritoires_mesoamericains / medias_communication : Juan Bats'i Méndez
  eco_communalism / opposition / chiapas_et_bioterritoires_mesoamericains / meteo : Xun Pérez Gómez
  eco_communalism / opposition / chiapas_et_bioterritoires_mesoamericains / musique : Estela Hernández Jiménez
  eco_communalism / opposition / chiapas_et_bioterritoires_mesoamericains / opinions_editoriaux : Marichuy Gómez López
  eco_communalism / opposition / chiapas_et_bioterritoires_mesoamericains / petites_annonces_services : Mateo López Ruiz
  eco_communalism / opposition / chiapas_et_bioterritoires_mesoamericains / politique : Marichuy Gómez López
  eco_communalism / opposition / chiapas_et_bioterritoires_mesoamericains / religion_spiritualite : Xun Pérez Gómez
  eco_communalism / opposition / chiapas_et_bioterritoires_mesoamericains / sante : Nayeli Sánchez Díaz
  eco_communalism / opposition / chiapas_et_bioterritoires_mesoamericains / sciences_technologies : Juan Bats'i Méndez
  eco_communalism / opposition / chiapas_et_bioterritoires_mesoamericains / societe : Nayeli Sánchez Díaz
  eco_communalism / opposition / chiapas_et_bioterritoires_mesoamericains / sports : Mateo López Ruiz
  eco_communalism / opposition / chili_cordillere_et_pacifique / actualites_a_la_une : Camila Millán
  eco_communalism / opposition / chili_cordillere_et_pacifique / culture : Diego Huanca
  eco_communalism / opposition / chili_cordillere_et_pacifique / economie_finance : Tomás Araya
  eco_communalism / opposition / chili_cordillere_et_pacifique / education : Valentina Rojas
  eco_communalism / opposition / chili_cordillere_et_pacifique / environnement_climat : Tomás Araya
  eco_communalism / opposition / chili_cordillere_et_pacifique / faits_divers : Ignacio Sepúlveda
  eco_communalism / opposition / chili_cordillere_et_pacifique / histoire_patrimoine : Diego Huanca
  eco_communalism / opposition / chili_cordillere_et_pacifique / international : Marisol Pizarro
  eco_communalism / opposition / chili_cordillere_et_pacifique / lifestyle_art_de_vivre : Ignacio Sepúlveda
  eco_communalism / opposition / chili_cordillere_et_pacifique / medias_communication : Marisol Pizarro
  eco_communalism / opposition / chili_cordillere_et_pacifique / meteo : Ignacio Sepúlveda
  eco_communalism / opposition / chili_cordillere_et_pacifique / musique : Diego Huanca
  eco_communalism / opposition / chili_cordillere_et_pacifique / opinions_editoriaux : Camila Millán
  eco_communalism / opposition / chili_cordillere_et_pacifique / petites_annonces_services : Ignacio Sepúlveda
  eco_communalism / opposition / chili_cordillere_et_pacifique / politique : Camila Millán
  eco_communalism / opposition / chili_cordillere_et_pacifique / religion_spiritualite : Diego Huanca
  eco_communalism / opposition / chili_cordillere_et_pacifique / sante : Valentina Rojas
  eco_communalism / opposition / chili_cordillere_et_pacifique / sciences_technologies : Tomás Araya
  eco_communalism / opposition / chili_cordillere_et_pacifique / societe : Valentina Rojas
  eco_communalism / opposition / chili_cordillere_et_pacifique / sports : Marisol Pizarro
  eco_communalism / opposition / congo_bassin_du_fleuve / actualites_a_la_une : Clarisse Mavungu
  eco_communalism / opposition / congo_bassin_du_fleuve / culture : Serge Moke
  eco_communalism / opposition / congo_bassin_du_fleuve / economie_finance : Dieudonné Ilunga
  eco_communalism / opposition / congo_bassin_du_fleuve / education : Grâce Bolamba
  eco_communalism / opposition / congo_bassin_du_fleuve / histoire_patrimoine : Serge Moke
  eco_communalism / opposition / congo_bassin_du_fleuve / international : Amina Lokwa
  eco_communalism / opposition / congo_bassin_du_fleuve / lifestyle_art_de_vivre : Patrice Ndombi
  eco_communalism / opposition / congo_bassin_du_fleuve / medias_communication : Amina Lokwa
  eco_communalism / opposition / congo_bassin_du_fleuve / meteo : Dieudonné Ilunga
  eco_communalism / opposition / congo_bassin_du_fleuve / musique : Serge Moke
  eco_communalism / opposition / congo_bassin_du_fleuve / opinions_editoriaux : Clarisse Mavungu
  eco_communalism / opposition / congo_bassin_du_fleuve / petites_annonces_services : Grâce Bolamba
  eco_communalism / opposition / congo_bassin_du_fleuve / politique : Clarisse Mavungu
  eco_communalism / opposition / congo_bassin_du_fleuve / religion_spiritualite : Serge Moke
  eco_communalism / opposition / congo_bassin_du_fleuve / sante : Grâce Bolamba
  eco_communalism / opposition / congo_bassin_du_fleuve / sciences_technologies : Dieudonné Ilunga
  eco_communalism / opposition / congo_bassin_du_fleuve / societe : Grâce Bolamba
  eco_communalism / opposition / congo_bassin_du_fleuve / sports : Amina Lokwa
  eco_communalism / opposition / coree_du_nord_bioterritoires_demanteles / actualites_a_la_une : Kim Hye-jin
  eco_communalism / opposition / coree_du_nord_bioterritoires_demanteles / culture : Yun Ji-hye
  eco_communalism / opposition / coree_du_nord_bioterritoires_demanteles / economie_finance : Ri Chol-min
  eco_communalism / opposition / coree_du_nord_bioterritoires_demanteles / education : Ri Un-ju
  eco_communalism / opposition / coree_du_nord_bioterritoires_demanteles / faits_divers : Kang So-yong
  eco_communalism / opposition / coree_du_nord_bioterritoires_demanteles / histoire_patrimoine : Yun Ji-hye
  eco_communalism / opposition / coree_du_nord_bioterritoires_demanteles / international : Kim Hye-jin
  eco_communalism / opposition / coree_du_nord_bioterritoires_demanteles / lifestyle_art_de_vivre : Kang So-yong
  eco_communalism / opposition / coree_du_nord_bioterritoires_demanteles / medias_communication : Kang So-yong
  eco_communalism / opposition / coree_du_nord_bioterritoires_demanteles / meteo : Ri Chol-min
  eco_communalism / opposition / coree_du_nord_bioterritoires_demanteles / musique : Yun Ji-hye
  eco_communalism / opposition / coree_du_nord_bioterritoires_demanteles / opinions_editoriaux : Kim Hye-jin
  eco_communalism / opposition / coree_du_nord_bioterritoires_demanteles / petites_annonces_services : Ri Un-ju
  eco_communalism / opposition / coree_du_nord_bioterritoires_demanteles / politique : Kim Hye-jin
  eco_communalism / opposition / coree_du_nord_bioterritoires_demanteles / religion_spiritualite : Yun Ji-hye
  eco_communalism / opposition / coree_du_nord_bioterritoires_demanteles / sante : Ri Un-ju
  eco_communalism / opposition / coree_du_nord_bioterritoires_demanteles / sciences_technologies : Ri Chol-min
  eco_communalism / opposition / coree_du_nord_bioterritoires_demanteles / sports : Han Kyong-nam
  eco_communalism / opposition / coree_peninsule_verte / actualites_a_la_une : Ji-eun Park
  eco_communalism / opposition / coree_peninsule_verte / culture : Hye-rin Kwon
  eco_communalism / opposition / coree_peninsule_verte / economie_finance : Min-seok Han
  eco_communalism / opposition / coree_peninsule_verte / education : Seo-yeon Choi
  eco_communalism / opposition / coree_peninsule_verte / environnement_climat : Min-seok Han
  eco_communalism / opposition / coree_peninsule_verte / faits_divers : Ara Kim
  eco_communalism / opposition / coree_peninsule_verte / histoire_patrimoine : Hye-rin Kwon
  eco_communalism / opposition / coree_peninsule_verte / international : Joon-ho Lee
  eco_communalism / opposition / coree_peninsule_verte / lifestyle_art_de_vivre : Ara Kim
  eco_communalism / opposition / coree_peninsule_verte / medias_communication : Joon-ho Lee
  eco_communalism / opposition / coree_peninsule_verte / meteo : Ara Kim
  eco_communalism / opposition / coree_peninsule_verte / musique : Hye-rin Kwon
  eco_communalism / opposition / coree_peninsule_verte / opinions_editoriaux : Ji-eun Park
  eco_communalism / opposition / coree_peninsule_verte / petites_annonces_services : Ara Kim
  eco_communalism / opposition / coree_peninsule_verte / politique : Ji-eun Park
  eco_communalism / opposition / coree_peninsule_verte / religion_spiritualite : Hye-rin Kwon
  eco_communalism / opposition / coree_peninsule_verte / sante : Seo-yeon Choi
  eco_communalism / opposition / coree_peninsule_verte / sciences_technologies : Min-seok Han
  eco_communalism / opposition / coree_peninsule_verte / societe : Seo-yeon Choi
  eco_communalism / opposition / coree_peninsule_verte / sports : Joon-ho Lee
  eco_communalism / opposition / corne_afrique_nomade / actualites_a_la_une : Asha Warsame
  eco_communalism / opposition / corne_afrique_nomade / culture : Hodan Yusuf
  eco_communalism / opposition / corne_afrique_nomade / economie_finance : Abdiqani Guled
  eco_communalism / opposition / corne_afrique_nomade / education : Nimo Geedi
  eco_communalism / opposition / corne_afrique_nomade / environnement_climat : Abdiqani Guled
  eco_communalism / opposition / corne_afrique_nomade / faits_divers : Ismaaciil Samatar
  eco_communalism / opposition / corne_afrique_nomade / histoire_patrimoine : Hodan Yusuf
  eco_communalism / opposition / corne_afrique_nomade / international : Ismaaciil Samatar
  eco_communalism / opposition / corne_afrique_nomade / lifestyle_art_de_vivre : Hodan Yusuf
  eco_communalism / opposition / corne_afrique_nomade / medias_communication : Ismaaciil Samatar
  eco_communalism / opposition / corne_afrique_nomade / meteo : Sahra Axmed
  eco_communalism / opposition / corne_afrique_nomade / musique : Hodan Yusuf
  eco_communalism / opposition / corne_afrique_nomade / opinions_editoriaux : Asha Warsame
  eco_communalism / opposition / corne_afrique_nomade / petites_annonces_services : Sahra Axmed
  eco_communalism / opposition / corne_afrique_nomade / politique : Asha Warsame
  eco_communalism / opposition / corne_afrique_nomade / religion_spiritualite : Nimo Geedi
  eco_communalism / opposition / corne_afrique_nomade / sante : Nimo Geedi
  eco_communalism / opposition / corne_afrique_nomade / sciences_technologies : Abdiqani Guled
  eco_communalism / opposition / corne_afrique_nomade / societe : Nimo Geedi
  eco_communalism / opposition / corne_afrique_nomade / sports : Sahra Axmed
  eco_communalism / opposition / delta_et_savanes_nigerianes / actualites_a_la_une : Ebiere Okon
  eco_communalism / opposition / delta_et_savanes_nigerianes / culture : Hauwa Abdullahi
  eco_communalism / opposition / delta_et_savanes_nigerianes / economie_finance : Chinedu Nwankwo
  eco_communalism / opposition / delta_et_savanes_nigerianes / education : Amina Garba
  eco_communalism / opposition / delta_et_savanes_nigerianes / environnement_climat : Ebiere Okon
  eco_communalism / opposition / delta_et_savanes_nigerianes / faits_divers : Ebiere Okon
  eco_communalism / opposition / delta_et_savanes_nigerianes / histoire_patrimoine : Hauwa Abdullahi
  eco_communalism / opposition / delta_et_savanes_nigerianes / international : Chinedu Nwankwo
  eco_communalism / opposition / delta_et_savanes_nigerianes / lifestyle_art_de_vivre : Segun Oladipo
  eco_communalism / opposition / delta_et_savanes_nigerianes / medias_communication : Tamuno Briggs
  eco_communalism / opposition / delta_et_savanes_nigerianes / meteo : Tamuno Briggs
  eco_communalism / opposition / delta_et_savanes_nigerianes / musique : Segun Oladipo
  eco_communalism / opposition / delta_et_savanes_nigerianes / opinions_editoriaux : Hauwa Abdullahi
  eco_communalism / opposition / delta_et_savanes_nigerianes / petites_annonces_services : Segun Oladipo
  eco_communalism / opposition / delta_et_savanes_nigerianes / politique : Chinedu Nwankwo
  eco_communalism / opposition / delta_et_savanes_nigerianes / religion_spiritualite : Hauwa Abdullahi
  eco_communalism / opposition / delta_et_savanes_nigerianes / sante : Amina Garba
  eco_communalism / opposition / delta_et_savanes_nigerianes / sciences_technologies : Tamuno Briggs
  eco_communalism / opposition / delta_et_savanes_nigerianes / societe : Amina Garba
  eco_communalism / opposition / delta_et_savanes_nigerianes / sports : Segun Oladipo
  eco_communalism / opposition / delta_mekong_communautaire / actualites_a_la_une : Trương Thị Bích Ngọc
  eco_communalism / opposition / delta_mekong_communautaire / culture : Võ Mai Anh
  eco_communalism / opposition / delta_mekong_communautaire / economie_finance : Trần Minh Khoa
  eco_communalism / opposition / delta_mekong_communautaire / education : Phạm Hương Giang
  eco_communalism / opposition / delta_mekong_communautaire / environnement_climat : Trần Minh Khoa
  eco_communalism / opposition / delta_mekong_communautaire / faits_divers : Đặng Văn Tâm
  eco_communalism / opposition / delta_mekong_communautaire / histoire_patrimoine : Lê Quốc Bảo
  eco_communalism / opposition / delta_mekong_communautaire / international : Lê Quốc Bảo
  eco_communalism / opposition / delta_mekong_communautaire / lifestyle_art_de_vivre : Võ Mai Anh
  eco_communalism / opposition / delta_mekong_communautaire / medias_communication : Trương Thị Bích Ngọc
  eco_communalism / opposition / delta_mekong_communautaire / meteo : Trần Minh Khoa
  eco_communalism / opposition / delta_mekong_communautaire / musique : Võ Mai Anh
  eco_communalism / opposition / delta_mekong_communautaire / opinions_editoriaux : Trương Thị Bích Ngọc
  eco_communalism / opposition / delta_mekong_communautaire / petites_annonces_services : Phạm Hương Giang
  eco_communalism / opposition / delta_mekong_communautaire / politique : Trương Thị Bích Ngọc
  eco_communalism / opposition / delta_mekong_communautaire / religion_spiritualite : Lê Quốc Bảo
  eco_communalism / opposition / delta_mekong_communautaire / sante : Phạm Hương Giang
  eco_communalism / opposition / delta_mekong_communautaire / sciences_technologies : Trần Minh Khoa
  eco_communalism / opposition / delta_mekong_communautaire / societe : Phạm Hương Giang
  eco_communalism / opposition / delta_mekong_communautaire / sports : Đặng Văn Tâm
  eco_communalism / opposition / enclaves_extractivistes_et_etats_residuels / actualites_a_la_une : Amina Benyahia
  eco_communalism / opposition / enclaves_extractivistes_et_etats_residuels / culture : Mateo Quispe
  eco_communalism / opposition / enclaves_extractivistes_et_etats_residuels / economie_finance : Joaquim 'Quebra-Pedra' Ferreira
  eco_communalism / opposition / enclaves_extractivistes_et_etats_residuels / education : Olena Kovalenko
  eco_communalism / opposition / enclaves_extractivistes_et_etats_residuels / environnement_climat : Li Wei
  eco_communalism / opposition / enclaves_extractivistes_et_etats_residuels / faits_divers : Thandiwe Ndlovu
  eco_communalism / opposition / enclaves_extractivistes_et_etats_residuels / histoire_patrimoine : Mateo Quispe
  eco_communalism / opposition / enclaves_extractivistes_et_etats_residuels / international : Thandiwe Ndlovu
  eco_communalism / opposition / enclaves_extractivistes_et_etats_residuels / lifestyle_art_de_vivre : Thandiwe Ndlovu
  eco_communalism / opposition / enclaves_extractivistes_et_etats_residuels / medias_communication : Joaquim 'Quebra-Pedra' Ferreira
  eco_communalism / opposition / enclaves_extractivistes_et_etats_residuels / meteo : Li Wei
  eco_communalism / opposition / enclaves_extractivistes_et_etats_residuels / musique : Mateo Quispe
  eco_communalism / opposition / enclaves_extractivistes_et_etats_residuels / opinions_editoriaux : Amina Benyahia
  eco_communalism / opposition / enclaves_extractivistes_et_etats_residuels / petites_annonces_services : Olena Kovalenko
  eco_communalism / opposition / enclaves_extractivistes_et_etats_residuels / politique : Amina Benyahia
  eco_communalism / opposition / enclaves_extractivistes_et_etats_residuels / religion_spiritualite : Mateo Quispe
  eco_communalism / opposition / enclaves_extractivistes_et_etats_residuels / sante : Li Wei
  eco_communalism / opposition / enclaves_extractivistes_et_etats_residuels / sciences_technologies : Joaquim 'Quebra-Pedra' Ferreira
  eco_communalism / opposition / enclaves_extractivistes_et_etats_residuels / societe : Olena Kovalenko
  eco_communalism / opposition / enclaves_extractivistes_et_etats_residuels / sports : Thandiwe Ndlovu
  eco_communalism / opposition / ethiopie_hautes_terres_vertes / actualites_a_la_une : Hirut Tesfaye
  eco_communalism / opposition / ethiopie_hautes_terres_vertes / culture : Mekdes Gebre
  eco_communalism / opposition / ethiopie_hautes_terres_vertes / economie_finance : Tigist Assefa
  eco_communalism / opposition / ethiopie_hautes_terres_vertes / education : Kebedech Worku
  eco_communalism / opposition / ethiopie_hautes_terres_vertes / faits_divers : Abdi Tola
  eco_communalism / opposition / ethiopie_hautes_terres_vertes / histoire_patrimoine : Mekdes Gebre
  eco_communalism / opposition / ethiopie_hautes_terres_vertes / international : Abdi Tola
  eco_communalism / opposition / ethiopie_hautes_terres_vertes / lifestyle_art_de_vivre : Yonas Haile
  eco_communalism / opposition / ethiopie_hautes_terres_vertes / medias_communication : Hirut Tesfaye
  eco_communalism / opposition / ethiopie_hautes_terres_vertes / meteo : Tigist Assefa
  eco_communalism / opposition / ethiopie_hautes_terres_vertes / musique : Mekdes Gebre
  eco_communalism / opposition / ethiopie_hautes_terres_vertes / opinions_editoriaux : Hirut Tesfaye
  eco_communalism / opposition / ethiopie_hautes_terres_vertes / petites_annonces_services : Kebedech Worku
  eco_communalism / opposition / ethiopie_hautes_terres_vertes / religion_spiritualite : Mekdes Gebre
  eco_communalism / opposition / ethiopie_hautes_terres_vertes / sante : Kebedech Worku
  eco_communalism / opposition / ethiopie_hautes_terres_vertes / sciences_technologies : Tigist Assefa
  eco_communalism / opposition / ethiopie_hautes_terres_vertes / societe : Kebedech Worku
  eco_communalism / opposition / ethiopie_hautes_terres_vertes / sports : Abdi Tola
  eco_communalism / opposition / europe_occidentale_reconstituee / actualites_a_la_une : Maëlle Le Goff
  eco_communalism / opposition / europe_occidentale_reconstituee / economie_finance : Luca Bellandi
  eco_communalism / opposition / europe_occidentale_reconstituee / education : Anke Müller
  eco_communalism / opposition / europe_occidentale_reconstituee / environnement_climat : Luca Bellandi
  eco_communalism / opposition / europe_occidentale_reconstituee / faits_divers : Tiziano Ricci
  eco_communalism / opposition / europe_occidentale_reconstituee / histoire_patrimoine : Salomé Van den Broeck
  eco_communalism / opposition / europe_occidentale_reconstituee / international : Tiziano Ricci
  eco_communalism / opposition / europe_occidentale_reconstituee / lifestyle_art_de_vivre : Salomé Van den Broeck
  eco_communalism / opposition / europe_occidentale_reconstituee / medias_communication : Maëlle Le Goff
  eco_communalism / opposition / europe_occidentale_reconstituee / meteo : Luca Bellandi
  eco_communalism / opposition / europe_occidentale_reconstituee / musique : Clémence Arnaud
  eco_communalism / opposition / europe_occidentale_reconstituee / opinions_editoriaux : Maëlle Le Goff
  eco_communalism / opposition / europe_occidentale_reconstituee / petites_annonces_services : Anke Müller
  eco_communalism / opposition / europe_occidentale_reconstituee / politique : Maëlle Le Goff
  eco_communalism / opposition / europe_occidentale_reconstituee / religion_spiritualite : Clémence Arnaud
  eco_communalism / opposition / europe_occidentale_reconstituee / sante : Anke Müller
  eco_communalism / opposition / europe_occidentale_reconstituee / sciences_technologies : Luca Bellandi
  eco_communalism / opposition / europe_occidentale_reconstituee / sports : Tiziano Ricci
  eco_communalism / opposition / inde_bassins_sacres / actualites_a_la_une : Nandini Mishra
  eco_communalism / opposition / inde_bassins_sacres / culture : Kavitha Reddy
  eco_communalism / opposition / inde_bassins_sacres / economie_finance : Aarif Khan
  eco_communalism / opposition / inde_bassins_sacres / education : Meera Patil
  eco_communalism / opposition / inde_bassins_sacres / faits_divers : Suresh Yadav
  eco_communalism / opposition / inde_bassins_sacres / histoire_patrimoine : Kavitha Reddy
  eco_communalism / opposition / inde_bassins_sacres / international : Nandini Mishra
  eco_communalism / opposition / inde_bassins_sacres / lifestyle_art_de_vivre : Harjit Kaur
  eco_communalism / opposition / inde_bassins_sacres / medias_communication : Harjit Kaur
  eco_communalism / opposition / inde_bassins_sacres / meteo : Aarif Khan
  eco_communalism / opposition / inde_bassins_sacres / musique : Kavitha Reddy
  eco_communalism / opposition / inde_bassins_sacres / opinions_editoriaux : Nandini Mishra
  eco_communalism / opposition / inde_bassins_sacres / petites_annonces_services : Meera Patil
  eco_communalism / opposition / inde_bassins_sacres / politique : Nandini Mishra
  eco_communalism / opposition / inde_bassins_sacres / religion_spiritualite : Kavitha Reddy
  eco_communalism / opposition / inde_bassins_sacres / sante : Meera Patil
  eco_communalism / opposition / inde_bassins_sacres / sciences_technologies : Aarif Khan
  eco_communalism / opposition / inde_bassins_sacres / sports : Harjit Kaur
  eco_communalism / opposition / japon_archipel_resilient / actualites_a_la_une : Hana Yoshida
  eco_communalism / opposition / japon_archipel_resilient / culture : Daichi Kato
  eco_communalism / opposition / japon_archipel_resilient / economie_finance : Riku Shimizu
  eco_communalism / opposition / japon_archipel_resilient / education : Sora Fujimoto
  eco_communalism / opposition / japon_archipel_resilient / faits_divers : Ren Ishikawa
  eco_communalism / opposition / japon_archipel_resilient / histoire_patrimoine : Daichi Kato
  eco_communalism / opposition / japon_archipel_resilient / international : Hana Yoshida
  eco_communalism / opposition / japon_archipel_resilient / lifestyle_art_de_vivre : Mei Watanabe
  eco_communalism / opposition / japon_archipel_resilient / medias_communication : Mei Watanabe
  eco_communalism / opposition / japon_archipel_resilient / meteo : Riku Shimizu
  eco_communalism / opposition / japon_archipel_resilient / musique : Daichi Kato
  eco_communalism / opposition / japon_archipel_resilient / opinions_editoriaux : Hana Yoshida
  eco_communalism / opposition / japon_archipel_resilient / petites_annonces_services : Sora Fujimoto
  eco_communalism / opposition / japon_archipel_resilient / politique : Hana Yoshida
  eco_communalism / opposition / japon_archipel_resilient / religion_spiritualite : Daichi Kato
  eco_communalism / opposition / japon_archipel_resilient / sante : Sora Fujimoto
  eco_communalism / opposition / japon_archipel_resilient / societe : Sora Fujimoto
  eco_communalism / opposition / japon_archipel_resilient / sports : Mei Watanabe
  eco_communalism / opposition / madagascar_biodiversite_autonome / actualites_a_la_une : Mialy Rabe
  eco_communalism / opposition / madagascar_biodiversite_autonome / culture : Hery Razafindrakoto
  eco_communalism / opposition / madagascar_biodiversite_autonome / economie_finance : Andry Rakotomalala
  eco_communalism / opposition / madagascar_biodiversite_autonome / education : Fara Randriamampionona
  eco_communalism / opposition / madagascar_biodiversite_autonome / environnement_climat : Andry Rakotomalala
  eco_communalism / opposition / madagascar_biodiversite_autonome / faits_divers : Soa Andriamanantena
  eco_communalism / opposition / madagascar_biodiversite_autonome / histoire_patrimoine : Hery Razafindrakoto
  eco_communalism / opposition / madagascar_biodiversite_autonome / international : Soa Andriamanantena
  eco_communalism / opposition / madagascar_biodiversite_autonome / lifestyle_art_de_vivre : Lova Rasoanirina
  eco_communalism / opposition / madagascar_biodiversite_autonome / medias_communication : Soa Andriamanantena
  eco_communalism / opposition / madagascar_biodiversite_autonome / meteo : Lova Rasoanirina
  eco_communalism / opposition / madagascar_biodiversite_autonome / musique : Hery Razafindrakoto
  eco_communalism / opposition / madagascar_biodiversite_autonome / opinions_editoriaux : Mialy Rabe
  eco_communalism / opposition / madagascar_biodiversite_autonome / petites_annonces_services : Lova Rasoanirina
  eco_communalism / opposition / madagascar_biodiversite_autonome / politique : Mialy Rabe
  eco_communalism / opposition / madagascar_biodiversite_autonome / religion_spiritualite : Hery Razafindrakoto
  eco_communalism / opposition / madagascar_biodiversite_autonome / sante : Fara Randriamampionona
  eco_communalism / opposition / madagascar_biodiversite_autonome / sciences_technologies : Andry Rakotomalala
  eco_communalism / opposition / madagascar_biodiversite_autonome / societe : Fara Randriamampionona
  eco_communalism / opposition / madagascar_biodiversite_autonome / sports : Lova Rasoanirina
  eco_communalism / opposition / maghreb_mediterraneen / actualites_a_la_une : Nour El Amrani
  eco_communalism / opposition / maghreb_mediterraneen / economie_finance : Yacine Aït Salem
  eco_communalism / opposition / maghreb_mediterraneen / education : Meriem Benyamina
  eco_communalism / opposition / maghreb_mediterraneen / environnement_climat : Yacine Aït Salem
  eco_communalism / opposition / maghreb_mediterraneen / faits_divers : Samir Bouzid
  eco_communalism / opposition / maghreb_mediterraneen / histoire_patrimoine : Tafsut Idir
  eco_communalism / opposition / maghreb_mediterraneen / international : Nour El Amrani
  eco_communalism / opposition / maghreb_mediterraneen / lifestyle_art_de_vivre : Lina Cherkaoui
  eco_communalism / opposition / maghreb_mediterraneen / medias_communication : Samir Bouzid
  eco_communalism / opposition / maghreb_mediterraneen / meteo : Yacine Aït Salem
  eco_communalism / opposition / maghreb_mediterraneen / musique : Lina Cherkaoui
  eco_communalism / opposition / maghreb_mediterraneen / opinions_editoriaux : Nour El Amrani
  eco_communalism / opposition / maghreb_mediterraneen / petites_annonces_services : Meriem Benyamina
  eco_communalism / opposition / maghreb_mediterraneen / politique : Nour El Amrani
  eco_communalism / opposition / maghreb_mediterraneen / religion_spiritualite : Tafsut Idir
  eco_communalism / opposition / maghreb_mediterraneen / sante : Meriem Benyamina
  eco_communalism / opposition / maghreb_mediterraneen / sciences_technologies : Yacine Aït Salem
  eco_communalism / opposition / maghreb_mediterraneen / sports : Samir Bouzid
  eco_communalism / opposition / melanesie_autonome / culture : Temo Wari
  eco_communalism / opposition / melanesie_autonome / economie_finance : Jonas Napat
  eco_communalism / opposition / melanesie_autonome / education : Selina Waetara
  eco_communalism / opposition / melanesie_autonome / environnement_climat : Malia Kila
  eco_communalism / opposition / melanesie_autonome / faits_divers : Adi Mere Ratuva
  eco_communalism / opposition / melanesie_autonome / histoire_patrimoine : Temo Wari
  eco_communalism / opposition / melanesie_autonome / international : Jonas Napat
  eco_communalism / opposition / melanesie_autonome / lifestyle_art_de_vivre : Temo Wari
  eco_communalism / opposition / melanesie_autonome / medias_communication : Leila Wéa
  eco_communalism / opposition / melanesie_autonome / meteo : Malia Kila
  eco_communalism / opposition / melanesie_autonome / musique : Temo Wari
  eco_communalism / opposition / melanesie_autonome / opinions_editoriaux : Leila Wéa
  eco_communalism / opposition / melanesie_autonome / petites_annonces_services : Jonas Napat
  eco_communalism / opposition / melanesie_autonome / politique : Leila Wéa
  eco_communalism / opposition / melanesie_autonome / religion_spiritualite : Selina Waetara
  eco_communalism / opposition / melanesie_autonome / sante : Selina Waetara
  eco_communalism / opposition / melanesie_autonome / sciences_technologies : Malia Kila
  eco_communalism / opposition / melanesie_autonome / sports : Adi Mere Ratuva
  eco_communalism / opposition / micronesie_insulaire / culture : Mereia Tmetuchl
  eco_communalism / opposition / micronesie_insulaire / economie_finance : Teburoro Kourabi
  eco_communalism / opposition / micronesie_insulaire / education : Lihn Mwoalen
  eco_communalism / opposition / micronesie_insulaire / environnement_climat : Anjain Kabua
  eco_communalism / opposition / micronesie_insulaire / faits_divers : Ioane Tauma
  eco_communalism / opposition / micronesie_insulaire / histoire_patrimoine : Mereia Tmetuchl
  eco_communalism / opposition / micronesie_insulaire / international : Teburoro Kourabi
  eco_communalism / opposition / micronesie_insulaire / lifestyle_art_de_vivre : Mereia Tmetuchl
  eco_communalism / opposition / micronesie_insulaire / medias_communication : Katerina Aisek
  eco_communalism / opposition / micronesie_insulaire / meteo : Anjain Kabua
  eco_communalism / opposition / micronesie_insulaire / musique : Mereia Tmetuchl
  eco_communalism / opposition / micronesie_insulaire / opinions_editoriaux : Katerina Aisek
  eco_communalism / opposition / micronesie_insulaire / petites_annonces_services : Teburoro Kourabi
  eco_communalism / opposition / micronesie_insulaire / politique : Katerina Aisek
  eco_communalism / opposition / micronesie_insulaire / religion_spiritualite : Lihn Mwoalen
  eco_communalism / opposition / micronesie_insulaire / sante : Lihn Mwoalen
  eco_communalism / opposition / micronesie_insulaire / sciences_technologies : Anjain Kabua
  eco_communalism / opposition / micronesie_insulaire / sports : Ioane Tauma
  eco_communalism / opposition / mozambique_cote_indienne / actualites_a_la_une : Amina Mussa
  eco_communalism / opposition / mozambique_cote_indienne / culture : Farida Abacar
  eco_communalism / opposition / mozambique_cote_indienne / economie_finance : João Chissano
  eco_communalism / opposition / mozambique_cote_indienne / education : Salomé Macamo
  eco_communalism / opposition / mozambique_cote_indienne / faits_divers : Ilda Nhampossa
  eco_communalism / opposition / mozambique_cote_indienne / histoire_patrimoine : Farida Abacar
  eco_communalism / opposition / mozambique_cote_indienne / international : Amina Mussa
  eco_communalism / opposition / mozambique_cote_indienne / lifestyle_art_de_vivre : Celso Mabunda
  eco_communalism / opposition / mozambique_cote_indienne / medias_communication : Celso Mabunda
  eco_communalism / opposition / mozambique_cote_indienne / meteo : João Chissano
  eco_communalism / opposition / mozambique_cote_indienne / musique : Farida Abacar
  eco_communalism / opposition / mozambique_cote_indienne / opinions_editoriaux : Amina Mussa
  eco_communalism / opposition / mozambique_cote_indienne / petites_annonces_services : Salomé Macamo
  eco_communalism / opposition / mozambique_cote_indienne / politique : Amina Mussa
  eco_communalism / opposition / mozambique_cote_indienne / religion_spiritualite : Farida Abacar
  eco_communalism / opposition / mozambique_cote_indienne / sante : Salomé Macamo
  eco_communalism / opposition / mozambique_cote_indienne / sciences_technologies : João Chissano
  eco_communalism / opposition / mozambique_cote_indienne / sports : Celso Mabunda
  eco_communalism / opposition / namibie_desert_et_cotes / actualites_a_la_une : Kauna Tjiposa
  eco_communalism / opposition / namibie_desert_et_cotes / culture : Tjizera Kavari
  eco_communalism / opposition / namibie_desert_et_cotes / economie_finance : Hendrik ǁGaroëb
  eco_communalism / opposition / namibie_desert_et_cotes / education : Magreth ǂNawases
  eco_communalism / opposition / namibie_desert_et_cotes / environnement_climat : Hendrik ǁGaroëb
  eco_communalism / opposition / namibie_desert_et_cotes / faits_divers : Selma Tjipuka
  eco_communalism / opposition / namibie_desert_et_cotes / histoire_patrimoine : Tjizera Kavari
  eco_communalism / opposition / namibie_desert_et_cotes / international : Selma Tjipuka
  eco_communalism / opposition / namibie_desert_et_cotes / lifestyle_art_de_vivre : Uakutura Kambonde
  eco_communalism / opposition / namibie_desert_et_cotes / medias_communication : Selma Tjipuka
  eco_communalism / opposition / namibie_desert_et_cotes / meteo : Uakutura Kambonde
  eco_communalism / opposition / namibie_desert_et_cotes / musique : Tjizera Kavari
  eco_communalism / opposition / namibie_desert_et_cotes / opinions_editoriaux : Kauna Tjiposa
  eco_communalism / opposition / namibie_desert_et_cotes / petites_annonces_services : Uakutura Kambonde
  eco_communalism / opposition / namibie_desert_et_cotes / politique : Kauna Tjiposa
  eco_communalism / opposition / namibie_desert_et_cotes / religion_spiritualite : Tjizera Kavari
  eco_communalism / opposition / namibie_desert_et_cotes / sante : Magreth ǂNawases
  eco_communalism / opposition / namibie_desert_et_cotes / sciences_technologies : Hendrik ǁGaroëb
  eco_communalism / opposition / namibie_desert_et_cotes / societe : Magreth ǂNawases
  eco_communalism / opposition / namibie_desert_et_cotes / sports : Uakutura Kambonde
  eco_communalism / opposition / nordeste_bresilien_frente / actualites_a_la_une : Joana Bezerra
  eco_communalism / opposition / nordeste_bresilien_frente / economie_finance : Cícero Nascimento
  eco_communalism / opposition / nordeste_bresilien_frente / education : Raimunda Macêdo
  eco_communalism / opposition / nordeste_bresilien_frente / environnement_climat : Cícero Nascimento
  eco_communalism / opposition / nordeste_bresilien_frente / faits_divers : Severino Alves
  eco_communalism / opposition / nordeste_bresilien_frente / histoire_patrimoine : Dandara Ferreira
  eco_communalism / opposition / nordeste_bresilien_frente / international : Joana Bezerra
  eco_communalism / opposition / nordeste_bresilien_frente / lifestyle_art_de_vivre : Lívia Cariri
  eco_communalism / opposition / nordeste_bresilien_frente / medias_communication : Severino Alves
  eco_communalism / opposition / nordeste_bresilien_frente / meteo : Cícero Nascimento
  eco_communalism / opposition / nordeste_bresilien_frente / musique : Dandara Ferreira
  eco_communalism / opposition / nordeste_bresilien_frente / opinions_editoriaux : Joana Bezerra
  eco_communalism / opposition / nordeste_bresilien_frente / petites_annonces_services : Raimunda Macêdo
  eco_communalism / opposition / nordeste_bresilien_frente / politique : Joana Bezerra
  eco_communalism / opposition / nordeste_bresilien_frente / religion_spiritualite : Dandara Ferreira
  eco_communalism / opposition / nordeste_bresilien_frente / sante : Raimunda Macêdo
  eco_communalism / opposition / nordeste_bresilien_frente / sciences_technologies : Cícero Nascimento
  eco_communalism / opposition / nordeste_bresilien_frente / sports : Severino Alves
  eco_communalism / opposition / pampas_et_patagonie_communautaires / actualites_a_la_une : Ailén Nahuelpan
  eco_communalism / opposition / pampas_et_patagonie_communautaires / culture : Sofía Ñancucheo
  eco_communalism / opposition / pampas_et_patagonie_communautaires / economie_finance : Lucía Benítez
  eco_communalism / opposition / pampas_et_patagonie_communautaires / education : Martín Cayupán
  eco_communalism / opposition / pampas_et_patagonie_communautaires / environnement_climat : Kalfu Antilef
  eco_communalism / opposition / pampas_et_patagonie_communautaires / faits_divers : Facundo Puelman
  eco_communalism / opposition / pampas_et_patagonie_communautaires / histoire_patrimoine : Sofía Ñancucheo
  eco_communalism / opposition / pampas_et_patagonie_communautaires / international : Lucía Benítez
  eco_communalism / opposition / pampas_et_patagonie_communautaires / lifestyle_art_de_vivre : Facundo Puelman
  eco_communalism / opposition / pampas_et_patagonie_communautaires / medias_communication : Facundo Puelman
  eco_communalism / opposition / pampas_et_patagonie_communautaires / meteo : Kalfu Antilef
  eco_communalism / opposition / pampas_et_patagonie_communautaires / musique : Sofía Ñancucheo
  eco_communalism / opposition / pampas_et_patagonie_communautaires / opinions_editoriaux : Ailén Nahuelpan
  eco_communalism / opposition / pampas_et_patagonie_communautaires / petites_annonces_services : Lucía Benítez
  eco_communalism / opposition / pampas_et_patagonie_communautaires / politique : Ailén Nahuelpan
  eco_communalism / opposition / pampas_et_patagonie_communautaires / religion_spiritualite : Sofía Ñancucheo
  eco_communalism / opposition / pampas_et_patagonie_communautaires / sante : Martín Cayupán
  eco_communalism / opposition / pampas_et_patagonie_communautaires / sciences_technologies : Kalfu Antilef
  eco_communalism / opposition / pampas_et_patagonie_communautaires / societe : Martín Cayupán
  eco_communalism / opposition / pampas_et_patagonie_communautaires / sports : Facundo Puelman
  eco_communalism / opposition / polynesie_reconstituee / actualites_a_la_une : Moana Teva
  eco_communalism / opposition / polynesie_reconstituee / culture : Ariihau Tupou
  eco_communalism / opposition / polynesie_reconstituee / economie_finance : Hinano Mai
  eco_communalism / opposition / polynesie_reconstituee / education : Mereana Faatonu
  eco_communalism / opposition / polynesie_reconstituee / environnement_climat : Tavita Teriipaia
  eco_communalism / opposition / polynesie_reconstituee / faits_divers : Lani Vahirua
  eco_communalism / opposition / polynesie_reconstituee / histoire_patrimoine : Ariihau Tupou
  eco_communalism / opposition / polynesie_reconstituee / international : Lani Vahirua
  eco_communalism / opposition / polynesie_reconstituee / lifestyle_art_de_vivre : Ariihau Tupou
  eco_communalism / opposition / polynesie_reconstituee / medias_communication : Hinano Mai
  eco_communalism / opposition / polynesie_reconstituee / meteo : Tavita Teriipaia
  eco_communalism / opposition / polynesie_reconstituee / musique : Ariihau Tupou
  eco_communalism / opposition / polynesie_reconstituee / opinions_editoriaux : Moana Teva
  eco_communalism / opposition / polynesie_reconstituee / petites_annonces_services : Lani Vahirua
  eco_communalism / opposition / polynesie_reconstituee / politique : Moana Teva
  eco_communalism / opposition / polynesie_reconstituee / religion_spiritualite : Mereana Faatonu
  eco_communalism / opposition / polynesie_reconstituee / sante : Tavita Teriipaia
  eco_communalism / opposition / polynesie_reconstituee / sciences_technologies : Hinano Mai
  eco_communalism / opposition / polynesie_reconstituee / societe : Mereana Faatonu
  eco_communalism / opposition / polynesie_reconstituee / sports : Lani Vahirua
  eco_communalism / opposition / proche_orient_en_crise / actualites_a_la_une : Yara al-Mansour
  eco_communalism / opposition / proche_orient_en_crise / culture : Leila Darwish
  eco_communalism / opposition / proche_orient_en_crise / economie_finance : Reza Farhadi
  eco_communalism / opposition / proche_orient_en_crise / education : Dilan Barzani
  eco_communalism / opposition / proche_orient_en_crise / environnement_climat : Noura Haddad
  eco_communalism / opposition / proche_orient_en_crise / faits_divers : Samir Darwish
  eco_communalism / opposition / proche_orient_en_crise / histoire_patrimoine : Leila Darwish
  eco_communalism / opposition / proche_orient_en_crise / international : Samir Darwish
  eco_communalism / opposition / proche_orient_en_crise / lifestyle_art_de_vivre : Leila Darwish
  eco_communalism / opposition / proche_orient_en_crise / medias_communication : Reza Farhadi
  eco_communalism / opposition / proche_orient_en_crise / meteo : Noura Haddad
  eco_communalism / opposition / proche_orient_en_crise / musique : Leila Darwish
  eco_communalism / opposition / proche_orient_en_crise / opinions_editoriaux : Yara al-Mansour
  eco_communalism / opposition / proche_orient_en_crise / petites_annonces_services : Samir Darwish
  eco_communalism / opposition / proche_orient_en_crise / politique : Yara al-Mansour
  eco_communalism / opposition / proche_orient_en_crise / religion_spiritualite : Dilan Barzani
  eco_communalism / opposition / proche_orient_en_crise / sante : Noura Haddad
  eco_communalism / opposition / proche_orient_en_crise / sciences_technologies : Reza Farhadi
  eco_communalism / opposition / proche_orient_en_crise / societe : Dilan Barzani
  eco_communalism / opposition / proche_orient_en_crise / sports : Samir Darwish
  eco_communalism / opposition / rift_est_africain / actualites_a_la_une : Wanjiku Mwangi
  eco_communalism / opposition / rift_est_africain / culture : Neema Salum
  eco_communalism / opposition / rift_est_africain / economie_finance : Baraka Msuya
  eco_communalism / opposition / rift_est_africain / education : Achieng Odhiambo
  eco_communalism / opposition / rift_est_africain / environnement_climat : Baraka Msuya
  eco_communalism / opposition / rift_est_africain / faits_divers : Juma Khamis
  eco_communalism / opposition / rift_est_africain / histoire_patrimoine : Juma Khamis
  eco_communalism / opposition / rift_est_africain / international : Kiptoo Cheruiyot
  eco_communalism / opposition / rift_est_africain / lifestyle_art_de_vivre : Neema Salum
  eco_communalism / opposition / rift_est_africain / medias_communication : Juma Khamis
  eco_communalism / opposition / rift_est_africain / meteo : Kiptoo Cheruiyot
  eco_communalism / opposition / rift_est_africain / musique : Neema Salum
  eco_communalism / opposition / rift_est_africain / opinions_editoriaux : Wanjiku Mwangi
  eco_communalism / opposition / rift_est_africain / petites_annonces_services : Juma Khamis
  eco_communalism / opposition / rift_est_africain / politique : Wanjiku Mwangi
  eco_communalism / opposition / rift_est_africain / religion_spiritualite : Neema Salum
  eco_communalism / opposition / rift_est_africain / sante : Achieng Odhiambo
  eco_communalism / opposition / rift_est_africain / sciences_technologies : Baraka Msuya
  eco_communalism / opposition / rift_est_africain / societe : Achieng Odhiambo
  eco_communalism / opposition / rift_est_africain / sports : Kiptoo Cheruiyot
  eco_communalism / opposition / sahel_numerique_ligue / actualites_a_la_une : Awa Diop
  eco_communalism / opposition / sahel_numerique_ligue / culture : Mariama Cissé
  eco_communalism / opposition / sahel_numerique_ligue / economie_finance : Moussa Traoré
  eco_communalism / opposition / sahel_numerique_ligue / education : Harouna Issoufou
  eco_communalism / opposition / sahel_numerique_ligue / environnement_climat : Aïcha Ag Mohamed
  eco_communalism / opposition / sahel_numerique_ligue / faits_divers : Kadiatou Amadou
  eco_communalism / opposition / sahel_numerique_ligue / histoire_patrimoine : Mariama Cissé
  eco_communalism / opposition / sahel_numerique_ligue / international : Kadiatou Amadou
  eco_communalism / opposition / sahel_numerique_ligue / lifestyle_art_de_vivre : Mariama Cissé
  eco_communalism / opposition / sahel_numerique_ligue / medias_communication : Moussa Traoré
  eco_communalism / opposition / sahel_numerique_ligue / meteo : Aïcha Ag Mohamed
  eco_communalism / opposition / sahel_numerique_ligue / musique : Mariama Cissé
  eco_communalism / opposition / sahel_numerique_ligue / opinions_editoriaux : Awa Diop
  eco_communalism / opposition / sahel_numerique_ligue / petites_annonces_services : Kadiatou Amadou
  eco_communalism / opposition / sahel_numerique_ligue / politique : Awa Diop
  eco_communalism / opposition / sahel_numerique_ligue / religion_spiritualite : Harouna Issoufou
  eco_communalism / opposition / sahel_numerique_ligue / sante : Aïcha Ag Mohamed
  eco_communalism / opposition / sahel_numerique_ligue / sciences_technologies : Moussa Traoré
  eco_communalism / opposition / sahel_numerique_ligue / societe : Harouna Issoufou
  eco_communalism / opposition / sahel_numerique_ligue / sports : Kadiatou Amadou
  eco_communalism / opposition / sao_paulo_algorithmique / actualites_a_la_une : Mariana dos Santos Pacheco
  eco_communalism / opposition / sao_paulo_algorithmique / culture : Rafael de Oliveira Ximenes
  eco_communalism / opposition / sao_paulo_algorithmique / economie_finance : João Vitor Nascimento
  eco_communalism / opposition / sao_paulo_algorithmique / education : Camila Akemi Tanaka
  eco_communalism / opposition / sao_paulo_algorithmique / faits_divers : Priscila Ferreira Lima
  eco_communalism / opposition / sao_paulo_algorithmique / histoire_patrimoine : Rafael de Oliveira Ximenes
  eco_communalism / opposition / sao_paulo_algorithmique / international : Priscila Ferreira Lima
  eco_communalism / opposition / sao_paulo_algorithmique / lifestyle_art_de_vivre : Mateus Henrique Rocha
  eco_communalism / opposition / sao_paulo_algorithmique / medias_communication : Mariana dos Santos Pacheco
  eco_communalism / opposition / sao_paulo_algorithmique / meteo : João Vitor Nascimento
  eco_communalism / opposition / sao_paulo_algorithmique / musique : Rafael de Oliveira Ximenes
  eco_communalism / opposition / sao_paulo_algorithmique / opinions_editoriaux : Mariana dos Santos Pacheco
  eco_communalism / opposition / sao_paulo_algorithmique / petites_annonces_services : Camila Akemi Tanaka
  eco_communalism / opposition / sao_paulo_algorithmique / politique : Mariana dos Santos Pacheco
  eco_communalism / opposition / sao_paulo_algorithmique / religion_spiritualite : Rafael de Oliveira Ximenes
  eco_communalism / opposition / sao_paulo_algorithmique / sante : Camila Akemi Tanaka
  eco_communalism / opposition / sao_paulo_algorithmique / sciences_technologies : João Vitor Nascimento
  eco_communalism / opposition / sao_paulo_algorithmique / sports : Priscila Ferreira Lima
  eco_communalism / opposition / siberie_et_steppes_autonomes / actualites_a_la_une : Sargylana Vinokourova
  eco_communalism / opposition / siberie_et_steppes_autonomes / culture : Mergen Ondar
  eco_communalism / opposition / siberie_et_steppes_autonomes / economie_finance : Dyrynda Vasilieva
  eco_communalism / opposition / siberie_et_steppes_autonomes / education : Aigul Saparova
  eco_communalism / opposition / siberie_et_steppes_autonomes / faits_divers : Nikolai Argounov
  eco_communalism / opposition / siberie_et_steppes_autonomes / histoire_patrimoine : Mergen Ondar
  eco_communalism / opposition / siberie_et_steppes_autonomes / international : Nikolai Argounov
  eco_communalism / opposition / siberie_et_steppes_autonomes / lifestyle_art_de_vivre : Tatyana Kechimova
  eco_communalism / opposition / siberie_et_steppes_autonomes / medias_communication : Sargylana Vinokourova
  eco_communalism / opposition / siberie_et_steppes_autonomes / meteo : Dyrynda Vasilieva
  eco_communalism / opposition / siberie_et_steppes_autonomes / musique : Mergen Ondar
  eco_communalism / opposition / siberie_et_steppes_autonomes / opinions_editoriaux : Sargylana Vinokourova
  eco_communalism / opposition / siberie_et_steppes_autonomes / petites_annonces_services : Aigul Saparova
  eco_communalism / opposition / siberie_et_steppes_autonomes / politique : Sargylana Vinokourova
  eco_communalism / opposition / siberie_et_steppes_autonomes / religion_spiritualite : Mergen Ondar
  eco_communalism / opposition / siberie_et_steppes_autonomes / sante : Aigul Saparova
  eco_communalism / opposition / siberie_et_steppes_autonomes / sciences_technologies : Dyrynda Vasilieva
  eco_communalism / opposition / siberie_et_steppes_autonomes / sports : Nikolai Argounov
  eco_communalism / opposition / sri_lanka_ile_emeraude / actualites_a_la_une : Tharushi Wijesinghe
  eco_communalism / opposition / sri_lanka_ile_emeraude / culture : Nirmal Perera
  eco_communalism / opposition / sri_lanka_ile_emeraude / economie_finance : Suthan Kandasamy
  eco_communalism / opposition / sri_lanka_ile_emeraude / education : Fathima Rifka Ismail
  eco_communalism / opposition / sri_lanka_ile_emeraude / faits_divers : Malini Gunasekara
  eco_communalism / opposition / sri_lanka_ile_emeraude / histoire_patrimoine : Nirmal Perera
  eco_communalism / opposition / sri_lanka_ile_emeraude / international : Tharushi Wijesinghe
  eco_communalism / opposition / sri_lanka_ile_emeraude / lifestyle_art_de_vivre : Malini Gunasekara
  eco_communalism / opposition / sri_lanka_ile_emeraude / medias_communication : Malini Gunasekara
  eco_communalism / opposition / sri_lanka_ile_emeraude / meteo : Suthan Kandasamy
  eco_communalism / opposition / sri_lanka_ile_emeraude / musique : Nirmal Perera
  eco_communalism / opposition / sri_lanka_ile_emeraude / opinions_editoriaux : Tharushi Wijesinghe
  eco_communalism / opposition / sri_lanka_ile_emeraude / petites_annonces_services : Fathima Rifka Ismail
  eco_communalism / opposition / sri_lanka_ile_emeraude / politique : Tharushi Wijesinghe
  eco_communalism / opposition / sri_lanka_ile_emeraude / religion_spiritualite : Nirmal Perera
  eco_communalism / opposition / sri_lanka_ile_emeraude / sante : Fathima Rifka Ismail
  eco_communalism / opposition / sri_lanka_ile_emeraude / sciences_technologies : Suthan Kandasamy
  eco_communalism / opposition / sri_lanka_ile_emeraude / sports : Arulini Thevarajah
  eco_communalism / opposition / steppes_eurasiatiques_autonomes / actualites_a_la_une : Gulzhan Zhumabek
  eco_communalism / opposition / steppes_eurasiatiques_autonomes / culture : Madina Kassenova
  eco_communalism / opposition / steppes_eurasiatiques_autonomes / economie_finance : Nurlan Beketov
  eco_communalism / opposition / steppes_eurasiatiques_autonomes / education : Saule Tulegen
  eco_communalism / opposition / steppes_eurasiatiques_autonomes / environnement_climat : Nurlan Beketov
  eco_communalism / opposition / steppes_eurasiatiques_autonomes / faits_divers : Bauyrzhan Oraz
  eco_communalism / opposition / steppes_eurasiatiques_autonomes / histoire_patrimoine : Yerzhan Karatay
  eco_communalism / opposition / steppes_eurasiatiques_autonomes / international : Bauyrzhan Oraz
  eco_communalism / opposition / steppes_eurasiatiques_autonomes / lifestyle_art_de_vivre : Madina Kassenova
  eco_communalism / opposition / steppes_eurasiatiques_autonomes / medias_communication : Saule Tulegen
  eco_communalism / opposition / steppes_eurasiatiques_autonomes / meteo : Nurlan Beketov
  eco_communalism / opposition / steppes_eurasiatiques_autonomes / musique : Madina Kassenova
  eco_communalism / opposition / steppes_eurasiatiques_autonomes / opinions_editoriaux : Gulzhan Zhumabek
  eco_communalism / opposition / steppes_eurasiatiques_autonomes / petites_annonces_services : Bauyrzhan Oraz
  eco_communalism / opposition / steppes_eurasiatiques_autonomes / politique : Gulzhan Zhumabek
  eco_communalism / opposition / steppes_eurasiatiques_autonomes / religion_spiritualite : Yerzhan Karatay
  eco_communalism / opposition / steppes_eurasiatiques_autonomes / sante : Bauyrzhan Oraz
  eco_communalism / opposition / steppes_eurasiatiques_autonomes / sciences_technologies : Saule Tulegen
  eco_communalism / opposition / steppes_eurasiatiques_autonomes / societe : Yerzhan Karatay
  eco_communalism / opposition / steppes_eurasiatiques_autonomes / sports : Bauyrzhan Oraz
  eco_communalism / opposition / steppes_mongoles_autonomes / actualites_a_la_une : Nomin Erdenebat
  eco_communalism / opposition / steppes_mongoles_autonomes / culture : Temuulen Altangerel
  eco_communalism / opposition / steppes_mongoles_autonomes / economie_finance : Batsaikhan Dorj
  eco_communalism / opposition / steppes_mongoles_autonomes / education : Oyun-Erdene Tserendavaa
  eco_communalism / opposition / steppes_mongoles_autonomes / environnement_climat : Khulan Ganbold
  eco_communalism / opposition / steppes_mongoles_autonomes / faits_divers : Bolormaa Davaajav
  eco_communalism / opposition / steppes_mongoles_autonomes / histoire_patrimoine : Temuulen Altangerel
  eco_communalism / opposition / steppes_mongoles_autonomes / international : Batsaikhan Dorj
  eco_communalism / opposition / steppes_mongoles_autonomes / lifestyle_art_de_vivre : Bolormaa Davaajav
  eco_communalism / opposition / steppes_mongoles_autonomes / medias_communication : Bolormaa Davaajav
  eco_communalism / opposition / steppes_mongoles_autonomes / meteo : Khulan Ganbold
  eco_communalism / opposition / steppes_mongoles_autonomes / musique : Temuulen Altangerel
  eco_communalism / opposition / steppes_mongoles_autonomes / opinions_editoriaux : Nomin Erdenebat
  eco_communalism / opposition / steppes_mongoles_autonomes / petites_annonces_services : Batsaikhan Dorj
  eco_communalism / opposition / steppes_mongoles_autonomes / politique : Nomin Erdenebat
  eco_communalism / opposition / steppes_mongoles_autonomes / religion_spiritualite : Temuulen Altangerel
  eco_communalism / opposition / steppes_mongoles_autonomes / sante : Oyun-Erdene Tserendavaa
  eco_communalism / opposition / steppes_mongoles_autonomes / sciences_technologies : Khulan Ganbold
  eco_communalism / opposition / steppes_mongoles_autonomes / societe : Oyun-Erdene Tserendavaa
  eco_communalism / opposition / steppes_mongoles_autonomes / sports : Bolormaa Davaajav
  eco_communalism / pro_pouvoir / afghanistan_hauts_plateaux_communautaires / actualites_a_la_une : Farida Ahmadi
  eco_communalism / pro_pouvoir / afghanistan_hauts_plateaux_communautaires / culture : Shabnam Hazara
  eco_communalism / pro_pouvoir / afghanistan_hauts_plateaux_communautaires / economie_finance : Mohammad Karim Wardak
  eco_communalism / pro_pouvoir / afghanistan_hauts_plateaux_communautaires / education : Mohammad Karim Wardak
  eco_communalism / pro_pouvoir / afghanistan_hauts_plateaux_communautaires / environnement_climat : Laila Kohistani
  eco_communalism / pro_pouvoir / afghanistan_hauts_plateaux_communautaires / faits_divers : Zarghuna Popalzai
  eco_communalism / pro_pouvoir / afghanistan_hauts_plateaux_communautaires / histoire_patrimoine : Shabnam Hazara
  eco_communalism / pro_pouvoir / afghanistan_hauts_plateaux_communautaires / international : Abdul Rahman Noori
  eco_communalism / pro_pouvoir / afghanistan_hauts_plateaux_communautaires / lifestyle_art_de_vivre : Zarghuna Popalzai
  eco_communalism / pro_pouvoir / afghanistan_hauts_plateaux_communautaires / medias_communication : Farida Ahmadi
  eco_communalism / pro_pouvoir / afghanistan_hauts_plateaux_communautaires / meteo : Laila Kohistani
  eco_communalism / pro_pouvoir / afghanistan_hauts_plateaux_communautaires / musique : Abdul Rahman Noori
  eco_communalism / pro_pouvoir / afghanistan_hauts_plateaux_communautaires / opinions_editoriaux : Farida Ahmadi
  eco_communalism / pro_pouvoir / afghanistan_hauts_plateaux_communautaires / petites_annonces_services : Zarghuna Popalzai
  eco_communalism / pro_pouvoir / afghanistan_hauts_plateaux_communautaires / politique : Farida Ahmadi
  eco_communalism / pro_pouvoir / afghanistan_hauts_plateaux_communautaires / religion_spiritualite : Shabnam Hazara
  eco_communalism / pro_pouvoir / afghanistan_hauts_plateaux_communautaires / sante : Laila Kohistani
  eco_communalism / pro_pouvoir / afghanistan_hauts_plateaux_communautaires / sciences_technologies : Mohammad Karim Wardak
  eco_communalism / pro_pouvoir / afghanistan_hauts_plateaux_communautaires / societe : Shabnam Hazara
  eco_communalism / pro_pouvoir / afghanistan_hauts_plateaux_communautaires / sports : Abdul Rahman Noori
  eco_communalism / pro_pouvoir / afrique_du_sud_bioterritoire / actualites_a_la_une : Nomsa Mbeki
  eco_communalism / pro_pouvoir / afrique_du_sud_bioterritoire / culture : Thandiwe Ndlovu
  eco_communalism / pro_pouvoir / afrique_du_sud_bioterritoire / economie_finance : Aisha Davids
  eco_communalism / pro_pouvoir / afrique_du_sud_bioterritoire / education : Thandiwe Ndlovu
  eco_communalism / pro_pouvoir / afrique_du_sud_bioterritoire / faits_divers : Sipho Dlamini
  eco_communalism / pro_pouvoir / afrique_du_sud_bioterritoire / histoire_patrimoine : Thandiwe Ndlovu
  eco_communalism / pro_pouvoir / afrique_du_sud_bioterritoire / international : Zanele Tshabalala
  eco_communalism / pro_pouvoir / afrique_du_sud_bioterritoire / lifestyle_art_de_vivre : Aisha Davids
  eco_communalism / pro_pouvoir / afrique_du_sud_bioterritoire / medias_communication : Nomsa Mbeki
  eco_communalism / pro_pouvoir / afrique_du_sud_bioterritoire / meteo : Pieter September
  eco_communalism / pro_pouvoir / afrique_du_sud_bioterritoire / musique : Sipho Dlamini
  eco_communalism / pro_pouvoir / afrique_du_sud_bioterritoire / opinions_editoriaux : Nomsa Mbeki
  eco_communalism / pro_pouvoir / afrique_du_sud_bioterritoire / petites_annonces_services : Aisha Davids
  eco_communalism / pro_pouvoir / afrique_du_sud_bioterritoire / religion_spiritualite : Thandiwe Ndlovu
  eco_communalism / pro_pouvoir / afrique_du_sud_bioterritoire / sante : Pieter September
  eco_communalism / pro_pouvoir / afrique_du_sud_bioterritoire / sciences_technologies : Pieter September
  eco_communalism / pro_pouvoir / afrique_du_sud_bioterritoire / societe : Aisha Davids
  eco_communalism / pro_pouvoir / afrique_du_sud_bioterritoire / sports : Sipho Dlamini
  eco_communalism / pro_pouvoir / amazonie_pacte_viva / actualites_a_la_une : João Pedro Nascimento
  eco_communalism / pro_pouvoir / amazonie_pacte_viva / culture : Luz Marina Churay
  eco_communalism / pro_pouvoir / amazonie_pacte_viva / economie_finance : Mariana Tavares
  eco_communalism / pro_pouvoir / amazonie_pacte_viva / education : Yara Tikuna
  eco_communalism / pro_pouvoir / amazonie_pacte_viva / environnement_climat : Mariana Tavares
  eco_communalism / pro_pouvoir / amazonie_pacte_viva / faits_divers : João Pedro Nascimento
  eco_communalism / pro_pouvoir / amazonie_pacte_viva / histoire_patrimoine : Aritana Kaxinawá
  eco_communalism / pro_pouvoir / amazonie_pacte_viva / international : Luz Marina Churay
  eco_communalism / pro_pouvoir / amazonie_pacte_viva / lifestyle_art_de_vivre : Rafael Sateré
  eco_communalism / pro_pouvoir / amazonie_pacte_viva / medias_communication : Rafael Sateré
  eco_communalism / pro_pouvoir / amazonie_pacte_viva / meteo : João Pedro Nascimento
  eco_communalism / pro_pouvoir / amazonie_pacte_viva / musique : Luz Marina Churay
  eco_communalism / pro_pouvoir / amazonie_pacte_viva / opinions_editoriaux : Aritana Kaxinawá
  eco_communalism / pro_pouvoir / amazonie_pacte_viva / petites_annonces_services : João Pedro Nascimento
  eco_communalism / pro_pouvoir / amazonie_pacte_viva / politique : Aritana Kaxinawá
  eco_communalism / pro_pouvoir / amazonie_pacte_viva / religion_spiritualite : Aritana Kaxinawá
  eco_communalism / pro_pouvoir / amazonie_pacte_viva / sante : Yara Tikuna
  eco_communalism / pro_pouvoir / amazonie_pacte_viva / sciences_technologies : Mariana Tavares
  eco_communalism / pro_pouvoir / amazonie_pacte_viva / societe : Yara Tikuna
  eco_communalism / pro_pouvoir / amazonie_pacte_viva / sports : Rafael Sateré
  eco_communalism / pro_pouvoir / arc_septentrional / actualites_a_la_une : Inkeri Laine
  eco_communalism / pro_pouvoir / arc_septentrional / culture : Aino Kallio
  eco_communalism / pro_pouvoir / arc_septentrional / economie_finance : Līga Ozoliņa
  eco_communalism / pro_pouvoir / arc_septentrional / education : Kadri Tamm
  eco_communalism / pro_pouvoir / arc_septentrional / environnement_climat : Mikkel Nystad
  eco_communalism / pro_pouvoir / arc_septentrional / faits_divers : Erik Andersson
  eco_communalism / pro_pouvoir / arc_septentrional / histoire_patrimoine : Aino Kallio
  eco_communalism / pro_pouvoir / arc_septentrional / international : Līga Ozoliņa
  eco_communalism / pro_pouvoir / arc_septentrional / lifestyle_art_de_vivre : Aino Kallio
  eco_communalism / pro_pouvoir / arc_septentrional / medias_communication : Kadri Tamm
  eco_communalism / pro_pouvoir / arc_septentrional / meteo : Mikkel Nystad
  eco_communalism / pro_pouvoir / arc_septentrional / musique : Aino Kallio
  eco_communalism / pro_pouvoir / arc_septentrional / opinions_editoriaux : Inkeri Laine
  eco_communalism / pro_pouvoir / arc_septentrional / petites_annonces_services : Erik Andersson
  eco_communalism / pro_pouvoir / arc_septentrional / politique : Inkeri Laine
  eco_communalism / pro_pouvoir / arc_septentrional / religion_spiritualite : Mikkel Nystad
  eco_communalism / pro_pouvoir / arc_septentrional / sante : Erik Andersson
  eco_communalism / pro_pouvoir / arc_septentrional / sciences_technologies : Kadri Tamm
  eco_communalism / pro_pouvoir / arc_septentrional / societe : Aino Kallio
  eco_communalism / pro_pouvoir / arc_septentrional / sports : Erik Andersson
  eco_communalism / pro_pouvoir / archipel_nusantara_autonome / actualites_a_la_une : Sari Wulandari
  eco_communalism / pro_pouvoir / archipel_nusantara_autonome / culture : Made Surya Atmaja
  eco_communalism / pro_pouvoir / archipel_nusantara_autonome / economie_finance : Agus Prasetyo
  eco_communalism / pro_pouvoir / archipel_nusantara_autonome / education : Nuraini Lestari
  eco_communalism / pro_pouvoir / archipel_nusantara_autonome / environnement_climat : Agus Prasetyo
  eco_communalism / pro_pouvoir / archipel_nusantara_autonome / faits_divers : Rizal Mahendra
  eco_communalism / pro_pouvoir / archipel_nusantara_autonome / histoire_patrimoine : Made Surya Atmaja
  eco_communalism / pro_pouvoir / archipel_nusantara_autonome / international : Rizal Mahendra
  eco_communalism / pro_pouvoir / archipel_nusantara_autonome / lifestyle_art_de_vivre : Dewi Kartika
  eco_communalism / pro_pouvoir / archipel_nusantara_autonome / medias_communication : Rizal Mahendra
  eco_communalism / pro_pouvoir / archipel_nusantara_autonome / meteo : Dewi Kartika
  eco_communalism / pro_pouvoir / archipel_nusantara_autonome / musique : Made Surya Atmaja
  eco_communalism / pro_pouvoir / archipel_nusantara_autonome / opinions_editoriaux : Sari Wulandari
  eco_communalism / pro_pouvoir / archipel_nusantara_autonome / petites_annonces_services : Dewi Kartika
  eco_communalism / pro_pouvoir / archipel_nusantara_autonome / politique : Sari Wulandari
  eco_communalism / pro_pouvoir / archipel_nusantara_autonome / religion_spiritualite : Made Surya Atmaja
  eco_communalism / pro_pouvoir / archipel_nusantara_autonome / sante : Nuraini Lestari
  eco_communalism / pro_pouvoir / archipel_nusantara_autonome / sciences_technologies : Agus Prasetyo
  eco_communalism / pro_pouvoir / archipel_nusantara_autonome / societe : Nuraini Lestari
  eco_communalism / pro_pouvoir / archipel_nusantara_autonome / sports : Dewi Kartika
  eco_communalism / pro_pouvoir / australie_aborigene_reconstituee / actualites_a_la_une : Marlee Johnson
  eco_communalism / pro_pouvoir / australie_aborigene_reconstituee / culture : Tali Bennett
  eco_communalism / pro_pouvoir / australie_aborigene_reconstituee / economie_finance : Jarra Wilson
  eco_communalism / pro_pouvoir / australie_aborigene_reconstituee / education : Mika Donovan
  eco_communalism / pro_pouvoir / australie_aborigene_reconstituee / environnement_climat : Kirra Nampijinpa
  eco_communalism / pro_pouvoir / australie_aborigene_reconstituee / faits_divers : Noah Jakamarra
  eco_communalism / pro_pouvoir / australie_aborigene_reconstituee / histoire_patrimoine : Mika Donovan
  eco_communalism / pro_pouvoir / australie_aborigene_reconstituee / international : Noah Jakamarra
  eco_communalism / pro_pouvoir / australie_aborigene_reconstituee / lifestyle_art_de_vivre : Tali Bennett
  eco_communalism / pro_pouvoir / australie_aborigene_reconstituee / medias_communication : Noah Jakamarra
  eco_communalism / pro_pouvoir / australie_aborigene_reconstituee / meteo : Kirra Nampijinpa
  eco_communalism / pro_pouvoir / australie_aborigene_reconstituee / musique : Tali Bennett
  eco_communalism / pro_pouvoir / australie_aborigene_reconstituee / opinions_editoriaux : Marlee Johnson
  eco_communalism / pro_pouvoir / australie_aborigene_reconstituee / petites_annonces_services : Jarra Wilson
  eco_communalism / pro_pouvoir / australie_aborigene_reconstituee / politique : Marlee Johnson
  eco_communalism / pro_pouvoir / australie_aborigene_reconstituee / religion_spiritualite : Tali Bennett
  eco_communalism / pro_pouvoir / australie_aborigene_reconstituee / sante : Kirra Nampijinpa
  eco_communalism / pro_pouvoir / australie_aborigene_reconstituee / sciences_technologies : Jarra Wilson
  eco_communalism / pro_pouvoir / australie_aborigene_reconstituee / societe : Mika Donovan
  eco_communalism / pro_pouvoir / australie_aborigene_reconstituee / sports : Noah Jakamarra
  eco_communalism / pro_pouvoir / bassin_danubien / actualites_a_la_une : Eszter Kovács
  eco_communalism / pro_pouvoir / bassin_danubien / culture : Klara Huber
  eco_communalism / pro_pouvoir / bassin_danubien / economie_finance : Matej Novák
  eco_communalism / pro_pouvoir / bassin_danubien / education : Jovan Petrović
  eco_communalism / pro_pouvoir / bassin_danubien / environnement_climat : Ana-Maria Popescu
  eco_communalism / pro_pouvoir / bassin_danubien / faits_divers : Zsófia Horváth
  eco_communalism / pro_pouvoir / bassin_danubien / histoire_patrimoine : Klara Huber
  eco_communalism / pro_pouvoir / bassin_danubien / international : Zsófia Horváth
  eco_communalism / pro_pouvoir / bassin_danubien / lifestyle_art_de_vivre : Zsófia Horváth
  eco_communalism / pro_pouvoir / bassin_danubien / medias_communication : Matej Novák
  eco_communalism / pro_pouvoir / bassin_danubien / meteo : Ana-Maria Popescu
  eco_communalism / pro_pouvoir / bassin_danubien / musique : Klara Huber
  eco_communalism / pro_pouvoir / bassin_danubien / opinions_editoriaux : Eszter Kovács
  eco_communalism / pro_pouvoir / bassin_danubien / petites_annonces_services : Jovan Petrović
  eco_communalism / pro_pouvoir / bassin_danubien / politique : Eszter Kovács
  eco_communalism / pro_pouvoir / bassin_danubien / religion_spiritualite : Zsófia Horváth
  eco_communalism / pro_pouvoir / bassin_danubien / sante : Ana-Maria Popescu
  eco_communalism / pro_pouvoir / bassin_danubien / sciences_technologies : Matej Novák
  eco_communalism / pro_pouvoir / bassin_danubien / societe : Jovan Petrović
  eco_communalism / pro_pouvoir / bassin_danubien / sports : Zsófia Horváth
  eco_communalism / pro_pouvoir / bengale_ecologique / actualites_a_la_une : Ayesha Rahman
  eco_communalism / pro_pouvoir / bengale_ecologique / culture : Anirban Das
  eco_communalism / pro_pouvoir / bengale_ecologique / economie_finance : Subhajit Chatterjee
  eco_communalism / pro_pouvoir / bengale_ecologique / education : Nusrat Jahan
  eco_communalism / pro_pouvoir / bengale_ecologique / environnement_climat : Subhajit Chatterjee
  eco_communalism / pro_pouvoir / bengale_ecologique / faits_divers : Farzana Akter
  eco_communalism / pro_pouvoir / bengale_ecologique / histoire_patrimoine : Anirban Das
  eco_communalism / pro_pouvoir / bengale_ecologique / international : Farzana Akter
  eco_communalism / pro_pouvoir / bengale_ecologique / lifestyle_art_de_vivre : Ritwik Sen
  eco_communalism / pro_pouvoir / bengale_ecologique / medias_communication : Farzana Akter
  eco_communalism / pro_pouvoir / bengale_ecologique / meteo : Ritwik Sen
  eco_communalism / pro_pouvoir / bengale_ecologique / musique : Anirban Das
  eco_communalism / pro_pouvoir / bengale_ecologique / opinions_editoriaux : Ayesha Rahman
  eco_communalism / pro_pouvoir / bengale_ecologique / petites_annonces_services : Ritwik Sen
  eco_communalism / pro_pouvoir / bengale_ecologique / politique : Ayesha Rahman
  eco_communalism / pro_pouvoir / bengale_ecologique / religion_spiritualite : Anirban Das
  eco_communalism / pro_pouvoir / bengale_ecologique / sante : Nusrat Jahan
  eco_communalism / pro_pouvoir / bengale_ecologique / sciences_technologies : Subhajit Chatterjee
  eco_communalism / pro_pouvoir / bengale_ecologique / societe : Nusrat Jahan
  eco_communalism / pro_pouvoir / bengale_ecologique / sports : Ritwik Sen
  eco_communalism / pro_pouvoir / bioterritoires_amerique_du_nord / actualites_a_la_une : Malik Johnson
  eco_communalism / pro_pouvoir / bioterritoires_amerique_du_nord / culture : Noah Running Bear
  eco_communalism / pro_pouvoir / bioterritoires_amerique_du_nord / economie_finance : Élise Tremblay
  eco_communalism / pro_pouvoir / bioterritoires_amerique_du_nord / education : Noah Running Bear
  eco_communalism / pro_pouvoir / bioterritoires_amerique_du_nord / environnement_climat : Sofia Martinez
  eco_communalism / pro_pouvoir / bioterritoires_amerique_du_nord / faits_divers : Malik Johnson
  eco_communalism / pro_pouvoir / bioterritoires_amerique_du_nord / histoire_patrimoine : Aiyana Redbird
  eco_communalism / pro_pouvoir / bioterritoires_amerique_du_nord / international : Maya Chen
  eco_communalism / pro_pouvoir / bioterritoires_amerique_du_nord / lifestyle_art_de_vivre : Maya Chen
  eco_communalism / pro_pouvoir / bioterritoires_amerique_du_nord / medias_communication : Maya Chen
  eco_communalism / pro_pouvoir / bioterritoires_amerique_du_nord / meteo : Sofia Martinez
  eco_communalism / pro_pouvoir / bioterritoires_amerique_du_nord / musique : Noah Running Bear
  eco_communalism / pro_pouvoir / bioterritoires_amerique_du_nord / opinions_editoriaux : Aiyana Redbird
  eco_communalism / pro_pouvoir / bioterritoires_amerique_du_nord / petites_annonces_services : Élise Tremblay
  eco_communalism / pro_pouvoir / bioterritoires_amerique_du_nord / politique : Aiyana Redbird
  eco_communalism / pro_pouvoir / bioterritoires_amerique_du_nord / religion_spiritualite : Aiyana Redbird
  eco_communalism / pro_pouvoir / bioterritoires_amerique_du_nord / sante : Élise Tremblay
  eco_communalism / pro_pouvoir / bioterritoires_amerique_du_nord / sciences_technologies : Sofia Martinez
  eco_communalism / pro_pouvoir / bioterritoires_amerique_du_nord / societe : Malik Johnson
  eco_communalism / pro_pouvoir / bioterritoires_amerique_du_nord / sports : Malik Johnson
  eco_communalism / pro_pouvoir / bioterritoires_anatoliens / actualites_a_la_une : Elif Demir
  eco_communalism / pro_pouvoir / bioterritoires_anatoliens / culture : Dilan Şahin
  eco_communalism / pro_pouvoir / bioterritoires_anatoliens / economie_finance : Mehmet Arslan
  eco_communalism / pro_pouvoir / bioterritoires_anatoliens / education : Nour al-Hassan
  eco_communalism / pro_pouvoir / bioterritoires_anatoliens / environnement_climat : Baran Kaya
  eco_communalism / pro_pouvoir / bioterritoires_anatoliens / faits_divers : Leyla Yıldız
  eco_communalism / pro_pouvoir / bioterritoires_anatoliens / histoire_patrimoine : Baran Kaya
  eco_communalism / pro_pouvoir / bioterritoires_anatoliens / international : Nour al-Hassan
  eco_communalism / pro_pouvoir / bioterritoires_anatoliens / lifestyle_art_de_vivre : Dilan Şahin
  eco_communalism / pro_pouvoir / bioterritoires_anatoliens / medias_communication : Elif Demir
  eco_communalism / pro_pouvoir / bioterritoires_anatoliens / meteo : Baran Kaya
  eco_communalism / pro_pouvoir / bioterritoires_anatoliens / musique : Dilan Şahin
  eco_communalism / pro_pouvoir / bioterritoires_anatoliens / opinions_editoriaux : Elif Demir
  eco_communalism / pro_pouvoir / bioterritoires_anatoliens / petites_annonces_services : Mehmet Arslan
  eco_communalism / pro_pouvoir / bioterritoires_anatoliens / politique : Elif Demir
  eco_communalism / pro_pouvoir / bioterritoires_anatoliens / religion_spiritualite : Baran Kaya
  eco_communalism / pro_pouvoir / bioterritoires_anatoliens / sante : Nour al-Hassan
  eco_communalism / pro_pouvoir / bioterritoires_anatoliens / sciences_technologies : Mehmet Arslan
  eco_communalism / pro_pouvoir / bioterritoires_anatoliens / sports : Leyla Yıldız
  eco_communalism / pro_pouvoir / birmanie_forets_et_deltas / actualites_a_la_une : Aye Chan
  eco_communalism / pro_pouvoir / birmanie_forets_et_deltas / culture : Sai Hkun Kyaw
  eco_communalism / pro_pouvoir / birmanie_forets_et_deltas / economie_finance : Ko Min Thein
  eco_communalism / pro_pouvoir / birmanie_forets_et_deltas / education : Ko Min Thein
  eco_communalism / pro_pouvoir / birmanie_forets_et_deltas / environnement_climat : Naw Hser Wah
  eco_communalism / pro_pouvoir / birmanie_forets_et_deltas / faits_divers : Ma Thandar Hlaing
  eco_communalism / pro_pouvoir / birmanie_forets_et_deltas / histoire_patrimoine : Sai Hkun Kyaw
  eco_communalism / pro_pouvoir / birmanie_forets_et_deltas / international : May Khin Nwe
  eco_communalism / pro_pouvoir / birmanie_forets_et_deltas / lifestyle_art_de_vivre : Sai Hkun Kyaw
  eco_communalism / pro_pouvoir / birmanie_forets_et_deltas / medias_communication : Aye Chan
  eco_communalism / pro_pouvoir / birmanie_forets_et_deltas / meteo : Naw Hser Wah
  eco_communalism / pro_pouvoir / birmanie_forets_et_deltas / musique : May Khin Nwe
  eco_communalism / pro_pouvoir / birmanie_forets_et_deltas / opinions_editoriaux : Aye Chan
  eco_communalism / pro_pouvoir / birmanie_forets_et_deltas / petites_annonces_services : Naw Hser Wah
  eco_communalism / pro_pouvoir / birmanie_forets_et_deltas / politique : Aye Chan
  eco_communalism / pro_pouvoir / birmanie_forets_et_deltas / religion_spiritualite : Ma Thandar Hlaing
  eco_communalism / pro_pouvoir / birmanie_forets_et_deltas / sante : Ma Thandar Hlaing
  eco_communalism / pro_pouvoir / birmanie_forets_et_deltas / sciences_technologies : Ko Min Thein
  eco_communalism / pro_pouvoir / birmanie_forets_et_deltas / societe : Naw Hser Wah
  eco_communalism / pro_pouvoir / birmanie_forets_et_deltas / sports : May Khin Nwe
  eco_communalism / pro_pouvoir / caraibes_insulaires_autonomes / actualites_a_la_une : Maëlys Jean-Baptiste
  eco_communalism / pro_pouvoir / caraibes_insulaires_autonomes / economie_finance : Darianne Moïse
  eco_communalism / pro_pouvoir / caraibes_insulaires_autonomes / education : Solange Alcindor
  eco_communalism / pro_pouvoir / caraibes_insulaires_autonomes / environnement_climat : Kemar Toussaint
  eco_communalism / pro_pouvoir / caraibes_insulaires_autonomes / faits_divers : Rafael Auguste
  eco_communalism / pro_pouvoir / caraibes_insulaires_autonomes / histoire_patrimoine : Solange Alcindor
  eco_communalism / pro_pouvoir / caraibes_insulaires_autonomes / international : Rafael Auguste
  eco_communalism / pro_pouvoir / caraibes_insulaires_autonomes / medias_communication : Maëlys Jean-Baptiste
  eco_communalism / pro_pouvoir / caraibes_insulaires_autonomes / meteo : Kemar Toussaint
  eco_communalism / pro_pouvoir / caraibes_insulaires_autonomes / musique : Anika Célestin
  eco_communalism / pro_pouvoir / caraibes_insulaires_autonomes / opinions_editoriaux : Maëlys Jean-Baptiste
  eco_communalism / pro_pouvoir / caraibes_insulaires_autonomes / petites_annonces_services : Darianne Moïse
  eco_communalism / pro_pouvoir / caraibes_insulaires_autonomes / politique : Maëlys Jean-Baptiste
  eco_communalism / pro_pouvoir / caraibes_insulaires_autonomes / religion_spiritualite : Solange Alcindor
  eco_communalism / pro_pouvoir / caraibes_insulaires_autonomes / sante : Kemar Toussaint
  eco_communalism / pro_pouvoir / caraibes_insulaires_autonomes / sciences_technologies : Kemar Toussaint
  eco_communalism / pro_pouvoir / caraibes_insulaires_autonomes / sports : Rafael Auguste
  eco_communalism / pro_pouvoir / chiapas_et_bioterritoires_mesoamericains / actualites_a_la_une : Diego Hernández Ruiz
  eco_communalism / pro_pouvoir / chiapas_et_bioterritoires_mesoamericains / culture : Marisol Díaz Jiménez
  eco_communalism / pro_pouvoir / chiapas_et_bioterritoires_mesoamericains / economie_finance : Mateo Gómez Méndez
  eco_communalism / pro_pouvoir / chiapas_et_bioterritoires_mesoamericains / education : Juana Pérez Vázquez
  eco_communalism / pro_pouvoir / chiapas_et_bioterritoires_mesoamericains / environnement_climat : Mateo Gómez Méndez
  eco_communalism / pro_pouvoir / chiapas_et_bioterritoires_mesoamericains / faits_divers : Manuel Méndez López
  eco_communalism / pro_pouvoir / chiapas_et_bioterritoires_mesoamericains / histoire_patrimoine : Antonia López Sántiz
  eco_communalism / pro_pouvoir / chiapas_et_bioterritoires_mesoamericains / international : Diego Hernández Ruiz
  eco_communalism / pro_pouvoir / chiapas_et_bioterritoires_mesoamericains / lifestyle_art_de_vivre : Marisol Díaz Jiménez
  eco_communalism / pro_pouvoir / chiapas_et_bioterritoires_mesoamericains / medias_communication : Diego Hernández Ruiz
  eco_communalism / pro_pouvoir / chiapas_et_bioterritoires_mesoamericains / meteo : Mateo Gómez Méndez
  eco_communalism / pro_pouvoir / chiapas_et_bioterritoires_mesoamericains / musique : Marisol Díaz Jiménez
  eco_communalism / pro_pouvoir / chiapas_et_bioterritoires_mesoamericains / opinions_editoriaux : Antonia López Sántiz
  eco_communalism / pro_pouvoir / chiapas_et_bioterritoires_mesoamericains / petites_annonces_services : Juana Pérez Vázquez
  eco_communalism / pro_pouvoir / chiapas_et_bioterritoires_mesoamericains / politique : Antonia López Sántiz
  eco_communalism / pro_pouvoir / chiapas_et_bioterritoires_mesoamericains / religion_spiritualite : Antonia López Sántiz
  eco_communalism / pro_pouvoir / chiapas_et_bioterritoires_mesoamericains / sante : Juana Pérez Vázquez
  eco_communalism / pro_pouvoir / chiapas_et_bioterritoires_mesoamericains / sciences_technologies : Mateo Gómez Méndez
  eco_communalism / pro_pouvoir / chiapas_et_bioterritoires_mesoamericains / sports : Manuel Méndez López
  eco_communalism / pro_pouvoir / chili_cordillere_et_pacifique / actualites_a_la_une : Camila Rojas Araya
  eco_communalism / pro_pouvoir / chili_cordillere_et_pacifique / culture : Mateo Quilodrán Reyes
  eco_communalism / pro_pouvoir / chili_cordillere_et_pacifique / economie_finance : Diego Muñoz Valdés
  eco_communalism / pro_pouvoir / chili_cordillere_et_pacifique / education : Diego Muñoz Valdés
  eco_communalism / pro_pouvoir / chili_cordillere_et_pacifique / environnement_climat : Valentina Paredes Soto
  eco_communalism / pro_pouvoir / chili_cordillere_et_pacifique / faits_divers : Ignacio Nahuelpán Gutiérrez
  eco_communalism / pro_pouvoir / chili_cordillere_et_pacifique / histoire_patrimoine : Mateo Quilodrán Reyes
  eco_communalism / pro_pouvoir / chili_cordillere_et_pacifique / international : Javiera Millán Torres
  eco_communalism / pro_pouvoir / chili_cordillere_et_pacifique / lifestyle_art_de_vivre : Ignacio Nahuelpán Gutiérrez
  eco_communalism / pro_pouvoir / chili_cordillere_et_pacifique / medias_communication : Camila Rojas Araya
  eco_communalism / pro_pouvoir / chili_cordillere_et_pacifique / meteo : Valentina Paredes Soto
  eco_communalism / pro_pouvoir / chili_cordillere_et_pacifique / musique : Javiera Millán Torres
  eco_communalism / pro_pouvoir / chili_cordillere_et_pacifique / opinions_editoriaux : Camila Rojas Araya
  eco_communalism / pro_pouvoir / chili_cordillere_et_pacifique / petites_annonces_services : Ignacio Nahuelpán Gutiérrez
  eco_communalism / pro_pouvoir / chili_cordillere_et_pacifique / politique : Camila Rojas Araya
  eco_communalism / pro_pouvoir / chili_cordillere_et_pacifique / religion_spiritualite : Mateo Quilodrán Reyes
  eco_communalism / pro_pouvoir / chili_cordillere_et_pacifique / sante : Valentina Paredes Soto
  eco_communalism / pro_pouvoir / chili_cordillere_et_pacifique / sciences_technologies : Diego Muñoz Valdés
  eco_communalism / pro_pouvoir / chili_cordillere_et_pacifique / societe : Mateo Quilodrán Reyes
  eco_communalism / pro_pouvoir / chili_cordillere_et_pacifique / sports : Javiera Millán Torres
  eco_communalism / pro_pouvoir / congo_bassin_du_fleuve / actualites_a_la_une : Mado Lokondo
  eco_communalism / pro_pouvoir / congo_bassin_du_fleuve / culture : Patrick Mbemba
  eco_communalism / pro_pouvoir / congo_bassin_du_fleuve / economie_finance : Jean-Bosco Ilunga
  eco_communalism / pro_pouvoir / congo_bassin_du_fleuve / education : Chantal Bolamba
  eco_communalism / pro_pouvoir / congo_bassin_du_fleuve / environnement_climat : Aline Moke
  eco_communalism / pro_pouvoir / congo_bassin_du_fleuve / faits_divers : Mado Lokondo
  eco_communalism / pro_pouvoir / congo_bassin_du_fleuve / histoire_patrimoine : Patrick Mbemba
  eco_communalism / pro_pouvoir / congo_bassin_du_fleuve / international : Jean-Bosco Ilunga
  eco_communalism / pro_pouvoir / congo_bassin_du_fleuve / lifestyle_art_de_vivre : Dieudonné Kabasele
  eco_communalism / pro_pouvoir / congo_bassin_du_fleuve / medias_communication : Chantal Bolamba
  eco_communalism / pro_pouvoir / congo_bassin_du_fleuve / meteo : Aline Moke
  eco_communalism / pro_pouvoir / congo_bassin_du_fleuve / musique : Patrick Mbemba
  eco_communalism / pro_pouvoir / congo_bassin_du_fleuve / opinions_editoriaux : Mado Lokondo
  eco_communalism / pro_pouvoir / congo_bassin_du_fleuve / petites_annonces_services : Chantal Bolamba
  eco_communalism / pro_pouvoir / congo_bassin_du_fleuve / politique : Mado Lokondo
  eco_communalism / pro_pouvoir / congo_bassin_du_fleuve / religion_spiritualite : Patrick Mbemba
  eco_communalism / pro_pouvoir / congo_bassin_du_fleuve / sante : Aline Moke
  eco_communalism / pro_pouvoir / congo_bassin_du_fleuve / sciences_technologies : Jean-Bosco Ilunga
  eco_communalism / pro_pouvoir / congo_bassin_du_fleuve / sports : Dieudonné Kabasele
  eco_communalism / pro_pouvoir / coree_du_nord_bioterritoires_demanteles / actualites_a_la_une : Ri Hyang-mi
  eco_communalism / pro_pouvoir / coree_du_nord_bioterritoires_demanteles / culture : Kang Sol
  eco_communalism / pro_pouvoir / coree_du_nord_bioterritoires_demanteles / economie_finance : Kim Eun-ju
  eco_communalism / pro_pouvoir / coree_du_nord_bioterritoires_demanteles / education : Kim Eun-ju
  eco_communalism / pro_pouvoir / coree_du_nord_bioterritoires_demanteles / environnement_climat : Pak Chol-su
  eco_communalism / pro_pouvoir / coree_du_nord_bioterritoires_demanteles / faits_divers : Choe Min-ho
  eco_communalism / pro_pouvoir / coree_du_nord_bioterritoires_demanteles / histoire_patrimoine : Kang Sol
  eco_communalism / pro_pouvoir / coree_du_nord_bioterritoires_demanteles / international : Han Myong-jin
  eco_communalism / pro_pouvoir / coree_du_nord_bioterritoires_demanteles / lifestyle_art_de_vivre : Kang Sol
  eco_communalism / pro_pouvoir / coree_du_nord_bioterritoires_demanteles / medias_communication : Ri Hyang-mi
  eco_communalism / pro_pouvoir / coree_du_nord_bioterritoires_demanteles / meteo : Pak Chol-su
  eco_communalism / pro_pouvoir / coree_du_nord_bioterritoires_demanteles / musique : Han Myong-jin
  eco_communalism / pro_pouvoir / coree_du_nord_bioterritoires_demanteles / opinions_editoriaux : Ri Hyang-mi
  eco_communalism / pro_pouvoir / coree_du_nord_bioterritoires_demanteles / petites_annonces_services : Kim Eun-ju
  eco_communalism / pro_pouvoir / coree_du_nord_bioterritoires_demanteles / politique : Ri Hyang-mi
  eco_communalism / pro_pouvoir / coree_du_nord_bioterritoires_demanteles / religion_spiritualite : Choe Min-ho
  eco_communalism / pro_pouvoir / coree_du_nord_bioterritoires_demanteles / sante : Kim Eun-ju
  eco_communalism / pro_pouvoir / coree_du_nord_bioterritoires_demanteles / sciences_technologies : Pak Chol-su
  eco_communalism / pro_pouvoir / coree_du_nord_bioterritoires_demanteles / societe : Choe Min-ho
  eco_communalism / pro_pouvoir / coree_du_nord_bioterritoires_demanteles / sports : Han Myong-jin
  eco_communalism / pro_pouvoir / coree_peninsule_verte / actualites_a_la_une : Kim Seo-yeon
  eco_communalism / pro_pouvoir / coree_peninsule_verte / culture : Choi Ji-hoon
  eco_communalism / pro_pouvoir / coree_peninsule_verte / economie_finance : Park Min-jun
  eco_communalism / pro_pouvoir / coree_peninsule_verte / education : Park Min-jun
  eco_communalism / pro_pouvoir / coree_peninsule_verte / environnement_climat : Lee Hye-jin
  eco_communalism / pro_pouvoir / coree_peninsule_verte / faits_divers : Jung Da-woon
  eco_communalism / pro_pouvoir / coree_peninsule_verte / histoire_patrimoine : Choi Ji-hoon
  eco_communalism / pro_pouvoir / coree_peninsule_verte / international : Han Eun-ji
  eco_communalism / pro_pouvoir / coree_peninsule_verte / lifestyle_art_de_vivre : Jung Da-woon
  eco_communalism / pro_pouvoir / coree_peninsule_verte / medias_communication : Kim Seo-yeon
  eco_communalism / pro_pouvoir / coree_peninsule_verte / meteo : Lee Hye-jin
  eco_communalism / pro_pouvoir / coree_peninsule_verte / musique : Han Eun-ji
  eco_communalism / pro_pouvoir / coree_peninsule_verte / opinions_editoriaux : Kim Seo-yeon
  eco_communalism / pro_pouvoir / coree_peninsule_verte / petites_annonces_services : Jung Da-woon
  eco_communalism / pro_pouvoir / coree_peninsule_verte / politique : Kim Seo-yeon
  eco_communalism / pro_pouvoir / coree_peninsule_verte / religion_spiritualite : Choi Ji-hoon
  eco_communalism / pro_pouvoir / coree_peninsule_verte / sante : Lee Hye-jin
  eco_communalism / pro_pouvoir / coree_peninsule_verte / sciences_technologies : Park Min-jun
  eco_communalism / pro_pouvoir / coree_peninsule_verte / societe : Choi Ji-hoon
  eco_communalism / pro_pouvoir / coree_peninsule_verte / sports : Han Eun-ji
  eco_communalism / pro_pouvoir / corne_afrique_nomade / actualites_a_la_une : Ayaan Warsame
  eco_communalism / pro_pouvoir / corne_afrique_nomade / culture : Ismaaciil Xasan
  eco_communalism / pro_pouvoir / corne_afrique_nomade / education : Fadumo Cali
  eco_communalism / pro_pouvoir / corne_afrique_nomade / faits_divers : Sahra Yuusuf
  eco_communalism / pro_pouvoir / corne_afrique_nomade / histoire_patrimoine : Ismaaciil Xasan
  eco_communalism / pro_pouvoir / corne_afrique_nomade / lifestyle_art_de_vivre : Sahra Yuusuf
  eco_communalism / pro_pouvoir / corne_afrique_nomade / medias_communication : Sahra Yuusuf
  eco_communalism / pro_pouvoir / corne_afrique_nomade / meteo : Cabdiraxmaan Axmed
  eco_communalism / pro_pouvoir / corne_afrique_nomade / musique : Ismaaciil Xasan
  eco_communalism / pro_pouvoir / corne_afrique_nomade / opinions_editoriaux : Ayaan Warsame
  eco_communalism / pro_pouvoir / corne_afrique_nomade / petites_annonces_services : Fadumo Cali
  eco_communalism / pro_pouvoir / corne_afrique_nomade / politique : Ayaan Warsame
  eco_communalism / pro_pouvoir / corne_afrique_nomade / religion_spiritualite : Ismaaciil Xasan
  eco_communalism / pro_pouvoir / corne_afrique_nomade / sante : Fadumo Cali
  eco_communalism / pro_pouvoir / corne_afrique_nomade / sciences_technologies : Cabdiraxmaan Axmed
  eco_communalism / pro_pouvoir / corne_afrique_nomade / societe : Fadumo Cali
  eco_communalism / pro_pouvoir / corne_afrique_nomade / sports : Sahra Yuusuf
  eco_communalism / pro_pouvoir / delta_et_savanes_nigerianes / actualites_a_la_une : Tariye Boma
  eco_communalism / pro_pouvoir / delta_et_savanes_nigerianes / culture : Ebiere Tamuno
  eco_communalism / pro_pouvoir / delta_et_savanes_nigerianes / economie_finance : Ngozi Okafor
  eco_communalism / pro_pouvoir / delta_et_savanes_nigerianes / education : Amina Bello
  eco_communalism / pro_pouvoir / delta_et_savanes_nigerianes / environnement_climat : Musa Danjuma
  eco_communalism / pro_pouvoir / delta_et_savanes_nigerianes / faits_divers : Chinedu Eze
  eco_communalism / pro_pouvoir / delta_et_savanes_nigerianes / histoire_patrimoine : Ebiere Tamuno
  eco_communalism / pro_pouvoir / delta_et_savanes_nigerianes / international : Chinedu Eze
  eco_communalism / pro_pouvoir / delta_et_savanes_nigerianes / lifestyle_art_de_vivre : Ebiere Tamuno
  eco_communalism / pro_pouvoir / delta_et_savanes_nigerianes / medias_communication : Chinedu Eze
  eco_communalism / pro_pouvoir / delta_et_savanes_nigerianes / meteo : Ngozi Okafor
  eco_communalism / pro_pouvoir / delta_et_savanes_nigerianes / musique : Ebiere Tamuno
  eco_communalism / pro_pouvoir / delta_et_savanes_nigerianes / opinions_editoriaux : Tariye Boma
  eco_communalism / pro_pouvoir / delta_et_savanes_nigerianes / petites_annonces_services : Ngozi Okafor
  eco_communalism / pro_pouvoir / delta_et_savanes_nigerianes / politique : Tariye Boma
  eco_communalism / pro_pouvoir / delta_et_savanes_nigerianes / religion_spiritualite : Amina Bello
  eco_communalism / pro_pouvoir / delta_et_savanes_nigerianes / sante : Musa Danjuma
  eco_communalism / pro_pouvoir / delta_et_savanes_nigerianes / sciences_technologies : Musa Danjuma
  eco_communalism / pro_pouvoir / delta_et_savanes_nigerianes / societe : Amina Bello
  eco_communalism / pro_pouvoir / delta_et_savanes_nigerianes / sports : Chinedu Eze
  eco_communalism / pro_pouvoir / delta_mekong_communautaire / actualites_a_la_une : Nguyễn Thị Lan
  eco_communalism / pro_pouvoir / delta_mekong_communautaire / culture : Phạm Mai Anh
  eco_communalism / pro_pouvoir / delta_mekong_communautaire / economie_finance : Trần Minh Đức
  eco_communalism / pro_pouvoir / delta_mekong_communautaire / education : Lê Hồng Phúc
  eco_communalism / pro_pouvoir / delta_mekong_communautaire / environnement_climat : Trần Minh Đức
  eco_communalism / pro_pouvoir / delta_mekong_communautaire / faits_divers : Võ Quang Hải
  eco_communalism / pro_pouvoir / delta_mekong_communautaire / histoire_patrimoine : Phạm Mai Anh
  eco_communalism / pro_pouvoir / delta_mekong_communautaire / international : Võ Quang Hải
  eco_communalism / pro_pouvoir / delta_mekong_communautaire / lifestyle_art_de_vivre : Đặng Thu Hà
  eco_communalism / pro_pouvoir / delta_mekong_communautaire / medias_communication : Võ Quang Hải
  eco_communalism / pro_pouvoir / delta_mekong_communautaire / meteo : Đặng Thu Hà
  eco_communalism / pro_pouvoir / delta_mekong_communautaire / musique : Phạm Mai Anh
  eco_communalism / pro_pouvoir / delta_mekong_communautaire / opinions_editoriaux : Nguyễn Thị Lan
  eco_communalism / pro_pouvoir / delta_mekong_communautaire / petites_annonces_services : Đặng Thu Hà
  eco_communalism / pro_pouvoir / delta_mekong_communautaire / politique : Nguyễn Thị Lan
  eco_communalism / pro_pouvoir / delta_mekong_communautaire / religion_spiritualite : Phạm Mai Anh
  eco_communalism / pro_pouvoir / delta_mekong_communautaire / sante : Lê Hồng Phúc
  eco_communalism / pro_pouvoir / delta_mekong_communautaire / sciences_technologies : Trần Minh Đức
  eco_communalism / pro_pouvoir / delta_mekong_communautaire / societe : Lê Hồng Phúc
  eco_communalism / pro_pouvoir / delta_mekong_communautaire / sports : Đặng Thu Hà
  eco_communalism / pro_pouvoir / enclaves_extractivistes_et_etats_residuels / actualites_a_la_une : Aïcha N’Diaye
  eco_communalism / pro_pouvoir / enclaves_extractivistes_et_etats_residuels / culture : Kenji Sato
  eco_communalism / pro_pouvoir / enclaves_extractivistes_et_etats_residuels / economie_finance : Ravi Menon
  eco_communalism / pro_pouvoir / enclaves_extractivistes_et_etats_residuels / education : Oksana Petrenko
  eco_communalism / pro_pouvoir / enclaves_extractivistes_et_etats_residuels / environnement_climat : Lucía Vargas
  eco_communalism / pro_pouvoir / enclaves_extractivistes_et_etats_residuels / faits_divers : Oksana Petrenko
  eco_communalism / pro_pouvoir / enclaves_extractivistes_et_etats_residuels / histoire_patrimoine : Farid Mansour
  eco_communalism / pro_pouvoir / enclaves_extractivistes_et_etats_residuels / international : Aïcha N’Diaye
  eco_communalism / pro_pouvoir / enclaves_extractivistes_et_etats_residuels / lifestyle_art_de_vivre : Kenji Sato
  eco_communalism / pro_pouvoir / enclaves_extractivistes_et_etats_residuels / medias_communication : Ravi Menon
  eco_communalism / pro_pouvoir / enclaves_extractivistes_et_etats_residuels / meteo : Lucía Vargas
  eco_communalism / pro_pouvoir / enclaves_extractivistes_et_etats_residuels / musique : Kenji Sato
  eco_communalism / pro_pouvoir / enclaves_extractivistes_et_etats_residuels / opinions_editoriaux : Aïcha N’Diaye
  eco_communalism / pro_pouvoir / enclaves_extractivistes_et_etats_residuels / petites_annonces_services : Oksana Petrenko
  eco_communalism / pro_pouvoir / enclaves_extractivistes_et_etats_residuels / politique : Aïcha N’Diaye
  eco_communalism / pro_pouvoir / enclaves_extractivistes_et_etats_residuels / religion_spiritualite : Farid Mansour
  eco_communalism / pro_pouvoir / enclaves_extractivistes_et_etats_residuels / sante : Lucía Vargas
  eco_communalism / pro_pouvoir / enclaves_extractivistes_et_etats_residuels / sciences_technologies : Ravi Menon
  eco_communalism / pro_pouvoir / enclaves_extractivistes_et_etats_residuels / sports : Kenji Sato
  eco_communalism / pro_pouvoir / ethiopie_hautes_terres_vertes / actualites_a_la_une : Meseret Tesfaye
  eco_communalism / pro_pouvoir / ethiopie_hautes_terres_vertes / culture : Hirut Woldemariam
  eco_communalism / pro_pouvoir / ethiopie_hautes_terres_vertes / economie_finance : Dawit Bekele
  eco_communalism / pro_pouvoir / ethiopie_hautes_terres_vertes / education : Abdi Mohammed
  eco_communalism / pro_pouvoir / ethiopie_hautes_terres_vertes / environnement_climat : Selamawit Alemu
  eco_communalism / pro_pouvoir / ethiopie_hautes_terres_vertes / faits_divers : Abdi Mohammed
  eco_communalism / pro_pouvoir / ethiopie_hautes_terres_vertes / histoire_patrimoine : Hirut Woldemariam
  eco_communalism / pro_pouvoir / ethiopie_hautes_terres_vertes / international : Dawit Bekele
  eco_communalism / pro_pouvoir / ethiopie_hautes_terres_vertes / lifestyle_art_de_vivre : Hirut Woldemariam
  eco_communalism / pro_pouvoir / ethiopie_hautes_terres_vertes / medias_communication : Tadesse Mekonnen
  eco_communalism / pro_pouvoir / ethiopie_hautes_terres_vertes / meteo : Selamawit Alemu
  eco_communalism / pro_pouvoir / ethiopie_hautes_terres_vertes / musique : Hirut Woldemariam
  eco_communalism / pro_pouvoir / ethiopie_hautes_terres_vertes / opinions_editoriaux : Meseret Tesfaye
  eco_communalism / pro_pouvoir / ethiopie_hautes_terres_vertes / petites_annonces_services : Tadesse Mekonnen
  eco_communalism / pro_pouvoir / ethiopie_hautes_terres_vertes / politique : Meseret Tesfaye
  eco_communalism / pro_pouvoir / ethiopie_hautes_terres_vertes / religion_spiritualite : Abdi Mohammed
  eco_communalism / pro_pouvoir / ethiopie_hautes_terres_vertes / sante : Selamawit Alemu
  eco_communalism / pro_pouvoir / ethiopie_hautes_terres_vertes / sciences_technologies : Dawit Bekele
  eco_communalism / pro_pouvoir / ethiopie_hautes_terres_vertes / societe : Abdi Mohammed
  eco_communalism / pro_pouvoir / ethiopie_hautes_terres_vertes / sports : Tadesse Mekonnen
  eco_communalism / pro_pouvoir / europe_occidentale_reconstituee / actualites_a_la_une : Élodie Meunier
  eco_communalism / pro_pouvoir / europe_occidentale_reconstituee / economie_finance : Lukas Van der Velde
  eco_communalism / pro_pouvoir / europe_occidentale_reconstituee / education : Chiara Benedetti
  eco_communalism / pro_pouvoir / europe_occidentale_reconstituee / environnement_climat : Lukas Van der Velde
  eco_communalism / pro_pouvoir / europe_occidentale_reconstituee / faits_divers : Anna Keller
  eco_communalism / pro_pouvoir / europe_occidentale_reconstituee / histoire_patrimoine : Maël Le Goff
  eco_communalism / pro_pouvoir / europe_occidentale_reconstituee / international : Anna Keller
  eco_communalism / pro_pouvoir / europe_occidentale_reconstituee / lifestyle_art_de_vivre : Karim Benaïssa
  eco_communalism / pro_pouvoir / europe_occidentale_reconstituee / medias_communication : Élodie Meunier
  eco_communalism / pro_pouvoir / europe_occidentale_reconstituee / meteo : Lukas Van der Velde
  eco_communalism / pro_pouvoir / europe_occidentale_reconstituee / musique : Karim Benaïssa
  eco_communalism / pro_pouvoir / europe_occidentale_reconstituee / opinions_editoriaux : Élodie Meunier
  eco_communalism / pro_pouvoir / europe_occidentale_reconstituee / petites_annonces_services : Lukas Van der Velde
  eco_communalism / pro_pouvoir / europe_occidentale_reconstituee / politique : Élodie Meunier
  eco_communalism / pro_pouvoir / europe_occidentale_reconstituee / religion_spiritualite : Maël Le Goff
  eco_communalism / pro_pouvoir / europe_occidentale_reconstituee / sante : Chiara Benedetti
  eco_communalism / pro_pouvoir / europe_occidentale_reconstituee / sciences_technologies : Chiara Benedetti
  eco_communalism / pro_pouvoir / europe_occidentale_reconstituee / societe : Maël Le Goff
  eco_communalism / pro_pouvoir / europe_occidentale_reconstituee / sports : Anna Keller
  eco_communalism / pro_pouvoir / inde_bassins_sacres / culture : Kavita Yadav
  eco_communalism / pro_pouvoir / inde_bassins_sacres / economie_finance : Sameer Qureshi
  eco_communalism / pro_pouvoir / inde_bassins_sacres / education : Nikhil Deshmukh
  eco_communalism / pro_pouvoir / inde_bassins_sacres / environnement_climat : Meera Iyer
  eco_communalism / pro_pouvoir / inde_bassins_sacres / faits_divers : Rafiq Ansari
  eco_communalism / pro_pouvoir / inde_bassins_sacres / histoire_patrimoine : Kavita Yadav
  eco_communalism / pro_pouvoir / inde_bassins_sacres / international : Sameer Qureshi
  eco_communalism / pro_pouvoir / inde_bassins_sacres / lifestyle_art_de_vivre : Nikhil Deshmukh
  eco_communalism / pro_pouvoir / inde_bassins_sacres / medias_communication : Ananya Mishra
  eco_communalism / pro_pouvoir / inde_bassins_sacres / meteo : Meera Iyer
  eco_communalism / pro_pouvoir / inde_bassins_sacres / musique : Kavita Yadav
  eco_communalism / pro_pouvoir / inde_bassins_sacres / opinions_editoriaux : Ananya Mishra
  eco_communalism / pro_pouvoir / inde_bassins_sacres / petites_annonces_services : Sameer Qureshi
  eco_communalism / pro_pouvoir / inde_bassins_sacres / politique : Ananya Mishra
  eco_communalism / pro_pouvoir / inde_bassins_sacres / religion_spiritualite : Kavita Yadav
  eco_communalism / pro_pouvoir / inde_bassins_sacres / sante : Nikhil Deshmukh
  eco_communalism / pro_pouvoir / inde_bassins_sacres / sciences_technologies : Meera Iyer
  eco_communalism / pro_pouvoir / inde_bassins_sacres / societe : Nikhil Deshmukh
  eco_communalism / pro_pouvoir / inde_bassins_sacres / sports : Rafiq Ansari
  eco_communalism / pro_pouvoir / japon_archipel_resilient / culture : Mei Kobayashi
  eco_communalism / pro_pouvoir / japon_archipel_resilient / economie_finance : Haruto Sato
  eco_communalism / pro_pouvoir / japon_archipel_resilient / education : Kenji Mori
  eco_communalism / pro_pouvoir / japon_archipel_resilient / environnement_climat : Aiko Nakamura
  eco_communalism / pro_pouvoir / japon_archipel_resilient / faits_divers : Daichi Watanabe
  eco_communalism / pro_pouvoir / japon_archipel_resilient / histoire_patrimoine : Mei Kobayashi
  eco_communalism / pro_pouvoir / japon_archipel_resilient / international : Haruto Sato
  eco_communalism / pro_pouvoir / japon_archipel_resilient / lifestyle_art_de_vivre : Kenji Mori
  eco_communalism / pro_pouvoir / japon_archipel_resilient / medias_communication : Yui Tanaka
  eco_communalism / pro_pouvoir / japon_archipel_resilient / meteo : Aiko Nakamura
  eco_communalism / pro_pouvoir / japon_archipel_resilient / musique : Mei Kobayashi
  eco_communalism / pro_pouvoir / japon_archipel_resilient / opinions_editoriaux : Yui Tanaka
  eco_communalism / pro_pouvoir / japon_archipel_resilient / petites_annonces_services : Kenji Mori
  eco_communalism / pro_pouvoir / japon_archipel_resilient / politique : Yui Tanaka
  eco_communalism / pro_pouvoir / japon_archipel_resilient / religion_spiritualite : Mei Kobayashi
  eco_communalism / pro_pouvoir / japon_archipel_resilient / sante : Aiko Nakamura
  eco_communalism / pro_pouvoir / japon_archipel_resilient / sciences_technologies : Haruto Sato
  eco_communalism / pro_pouvoir / japon_archipel_resilient / societe : Kenji Mori
  eco_communalism / pro_pouvoir / japon_archipel_resilient / sports : Daichi Watanabe
  eco_communalism / pro_pouvoir / madagascar_biodiversite_autonome / actualites_a_la_une : Voahirana Razafindrakoto
  eco_communalism / pro_pouvoir / madagascar_biodiversite_autonome / culture : Hery Andrianarivo
  eco_communalism / pro_pouvoir / madagascar_biodiversite_autonome / education : Mialy Randrianantenaina
  eco_communalism / pro_pouvoir / madagascar_biodiversite_autonome / faits_divers : Toky Ratsimbazafy
  eco_communalism / pro_pouvoir / madagascar_biodiversite_autonome / histoire_patrimoine : Hery Andrianarivo
  eco_communalism / pro_pouvoir / madagascar_biodiversite_autonome / international : Fara Rasoanirina
  eco_communalism / pro_pouvoir / madagascar_biodiversite_autonome / lifestyle_art_de_vivre : Toky Ratsimbazafy
  eco_communalism / pro_pouvoir / madagascar_biodiversite_autonome / medias_communication : Voahirana Razafindrakoto
  eco_communalism / pro_pouvoir / madagascar_biodiversite_autonome / meteo : Rivo Rakotomalala
  eco_communalism / pro_pouvoir / madagascar_biodiversite_autonome / musique : Hery Andrianarivo
  eco_communalism / pro_pouvoir / madagascar_biodiversite_autonome / opinions_editoriaux : Voahirana Razafindrakoto
  eco_communalism / pro_pouvoir / madagascar_biodiversite_autonome / petites_annonces_services : Mialy Randrianantenaina
  eco_communalism / pro_pouvoir / madagascar_biodiversite_autonome / politique : Voahirana Razafindrakoto
  eco_communalism / pro_pouvoir / madagascar_biodiversite_autonome / religion_spiritualite : Hery Andrianarivo
  eco_communalism / pro_pouvoir / madagascar_biodiversite_autonome / sante : Mialy Randrianantenaina
  eco_communalism / pro_pouvoir / madagascar_biodiversite_autonome / sciences_technologies : Rivo Rakotomalala
  eco_communalism / pro_pouvoir / madagascar_biodiversite_autonome / societe : Mialy Randrianantenaina
  eco_communalism / pro_pouvoir / madagascar_biodiversite_autonome / sports : Toky Ratsimbazafy
  eco_communalism / pro_pouvoir / maghreb_mediterraneen / actualites_a_la_une : Salma Benyoussef
  eco_communalism / pro_pouvoir / maghreb_mediterraneen / economie_finance : Youssef Aït Lahcen
  eco_communalism / pro_pouvoir / maghreb_mediterraneen / education : Leïla Trabelsi
  eco_communalism / pro_pouvoir / maghreb_mediterraneen / environnement_climat : Youssef Aït Lahcen
  eco_communalism / pro_pouvoir / maghreb_mediterraneen / faits_divers : Mariem El Fassi
  eco_communalism / pro_pouvoir / maghreb_mediterraneen / histoire_patrimoine : Amine Boudjemaa
  eco_communalism / pro_pouvoir / maghreb_mediterraneen / international : Mariem El Fassi
  eco_communalism / pro_pouvoir / maghreb_mediterraneen / lifestyle_art_de_vivre : Tarek Messaoudi
  eco_communalism / pro_pouvoir / maghreb_mediterraneen / medias_communication : Salma Benyoussef
  eco_communalism / pro_pouvoir / maghreb_mediterraneen / meteo : Youssef Aït Lahcen
  eco_communalism / pro_pouvoir / maghreb_mediterraneen / musique : Tarek Messaoudi
  eco_communalism / pro_pouvoir / maghreb_mediterraneen / opinions_editoriaux : Salma Benyoussef
  eco_communalism / pro_pouvoir / maghreb_mediterraneen / petites_annonces_services : Youssef Aït Lahcen
  eco_communalism / pro_pouvoir / maghreb_mediterraneen / politique : Salma Benyoussef
  eco_communalism / pro_pouvoir / maghreb_mediterraneen / religion_spiritualite : Amine Boudjemaa
  eco_communalism / pro_pouvoir / maghreb_mediterraneen / sante : Leïla Trabelsi
  eco_communalism / pro_pouvoir / maghreb_mediterraneen / sciences_technologies : Leïla Trabelsi
  eco_communalism / pro_pouvoir / maghreb_mediterraneen / societe : Amine Boudjemaa
  eco_communalism / pro_pouvoir / maghreb_mediterraneen / sports : Mariem El Fassi
  eco_communalism / pro_pouvoir / melanesie_autonome / actualites_a_la_une : Wadra Néaoutyine
  eco_communalism / pro_pouvoir / melanesie_autonome / culture : Mereani Nalo
  eco_communalism / pro_pouvoir / melanesie_autonome / economie_finance : Lina Kalsakau
  eco_communalism / pro_pouvoir / melanesie_autonome / education : Joses Wali
  eco_communalism / pro_pouvoir / melanesie_autonome / faits_divers : Tari Bule
  eco_communalism / pro_pouvoir / melanesie_autonome / histoire_patrimoine : Mereani Nalo
  eco_communalism / pro_pouvoir / melanesie_autonome / international : Tari Bule
  eco_communalism / pro_pouvoir / melanesie_autonome / lifestyle_art_de_vivre : Moana Goro
  eco_communalism / pro_pouvoir / melanesie_autonome / medias_communication : Wadra Néaoutyine
  eco_communalism / pro_pouvoir / melanesie_autonome / meteo : Lina Kalsakau
  eco_communalism / pro_pouvoir / melanesie_autonome / musique : Moana Goro
  eco_communalism / pro_pouvoir / melanesie_autonome / opinions_editoriaux : Wadra Néaoutyine
  eco_communalism / pro_pouvoir / melanesie_autonome / petites_annonces_services : Lina Kalsakau
  eco_communalism / pro_pouvoir / melanesie_autonome / politique : Wadra Néaoutyine
  eco_communalism / pro_pouvoir / melanesie_autonome / religion_spiritualite : Mereani Nalo
  eco_communalism / pro_pouvoir / melanesie_autonome / sante : Joses Wali
  eco_communalism / pro_pouvoir / melanesie_autonome / sciences_technologies : Joses Wali
  eco_communalism / pro_pouvoir / melanesie_autonome / societe : Mereani Nalo
  eco_communalism / pro_pouvoir / melanesie_autonome / sports : Moana Goro
  eco_communalism / pro_pouvoir / micronesie_insulaire / actualites_a_la_une : Mina Rengulbai
  eco_communalism / pro_pouvoir / micronesie_insulaire / culture : Jelter Kabua
  eco_communalism / pro_pouvoir / micronesie_insulaire / economie_finance : Tino Ismael
  eco_communalism / pro_pouvoir / micronesie_insulaire / education : Bwenam Anterea
  eco_communalism / pro_pouvoir / micronesie_insulaire / environnement_climat : Anita Nena
  eco_communalism / pro_pouvoir / micronesie_insulaire / faits_divers : Bwenam Anterea
  eco_communalism / pro_pouvoir / micronesie_insulaire / histoire_patrimoine : Jelter Kabua
  eco_communalism / pro_pouvoir / micronesie_insulaire / international : Anita Nena
  eco_communalism / pro_pouvoir / micronesie_insulaire / lifestyle_art_de_vivre : Lina Aisek
  eco_communalism / pro_pouvoir / micronesie_insulaire / medias_communication : Mina Rengulbai
  eco_communalism / pro_pouvoir / micronesie_insulaire / meteo : Anita Nena
  eco_communalism / pro_pouvoir / micronesie_insulaire / musique : Lina Aisek
  eco_communalism / pro_pouvoir / micronesie_insulaire / opinions_editoriaux : Mina Rengulbai
  eco_communalism / pro_pouvoir / micronesie_insulaire / petites_annonces_services : Tino Ismael
  eco_communalism / pro_pouvoir / micronesie_insulaire / politique : Mina Rengulbai
  eco_communalism / pro_pouvoir / micronesie_insulaire / religion_spiritualite : Jelter Kabua
  eco_communalism / pro_pouvoir / micronesie_insulaire / sante : Bwenam Anterea
  eco_communalism / pro_pouvoir / micronesie_insulaire / sciences_technologies : Tino Ismael
  eco_communalism / pro_pouvoir / micronesie_insulaire / societe : Bwenam Anterea
  eco_communalism / pro_pouvoir / micronesie_insulaire / sports : Lina Aisek
  eco_communalism / pro_pouvoir / mozambique_cote_indienne / culture : Ernesto Bila
  eco_communalism / pro_pouvoir / mozambique_cote_indienne / economie_finance : Abdul Jamal Mussa
  eco_communalism / pro_pouvoir / mozambique_cote_indienne / education : Celeste Mucavele
  eco_communalism / pro_pouvoir / mozambique_cote_indienne / environnement_climat : Fátima Macuácua
  eco_communalism / pro_pouvoir / mozambique_cote_indienne / faits_divers : Salomão Chissano
  eco_communalism / pro_pouvoir / mozambique_cote_indienne / histoire_patrimoine : Ernesto Bila
  eco_communalism / pro_pouvoir / mozambique_cote_indienne / international : Abdul Jamal Mussa
  eco_communalism / pro_pouvoir / mozambique_cote_indienne / lifestyle_art_de_vivre : Celeste Mucavele
  eco_communalism / pro_pouvoir / mozambique_cote_indienne / medias_communication : Ana Matavel
  eco_communalism / pro_pouvoir / mozambique_cote_indienne / meteo : Fátima Macuácua
  eco_communalism / pro_pouvoir / mozambique_cote_indienne / musique : Ernesto Bila
  eco_communalism / pro_pouvoir / mozambique_cote_indienne / opinions_editoriaux : Ana Matavel
  eco_communalism / pro_pouvoir / mozambique_cote_indienne / petites_annonces_services : Abdul Jamal Mussa
  eco_communalism / pro_pouvoir / mozambique_cote_indienne / politique : Ana Matavel
  eco_communalism / pro_pouvoir / mozambique_cote_indienne / religion_spiritualite : Ernesto Bila
  eco_communalism / pro_pouvoir / mozambique_cote_indienne / sante : Celeste Mucavele
  eco_communalism / pro_pouvoir / mozambique_cote_indienne / sciences_technologies : Fátima Macuácua
  eco_communalism / pro_pouvoir / mozambique_cote_indienne / societe : Celeste Mucavele
  eco_communalism / pro_pouvoir / mozambique_cote_indienne / sports : Salomão Chissano
  eco_communalism / pro_pouvoir / namibie_desert_et_cotes / actualites_a_la_une : Fransina ǃNaris
  eco_communalism / pro_pouvoir / namibie_desert_et_cotes / culture : Dawid Garoëb
  eco_communalism / pro_pouvoir / namibie_desert_et_cotes / education : Saara Shikongo
  eco_communalism / pro_pouvoir / namibie_desert_et_cotes / faits_divers : Katuutire Kaura
  eco_communalism / pro_pouvoir / namibie_desert_et_cotes / histoire_patrimoine : Dawid Garoëb
  eco_communalism / pro_pouvoir / namibie_desert_et_cotes / international : Meriam /Uiras
  eco_communalism / pro_pouvoir / namibie_desert_et_cotes / lifestyle_art_de_vivre : Katuutire Kaura
  eco_communalism / pro_pouvoir / namibie_desert_et_cotes / medias_communication : Fransina ǃNaris
  eco_communalism / pro_pouvoir / namibie_desert_et_cotes / meteo : Uetjiua Tjivikua
  eco_communalism / pro_pouvoir / namibie_desert_et_cotes / musique : Dawid Garoëb
  eco_communalism / pro_pouvoir / namibie_desert_et_cotes / opinions_editoriaux : Fransina ǃNaris
  eco_communalism / pro_pouvoir / namibie_desert_et_cotes / petites_annonces_services : Saara Shikongo
  eco_communalism / pro_pouvoir / namibie_desert_et_cotes / politique : Fransina ǃNaris
  eco_communalism / pro_pouvoir / namibie_desert_et_cotes / religion_spiritualite : Dawid Garoëb
  eco_communalism / pro_pouvoir / namibie_desert_et_cotes / sante : Saara Shikongo
  eco_communalism / pro_pouvoir / namibie_desert_et_cotes / sciences_technologies : Uetjiua Tjivikua
  eco_communalism / pro_pouvoir / namibie_desert_et_cotes / societe : Saara Shikongo
  eco_communalism / pro_pouvoir / namibie_desert_et_cotes / sports : Katuutire Kaura
  eco_communalism / pro_pouvoir / nordeste_bresilien_frente / actualites_a_la_une : Maria do Carmo Bezerra
  eco_communalism / pro_pouvoir / nordeste_bresilien_frente / economie_finance : João Batista dos Santos
  eco_communalism / pro_pouvoir / nordeste_bresilien_frente / education : Ana Clara Nascimento
  eco_communalism / pro_pouvoir / nordeste_bresilien_frente / environnement_climat : João Batista dos Santos
  eco_communalism / pro_pouvoir / nordeste_bresilien_frente / faits_divers : Luana Pereira
  eco_communalism / pro_pouvoir / nordeste_bresilien_frente / histoire_patrimoine : Severino Araújo
  eco_communalism / pro_pouvoir / nordeste_bresilien_frente / international : Luana Pereira
  eco_communalism / pro_pouvoir / nordeste_bresilien_frente / lifestyle_art_de_vivre : Francisco Dantas
  eco_communalism / pro_pouvoir / nordeste_bresilien_frente / medias_communication : Maria do Carmo Bezerra
  eco_communalism / pro_pouvoir / nordeste_bresilien_frente / meteo : João Batista dos Santos
  eco_communalism / pro_pouvoir / nordeste_bresilien_frente / musique : Francisco Dantas
  eco_communalism / pro_pouvoir / nordeste_bresilien_frente / opinions_editoriaux : Maria do Carmo Bezerra
  eco_communalism / pro_pouvoir / nordeste_bresilien_frente / petites_annonces_services : João Batista dos Santos
  eco_communalism / pro_pouvoir / nordeste_bresilien_frente / politique : Maria do Carmo Bezerra
  eco_communalism / pro_pouvoir / nordeste_bresilien_frente / religion_spiritualite : Severino Araújo
  eco_communalism / pro_pouvoir / nordeste_bresilien_frente / sante : Ana Clara Nascimento
  eco_communalism / pro_pouvoir / nordeste_bresilien_frente / sciences_technologies : Ana Clara Nascimento
  eco_communalism / pro_pouvoir / nordeste_bresilien_frente / societe : Severino Araújo
  eco_communalism / pro_pouvoir / nordeste_bresilien_frente / sports : Luana Pereira
  eco_communalism / pro_pouvoir / pampas_et_patagonie_communautaires / actualites_a_la_une : Lucía Nahuelpan
  eco_communalism / pro_pouvoir / pampas_et_patagonie_communautaires / culture : Tomás Benítez
  eco_communalism / pro_pouvoir / pampas_et_patagonie_communautaires / economie_finance : Mateo Quiroga
  eco_communalism / pro_pouvoir / pampas_et_patagonie_communautaires / education : Sofía Calfucura
  eco_communalism / pro_pouvoir / pampas_et_patagonie_communautaires / environnement_climat : Camila Antilef
  eco_communalism / pro_pouvoir / pampas_et_patagonie_communautaires / faits_divers : Valentina Millán
  eco_communalism / pro_pouvoir / pampas_et_patagonie_communautaires / histoire_patrimoine : Lucía Nahuelpan
  eco_communalism / pro_pouvoir / pampas_et_patagonie_communautaires / international : Valentina Millán
  eco_communalism / pro_pouvoir / pampas_et_patagonie_communautaires / lifestyle_art_de_vivre : Tomás Benítez
  eco_communalism / pro_pouvoir / pampas_et_patagonie_communautaires / medias_communication : Valentina Millán
  eco_communalism / pro_pouvoir / pampas_et_patagonie_communautaires / meteo : Camila Antilef
  eco_communalism / pro_pouvoir / pampas_et_patagonie_communautaires / musique : Tomás Benítez
  eco_communalism / pro_pouvoir / pampas_et_patagonie_communautaires / opinions_editoriaux : Valentina Millán
  eco_communalism / pro_pouvoir / pampas_et_patagonie_communautaires / petites_annonces_services : Mateo Quiroga
  eco_communalism / pro_pouvoir / pampas_et_patagonie_communautaires / politique : Lucía Nahuelpan
  eco_communalism / pro_pouvoir / pampas_et_patagonie_communautaires / religion_spiritualite : Sofía Calfucura
  eco_communalism / pro_pouvoir / pampas_et_patagonie_communautaires / sante : Camila Antilef
  eco_communalism / pro_pouvoir / pampas_et_patagonie_communautaires / sciences_technologies : Mateo Quiroga
  eco_communalism / pro_pouvoir / pampas_et_patagonie_communautaires / societe : Sofía Calfucura
  eco_communalism / pro_pouvoir / pampas_et_patagonie_communautaires / sports : Tomás Benítez
  eco_communalism / pro_pouvoir / polynesie_reconstituee / actualites_a_la_une : Hina Teva
  eco_communalism / pro_pouvoir / polynesie_reconstituee / culture : Mele Tupou
  eco_communalism / pro_pouvoir / polynesie_reconstituee / economie_finance : Moana Maitai
  eco_communalism / pro_pouvoir / polynesie_reconstituee / education : Sione Lafitani
  eco_communalism / pro_pouvoir / polynesie_reconstituee / environnement_climat : Tiare Paoa
  eco_communalism / pro_pouvoir / polynesie_reconstituee / faits_divers : Vaimiti Tauraa
  eco_communalism / pro_pouvoir / polynesie_reconstituee / histoire_patrimoine : Mele Tupou
  eco_communalism / pro_pouvoir / polynesie_reconstituee / international : Vaimiti Tauraa
  eco_communalism / pro_pouvoir / polynesie_reconstituee / lifestyle_art_de_vivre : Sione Lafitani
  eco_communalism / pro_pouvoir / polynesie_reconstituee / medias_communication : Moana Maitai
  eco_communalism / pro_pouvoir / polynesie_reconstituee / meteo : Tiare Paoa
  eco_communalism / pro_pouvoir / polynesie_reconstituee / musique : Mele Tupou
  eco_communalism / pro_pouvoir / polynesie_reconstituee / opinions_editoriaux : Hina Teva
  eco_communalism / pro_pouvoir / polynesie_reconstituee / petites_annonces_services : Sione Lafitani
  eco_communalism / pro_pouvoir / polynesie_reconstituee / politique : Hina Teva
  eco_communalism / pro_pouvoir / polynesie_reconstituee / religion_spiritualite : Mele Tupou
  eco_communalism / pro_pouvoir / polynesie_reconstituee / sante : Tiare Paoa
  eco_communalism / pro_pouvoir / polynesie_reconstituee / sciences_technologies : Moana Maitai
  eco_communalism / pro_pouvoir / polynesie_reconstituee / societe : Sione Lafitani
  eco_communalism / pro_pouvoir / polynesie_reconstituee / sports : Vaimiti Tauraa
  eco_communalism / pro_pouvoir / proche_orient_en_crise / actualites_a_la_une : Layla al-Khatib
  eco_communalism / pro_pouvoir / proche_orient_en_crise / culture : Rana al-Masri
  eco_communalism / pro_pouvoir / proche_orient_en_crise / economie_finance : Darius Farzan
  eco_communalism / pro_pouvoir / proche_orient_en_crise / education : Samir Haddad
  eco_communalism / pro_pouvoir / proche_orient_en_crise / environnement_climat : Miriam Ben-Ami
  eco_communalism / pro_pouvoir / proche_orient_en_crise / faits_divers : Noura al-Sabah
  eco_communalism / pro_pouvoir / proche_orient_en_crise / histoire_patrimoine : Rana al-Masri
  eco_communalism / pro_pouvoir / proche_orient_en_crise / international : Noura al-Sabah
  eco_communalism / pro_pouvoir / proche_orient_en_crise / lifestyle_art_de_vivre : Samir Haddad
  eco_communalism / pro_pouvoir / proche_orient_en_crise / medias_communication : Darius Farzan
  eco_communalism / pro_pouvoir / proche_orient_en_crise / meteo : Miriam Ben-Ami
  eco_communalism / pro_pouvoir / proche_orient_en_crise / musique : Rana al-Masri
  eco_communalism / pro_pouvoir / proche_orient_en_crise / opinions_editoriaux : Layla al-Khatib
  eco_communalism / pro_pouvoir / proche_orient_en_crise / petites_annonces_services : Samir Haddad
  eco_communalism / pro_pouvoir / proche_orient_en_crise / politique : Layla al-Khatib
  eco_communalism / pro_pouvoir / proche_orient_en_crise / religion_spiritualite : Rana al-Masri
  eco_communalism / pro_pouvoir / proche_orient_en_crise / sante : Miriam Ben-Ami
  eco_communalism / pro_pouvoir / proche_orient_en_crise / sciences_technologies : Darius Farzan
  eco_communalism / pro_pouvoir / proche_orient_en_crise / societe : Samir Haddad
  eco_communalism / pro_pouvoir / proche_orient_en_crise / sports : Noura al-Sabah
  eco_communalism / pro_pouvoir / rift_est_africain / actualites_a_la_une : Wanjiku Njoroge
  eco_communalism / pro_pouvoir / rift_est_africain / culture : Asha Nyambura
  eco_communalism / pro_pouvoir / rift_est_africain / economie_finance : Baraka Mushi
  eco_communalism / pro_pouvoir / rift_est_africain / education : Josephat Ole Saitoti
  eco_communalism / pro_pouvoir / rift_est_africain / environnement_climat : Neema Mwangi
  eco_communalism / pro_pouvoir / rift_est_africain / faits_divers : Juma Kiplagat
  eco_communalism / pro_pouvoir / rift_est_africain / histoire_patrimoine : Asha Nyambura
  eco_communalism / pro_pouvoir / rift_est_africain / international : Juma Kiplagat
  eco_communalism / pro_pouvoir / rift_est_africain / lifestyle_art_de_vivre : Asha Nyambura
  eco_communalism / pro_pouvoir / rift_est_africain / medias_communication : Juma Kiplagat
  eco_communalism / pro_pouvoir / rift_est_africain / meteo : Baraka Mushi
  eco_communalism / pro_pouvoir / rift_est_africain / musique : Asha Nyambura
  eco_communalism / pro_pouvoir / rift_est_africain / opinions_editoriaux : Wanjiku Njoroge
  eco_communalism / pro_pouvoir / rift_est_africain / petites_annonces_services : Baraka Mushi
  eco_communalism / pro_pouvoir / rift_est_africain / politique : Wanjiku Njoroge
  eco_communalism / pro_pouvoir / rift_est_africain / religion_spiritualite : Josephat Ole Saitoti
  eco_communalism / pro_pouvoir / rift_est_africain / sante : Neema Mwangi
  eco_communalism / pro_pouvoir / rift_est_africain / sciences_technologies : Neema Mwangi
  eco_communalism / pro_pouvoir / rift_est_africain / societe : Josephat Ole Saitoti
  eco_communalism / pro_pouvoir / rift_est_africain / sports : Juma Kiplagat
  eco_communalism / pro_pouvoir / sahel_numerique_ligue / actualites_a_la_une : Aïssata Diop
  eco_communalism / pro_pouvoir / sahel_numerique_ligue / culture : Nafissatou Ba
  eco_communalism / pro_pouvoir / sahel_numerique_ligue / economie_finance : Moussa Ag Alhousseini
  eco_communalism / pro_pouvoir / sahel_numerique_ligue / education : Oumarou Maïga
  eco_communalism / pro_pouvoir / sahel_numerique_ligue / environnement_climat : Fatoumata Cissé
  eco_communalism / pro_pouvoir / sahel_numerique_ligue / faits_divers : Yacine Benkhedda
  eco_communalism / pro_pouvoir / sahel_numerique_ligue / histoire_patrimoine : Nafissatou Ba
  eco_communalism / pro_pouvoir / sahel_numerique_ligue / international : Yacine Benkhedda
  eco_communalism / pro_pouvoir / sahel_numerique_ligue / lifestyle_art_de_vivre : Oumarou Maïga
  eco_communalism / pro_pouvoir / sahel_numerique_ligue / medias_communication : Moussa Ag Alhousseini
  eco_communalism / pro_pouvoir / sahel_numerique_ligue / meteo : Fatoumata Cissé
  eco_communalism / pro_pouvoir / sahel_numerique_ligue / musique : Nafissatou Ba
  eco_communalism / pro_pouvoir / sahel_numerique_ligue / opinions_editoriaux : Aïssata Diop
  eco_communalism / pro_pouvoir / sahel_numerique_ligue / petites_annonces_services : Oumarou Maïga
  eco_communalism / pro_pouvoir / sahel_numerique_ligue / politique : Aïssata Diop
  eco_communalism / pro_pouvoir / sahel_numerique_ligue / religion_spiritualite : Nafissatou Ba
  eco_communalism / pro_pouvoir / sahel_numerique_ligue / sante : Fatoumata Cissé
  eco_communalism / pro_pouvoir / sahel_numerique_ligue / sciences_technologies : Moussa Ag Alhousseini
  eco_communalism / pro_pouvoir / sahel_numerique_ligue / societe : Oumarou Maïga
  eco_communalism / pro_pouvoir / sahel_numerique_ligue / sports : Yacine Benkhedda
  eco_communalism / pro_pouvoir / sao_paulo_algorithmique / actualites_a_la_une : Ana Paula Nascimento
  eco_communalism / pro_pouvoir / sao_paulo_algorithmique / culture : Luana Siqueira
  eco_communalism / pro_pouvoir / sao_paulo_algorithmique / economie_finance : João Batista Oliveira
  eco_communalism / pro_pouvoir / sao_paulo_algorithmique / education : Rafael Guimarães
  eco_communalism / pro_pouvoir / sao_paulo_algorithmique / environnement_climat : Camila Yamamoto
  eco_communalism / pro_pouvoir / sao_paulo_algorithmique / faits_divers : Tiago Arantes Krenak
  eco_communalism / pro_pouvoir / sao_paulo_algorithmique / histoire_patrimoine : Luana Siqueira
  eco_communalism / pro_pouvoir / sao_paulo_algorithmique / international : Tiago Arantes Krenak
  eco_communalism / pro_pouvoir / sao_paulo_algorithmique / lifestyle_art_de_vivre : Tiago Arantes Krenak
  eco_communalism / pro_pouvoir / sao_paulo_algorithmique / medias_communication : João Batista Oliveira
  eco_communalism / pro_pouvoir / sao_paulo_algorithmique / meteo : Camila Yamamoto
  eco_communalism / pro_pouvoir / sao_paulo_algorithmique / musique : Luana Siqueira
  eco_communalism / pro_pouvoir / sao_paulo_algorithmique / opinions_editoriaux : Ana Paula Nascimento
  eco_communalism / pro_pouvoir / sao_paulo_algorithmique / petites_annonces_services : Rafael Guimarães
  eco_communalism / pro_pouvoir / sao_paulo_algorithmique / politique : Ana Paula Nascimento
  eco_communalism / pro_pouvoir / sao_paulo_algorithmique / religion_spiritualite : Tiago Arantes Krenak
  eco_communalism / pro_pouvoir / sao_paulo_algorithmique / sante : Camila Yamamoto
  eco_communalism / pro_pouvoir / sao_paulo_algorithmique / sciences_technologies : João Batista Oliveira
  eco_communalism / pro_pouvoir / sao_paulo_algorithmique / societe : Rafael Guimarães
  eco_communalism / pro_pouvoir / sao_paulo_algorithmique / sports : Tiago Arantes Krenak
  eco_communalism / pro_pouvoir / siberie_et_steppes_autonomes / actualites_a_la_une : Aïtalina Ivanova
  eco_communalism / pro_pouvoir / siberie_et_steppes_autonomes / culture : Nikolai Petrov
  eco_communalism / pro_pouvoir / siberie_et_steppes_autonomes / economie_finance : Bair Tsydenov
  eco_communalism / pro_pouvoir / siberie_et_steppes_autonomes / education : Aigul Sarsenova
  eco_communalism / pro_pouvoir / siberie_et_steppes_autonomes / environnement_climat : Sardana Neustroyeva
  eco_communalism / pro_pouvoir / siberie_et_steppes_autonomes / faits_divers : Timur Yusupov
  eco_communalism / pro_pouvoir / siberie_et_steppes_autonomes / histoire_patrimoine : Nikolai Petrov
  eco_communalism / pro_pouvoir / siberie_et_steppes_autonomes / international : Timur Yusupov
  eco_communalism / pro_pouvoir / siberie_et_steppes_autonomes / lifestyle_art_de_vivre : Timur Yusupov
  eco_communalism / pro_pouvoir / siberie_et_steppes_autonomes / medias_communication : Bair Tsydenov
  eco_communalism / pro_pouvoir / siberie_et_steppes_autonomes / meteo : Sardana Neustroyeva
  eco_communalism / pro_pouvoir / siberie_et_steppes_autonomes / musique : Nikolai Petrov
  eco_communalism / pro_pouvoir / siberie_et_steppes_autonomes / opinions_editoriaux : Aïtalina Ivanova
  eco_communalism / pro_pouvoir / siberie_et_steppes_autonomes / petites_annonces_services : Aigul Sarsenova
  eco_communalism / pro_pouvoir / siberie_et_steppes_autonomes / politique : Aïtalina Ivanova
  eco_communalism / pro_pouvoir / siberie_et_steppes_autonomes / religion_spiritualite : Timur Yusupov
  eco_communalism / pro_pouvoir / siberie_et_steppes_autonomes / sante : Sardana Neustroyeva
  eco_communalism / pro_pouvoir / siberie_et_steppes_autonomes / sciences_technologies : Bair Tsydenov
  eco_communalism / pro_pouvoir / siberie_et_steppes_autonomes / societe : Aigul Sarsenova
  eco_communalism / pro_pouvoir / siberie_et_steppes_autonomes / sports : Timur Yusupov
  eco_communalism / pro_pouvoir / sri_lanka_ile_emeraude / actualites_a_la_une : Anjali Perera
  eco_communalism / pro_pouvoir / sri_lanka_ile_emeraude / culture : Kavinda Senanayake
  eco_communalism / pro_pouvoir / sri_lanka_ile_emeraude / economie_finance : Suresh Tharmalingam
  eco_communalism / pro_pouvoir / sri_lanka_ile_emeraude / education : Nadeesha Jayawardena
  eco_communalism / pro_pouvoir / sri_lanka_ile_emeraude / environnement_climat : Suresh Tharmalingam
  eco_communalism / pro_pouvoir / sri_lanka_ile_emeraude / faits_divers : Fathima Rizwana
  eco_communalism / pro_pouvoir / sri_lanka_ile_emeraude / histoire_patrimoine : Kavinda Senanayake
  eco_communalism / pro_pouvoir / sri_lanka_ile_emeraude / international : Meena Sivarajah
  eco_communalism / pro_pouvoir / sri_lanka_ile_emeraude / lifestyle_art_de_vivre : Kavinda Senanayake
  eco_communalism / pro_pouvoir / sri_lanka_ile_emeraude / medias_communication : Anjali Perera
  eco_communalism / pro_pouvoir / sri_lanka_ile_emeraude / meteo : Suresh Tharmalingam
  eco_communalism / pro_pouvoir / sri_lanka_ile_emeraude / musique : Meena Sivarajah
  eco_communalism / pro_pouvoir / sri_lanka_ile_emeraude / opinions_editoriaux : Anjali Perera
  eco_communalism / pro_pouvoir / sri_lanka_ile_emeraude / petites_annonces_services : Suresh Tharmalingam
  eco_communalism / pro_pouvoir / sri_lanka_ile_emeraude / politique : Anjali Perera
  eco_communalism / pro_pouvoir / sri_lanka_ile_emeraude / religion_spiritualite : Fathima Rizwana
  eco_communalism / pro_pouvoir / sri_lanka_ile_emeraude / sante : Nadeesha Jayawardena
  eco_communalism / pro_pouvoir / sri_lanka_ile_emeraude / sciences_technologies : Nadeesha Jayawardena
  eco_communalism / pro_pouvoir / sri_lanka_ile_emeraude / societe : Fathima Rizwana
  eco_communalism / pro_pouvoir / sri_lanka_ile_emeraude / sports : Meena Sivarajah
  eco_communalism / pro_pouvoir / steppes_eurasiatiques_autonomes / actualites_a_la_une : Aigerim Sadykova
  eco_communalism / pro_pouvoir / steppes_eurasiatiques_autonomes / culture : Madina Altynbek
  eco_communalism / pro_pouvoir / steppes_eurasiatiques_autonomes / economie_finance : Nurlan Kairatuly
  eco_communalism / pro_pouvoir / steppes_eurasiatiques_autonomes / education : Bauyrzhan Tulegen
  eco_communalism / pro_pouvoir / steppes_eurasiatiques_autonomes / environnement_climat : Dina Yessenova
  eco_communalism / pro_pouvoir / steppes_eurasiatiques_autonomes / faits_divers : Yerlan Mukhanov
  eco_communalism / pro_pouvoir / steppes_eurasiatiques_autonomes / histoire_patrimoine : Madina Altynbek
  eco_communalism / pro_pouvoir / steppes_eurasiatiques_autonomes / international : Yerlan Mukhanov
  eco_communalism / pro_pouvoir / steppes_eurasiatiques_autonomes / lifestyle_art_de_vivre : Madina Altynbek
  eco_communalism / pro_pouvoir / steppes_eurasiatiques_autonomes / medias_communication : Yerlan Mukhanov
  eco_communalism / pro_pouvoir / steppes_eurasiatiques_autonomes / meteo : Nurlan Kairatuly
  eco_communalism / pro_pouvoir / steppes_eurasiatiques_autonomes / musique : Madina Altynbek
  eco_communalism / pro_pouvoir / steppes_eurasiatiques_autonomes / opinions_editoriaux : Aigerim Sadykova
  eco_communalism / pro_pouvoir / steppes_eurasiatiques_autonomes / petites_annonces_services : Nurlan Kairatuly
  eco_communalism / pro_pouvoir / steppes_eurasiatiques_autonomes / politique : Aigerim Sadykova
  eco_communalism / pro_pouvoir / steppes_eurasiatiques_autonomes / religion_spiritualite : Bauyrzhan Tulegen
  eco_communalism / pro_pouvoir / steppes_eurasiatiques_autonomes / sante : Dina Yessenova
  eco_communalism / pro_pouvoir / steppes_eurasiatiques_autonomes / sciences_technologies : Dina Yessenova
  eco_communalism / pro_pouvoir / steppes_eurasiatiques_autonomes / societe : Bauyrzhan Tulegen
  eco_communalism / pro_pouvoir / steppes_eurasiatiques_autonomes / sports : Yerlan Mukhanov
  eco_communalism / pro_pouvoir / steppes_mongoles_autonomes / actualites_a_la_une : Nomin Erdene
  eco_communalism / pro_pouvoir / steppes_mongoles_autonomes / culture : Bolormaa Ganbold
  eco_communalism / pro_pouvoir / steppes_mongoles_autonomes / economie_finance : Batbayar Davaajav
  eco_communalism / pro_pouvoir / steppes_mongoles_autonomes / education : Altangerel Tserendorj
  eco_communalism / pro_pouvoir / steppes_mongoles_autonomes / environnement_climat : Sarnai Batsaikhan
  eco_communalism / pro_pouvoir / steppes_mongoles_autonomes / faits_divers : Temuulen Enkhbayar
  eco_communalism / pro_pouvoir / steppes_mongoles_autonomes / histoire_patrimoine : Altangerel Tserendorj
  eco_communalism / pro_pouvoir / steppes_mongoles_autonomes / international : Temuulen Enkhbayar
  eco_communalism / pro_pouvoir / steppes_mongoles_autonomes / lifestyle_art_de_vivre : Bolormaa Ganbold
  eco_communalism / pro_pouvoir / steppes_mongoles_autonomes / medias_communication : Temuulen Enkhbayar
  eco_communalism / pro_pouvoir / steppes_mongoles_autonomes / meteo : Sarnai Batsaikhan
  eco_communalism / pro_pouvoir / steppes_mongoles_autonomes / musique : Bolormaa Ganbold
  eco_communalism / pro_pouvoir / steppes_mongoles_autonomes / opinions_editoriaux : Nomin Erdene
  eco_communalism / pro_pouvoir / steppes_mongoles_autonomes / petites_annonces_services : Batbayar Davaajav
  eco_communalism / pro_pouvoir / steppes_mongoles_autonomes / politique : Nomin Erdene
  eco_communalism / pro_pouvoir / steppes_mongoles_autonomes / religion_spiritualite : Bolormaa Ganbold
  eco_communalism / pro_pouvoir / steppes_mongoles_autonomes / sante : Sarnai Batsaikhan
  eco_communalism / pro_pouvoir / steppes_mongoles_autonomes / sciences_technologies : Batbayar Davaajav
  eco_communalism / pro_pouvoir / steppes_mongoles_autonomes / societe : Altangerel Tserendorj
  eco_communalism / pro_pouvoir / steppes_mongoles_autonomes / sports : Temuulen Enkhbayar
  fortress_world / opposition / afrique_australe_forteresse_cap / actualites_a_la_une : Zanele Mkhize
  fortress_world / opposition / afrique_australe_forteresse_cap / culture : Lukhanyo Jacobs
  fortress_world / opposition / afrique_australe_forteresse_cap / economie_finance : Aisha Davids
  fortress_world / opposition / afrique_australe_forteresse_cap / education : Nandi Ndlovu
  fortress_world / opposition / afrique_australe_forteresse_cap / environnement_climat : Thabo Mokoena
  fortress_world / opposition / afrique_australe_forteresse_cap / faits_divers : Pieter van Wyk
  fortress_world / opposition / afrique_australe_forteresse_cap / histoire_patrimoine : Pieter van Wyk
  fortress_world / opposition / afrique_australe_forteresse_cap / international : Aisha Davids
  fortress_world / opposition / afrique_australe_forteresse_cap / lifestyle_art_de_vivre : Lukhanyo Jacobs
  fortress_world / opposition / afrique_australe_forteresse_cap / medias_communication : Aisha Davids
  fortress_world / opposition / afrique_australe_forteresse_cap / meteo : Thabo Mokoena
  fortress_world / opposition / afrique_australe_forteresse_cap / musique : Lukhanyo Jacobs
  fortress_world / opposition / afrique_australe_forteresse_cap / opinions_editoriaux : Zanele Mkhize
  fortress_world / opposition / afrique_australe_forteresse_cap / petites_annonces_services : Nandi Ndlovu
  fortress_world / opposition / afrique_australe_forteresse_cap / politique : Zanele Mkhize
  fortress_world / opposition / afrique_australe_forteresse_cap / religion_spiritualite : Lukhanyo Jacobs
  fortress_world / opposition / afrique_australe_forteresse_cap / sante : Nandi Ndlovu
  fortress_world / opposition / afrique_australe_forteresse_cap / sciences_technologies : Thabo Mokoena
  fortress_world / opposition / afrique_australe_forteresse_cap / societe : Nandi Ndlovu
  fortress_world / opposition / afrique_australe_forteresse_cap / sports : Pieter van Wyk
  fortress_world / opposition / afrique_subsaharienne_zones_effondrees / actualites_a_la_une : Aïssatou Diop
  fortress_world / opposition / afrique_subsaharienne_zones_effondrees / culture : Njeri Mwangi
  fortress_world / opposition / afrique_subsaharienne_zones_effondrees / economie_finance : Babacar Ndiaye, dit « Le Griot des Dunes »
  fortress_world / opposition / afrique_subsaharienne_zones_effondrees / education : Amadou Traoré
  fortress_world / opposition / afrique_subsaharienne_zones_effondrees / environnement_climat : Grâce Mutombo
  fortress_world / opposition / afrique_subsaharienne_zones_effondrees / faits_divers : Koffi Mensah
  fortress_world / opposition / afrique_subsaharienne_zones_effondrees / histoire_patrimoine : Njeri Mwangi
  fortress_world / opposition / afrique_subsaharienne_zones_effondrees / international : Aïssatou Diop
  fortress_world / opposition / afrique_subsaharienne_zones_effondrees / lifestyle_art_de_vivre : Njeri Mwangi
  fortress_world / opposition / afrique_subsaharienne_zones_effondrees / medias_communication : Babacar Ndiaye, dit « Le Griot des Dunes »
  fortress_world / opposition / afrique_subsaharienne_zones_effondrees / meteo : Grâce Mutombo
  fortress_world / opposition / afrique_subsaharienne_zones_effondrees / musique : Njeri Mwangi
  fortress_world / opposition / afrique_subsaharienne_zones_effondrees / opinions_editoriaux : Aïssatou Diop
  fortress_world / opposition / afrique_subsaharienne_zones_effondrees / petites_annonces_services : Amadou Traoré
  fortress_world / opposition / afrique_subsaharienne_zones_effondrees / politique : Aïssatou Diop
  fortress_world / opposition / afrique_subsaharienne_zones_effondrees / religion_spiritualite : Amadou Traoré
  fortress_world / opposition / afrique_subsaharienne_zones_effondrees / sante : Grâce Mutombo
  fortress_world / opposition / afrique_subsaharienne_zones_effondrees / sciences_technologies : Babacar Ndiaye, dit « Le Griot des Dunes »
  fortress_world / opposition / afrique_subsaharienne_zones_effondrees / societe : Amadou Traoré
  fortress_world / opposition / afrique_subsaharienne_zones_effondrees / sports : Koffi Mensah
  fortress_world / opposition / amazonie_pacte_vert / actualites_a_la_une : Yara Tupinambá
  fortress_world / opposition / amazonie_pacte_vert / culture : Tainá Guajajara
  fortress_world / opposition / amazonie_pacte_vert / economie_finance : Rafael Araripe
  fortress_world / opposition / amazonie_pacte_vert / education : Joana Pantoja
  fortress_world / opposition / amazonie_pacte_vert / environnement_climat : Maíra Kaxinawá
  fortress_world / opposition / amazonie_pacte_vert / faits_divers : Caio Nascimento
  fortress_world / opposition / amazonie_pacte_vert / histoire_patrimoine : Tainá Guajajara
  fortress_world / opposition / amazonie_pacte_vert / international : Yara Tupinambá
  fortress_world / opposition / amazonie_pacte_vert / lifestyle_art_de_vivre : Tainá Guajajara
  fortress_world / opposition / amazonie_pacte_vert / medias_communication : Rafael Araripe
  fortress_world / opposition / amazonie_pacte_vert / meteo : Maíra Kaxinawá
  fortress_world / opposition / amazonie_pacte_vert / musique : Tainá Guajajara
  fortress_world / opposition / amazonie_pacte_vert / opinions_editoriaux : Yara Tupinambá
  fortress_world / opposition / amazonie_pacte_vert / petites_annonces_services : Joana Pantoja
  fortress_world / opposition / amazonie_pacte_vert / politique : Yara Tupinambá
  fortress_world / opposition / amazonie_pacte_vert / religion_spiritualite : Joana Pantoja
  fortress_world / opposition / amazonie_pacte_vert / sante : Maíra Kaxinawá
  fortress_world / opposition / amazonie_pacte_vert / sciences_technologies : Rafael Araripe
  fortress_world / opposition / amazonie_pacte_vert / societe : Joana Pantoja
  fortress_world / opposition / amazonie_pacte_vert / sports : Caio Nascimento
  fortress_world / opposition / archipel_indonesien_forteresses_maritimes / actualites_a_la_une : Siti Rahmawati
  fortress_world / opposition / archipel_indonesien_forteresses_maritimes / culture : Putu Hendrawan
  fortress_world / opposition / archipel_indonesien_forteresses_maritimes / economie_finance : Bima Prasetyo
  fortress_world / opposition / archipel_indonesien_forteresses_maritimes / education : Ahmad Fauzan
  fortress_world / opposition / archipel_indonesien_forteresses_maritimes / environnement_climat : Nurul Hidayah
  fortress_world / opposition / archipel_indonesien_forteresses_maritimes / faits_divers : Rafiq Simanjuntak
  fortress_world / opposition / archipel_indonesien_forteresses_maritimes / histoire_patrimoine : Putu Hendrawan
  fortress_world / opposition / archipel_indonesien_forteresses_maritimes / international : Siti Rahmawati
  fortress_world / opposition / archipel_indonesien_forteresses_maritimes / lifestyle_art_de_vivre : Putu Hendrawan
  fortress_world / opposition / archipel_indonesien_forteresses_maritimes / medias_communication : Bima Prasetyo
  fortress_world / opposition / archipel_indonesien_forteresses_maritimes / meteo : Nurul Hidayah
  fortress_world / opposition / archipel_indonesien_forteresses_maritimes / musique : Putu Hendrawan
  fortress_world / opposition / archipel_indonesien_forteresses_maritimes / opinions_editoriaux : Siti Rahmawati
  fortress_world / opposition / archipel_indonesien_forteresses_maritimes / petites_annonces_services : Rafiq Simanjuntak
  fortress_world / opposition / archipel_indonesien_forteresses_maritimes / politique : Siti Rahmawati
  fortress_world / opposition / archipel_indonesien_forteresses_maritimes / religion_spiritualite : Ahmad Fauzan
  fortress_world / opposition / archipel_indonesien_forteresses_maritimes / sante : Nurul Hidayah
  fortress_world / opposition / archipel_indonesien_forteresses_maritimes / sciences_technologies : Bima Prasetyo
  fortress_world / opposition / archipel_indonesien_forteresses_maritimes / societe : Ahmad Fauzan
  fortress_world / opposition / archipel_indonesien_forteresses_maritimes / sports : Rafiq Simanjuntak
  fortress_world / opposition / australie_forteresse_insulaire / actualites_a_la_une : Kirra Nampijinpa
  fortress_world / opposition / australie_forteresse_insulaire / culture : Malia Tupuola
  fortress_world / opposition / australie_forteresse_insulaire / economie_finance : Mei-Lin Tran
  fortress_world / opposition / australie_forteresse_insulaire / education : Malia Tupuola
  fortress_world / opposition / australie_forteresse_insulaire / environnement_climat : Jarra Yunupingu
  fortress_world / opposition / australie_forteresse_insulaire / faits_divers : Tariq Haddad
  fortress_world / opposition / australie_forteresse_insulaire / histoire_patrimoine : Kirra Nampijinpa
  fortress_world / opposition / australie_forteresse_insulaire / international : Asha Narayanan
  fortress_world / opposition / australie_forteresse_insulaire / lifestyle_art_de_vivre : Malia Tupuola
  fortress_world / opposition / australie_forteresse_insulaire / medias_communication : Mei-Lin Tran
  fortress_world / opposition / australie_forteresse_insulaire / meteo : Jarra Yunupingu
  fortress_world / opposition / australie_forteresse_insulaire / musique : Malia Tupuola
  fortress_world / opposition / australie_forteresse_insulaire / opinions_editoriaux : Asha Narayanan
  fortress_world / opposition / australie_forteresse_insulaire / petites_annonces_services : Tariq Haddad
  fortress_world / opposition / australie_forteresse_insulaire / politique : Asha Narayanan
  fortress_world / opposition / australie_forteresse_insulaire / religion_spiritualite : Kirra Nampijinpa
  fortress_world / opposition / australie_forteresse_insulaire / sante : Jarra Yunupingu
  fortress_world / opposition / australie_forteresse_insulaire / sciences_technologies : Mei-Lin Tran
  fortress_world / opposition / australie_forteresse_insulaire / societe : Kirra Nampijinpa
  fortress_world / opposition / australie_forteresse_insulaire / sports : Tariq Haddad
  fortress_world / opposition / bloc_atlantique / actualites_a_la_une : Maya O'Connor
  fortress_world / opposition / bloc_atlantique / culture : Sofia Almeida
  fortress_world / opposition / bloc_atlantique / economie_finance : Étienne Fournier
  fortress_world / opposition / bloc_atlantique / education : Malik Washington
  fortress_world / opposition / bloc_atlantique / environnement_climat : Ingrid Sørensen
  fortress_world / opposition / bloc_atlantique / faits_divers : Caleb Redbird
  fortress_world / opposition / bloc_atlantique / histoire_patrimoine : Sofia Almeida
  fortress_world / opposition / bloc_atlantique / international : Maya O'Connor
  fortress_world / opposition / bloc_atlantique / lifestyle_art_de_vivre : Sofia Almeida
  fortress_world / opposition / bloc_atlantique / medias_communication : Étienne Fournier
  fortress_world / opposition / bloc_atlantique / meteo : Ingrid Sørensen
  fortress_world / opposition / bloc_atlantique / musique : Sofia Almeida
  fortress_world / opposition / bloc_atlantique / opinions_editoriaux : Maya O'Connor
  fortress_world / opposition / bloc_atlantique / petites_annonces_services : Malik Washington
  fortress_world / opposition / bloc_atlantique / politique : Maya O'Connor
  fortress_world / opposition / bloc_atlantique / religion_spiritualite : Malik Washington
  fortress_world / opposition / bloc_atlantique / sante : Ingrid Sørensen
  fortress_world / opposition / bloc_atlantique / sciences_technologies : Étienne Fournier
  fortress_world / opposition / bloc_atlantique / societe : Malik Washington
  fortress_world / opposition / bloc_atlantique / sports : Caleb Redbird
  fortress_world / opposition / bloc_eurasiatique_occidental / actualites_a_la_une : Katalin Farkas
  fortress_world / opposition / bloc_eurasiatique_occidental / culture : Lejla Hadžić
  fortress_world / opposition / bloc_eurasiatique_occidental / education : Anastazja Kowalczyk
  fortress_world / opposition / bloc_eurasiatique_occidental / environnement_climat : Miloš Varga
  fortress_world / opposition / bloc_eurasiatique_occidental / faits_divers : Tibor Horváth
  fortress_world / opposition / bloc_eurasiatique_occidental / histoire_patrimoine : Katalin Farkas
  fortress_world / opposition / bloc_eurasiatique_occidental / international : Tibor Horváth
  fortress_world / opposition / bloc_eurasiatique_occidental / lifestyle_art_de_vivre : Lejla Hadžić
  fortress_world / opposition / bloc_eurasiatique_occidental / medias_communication : Tibor Horváth
  fortress_world / opposition / bloc_eurasiatique_occidental / meteo : Miloš Varga
  fortress_world / opposition / bloc_eurasiatique_occidental / musique : Lejla Hadžić
  fortress_world / opposition / bloc_eurasiatique_occidental / opinions_editoriaux : Katalin Farkas
  fortress_world / opposition / bloc_eurasiatique_occidental / petites_annonces_services : Serhiy Melnyk
  fortress_world / opposition / bloc_eurasiatique_occidental / politique : Katalin Farkas
  fortress_world / opposition / bloc_eurasiatique_occidental / religion_spiritualite : Anastazja Kowalczyk
  fortress_world / opposition / bloc_eurasiatique_occidental / sante : Anastazja Kowalczyk
  fortress_world / opposition / bloc_eurasiatique_occidental / sciences_technologies : Miloš Varga
  fortress_world / opposition / bloc_eurasiatique_occidental / societe : Anastazja Kowalczyk
  fortress_world / opposition / bloc_eurasiatique_occidental / sports : Serhiy Melnyk
  fortress_world / opposition / bloc_pacifique_nord / actualites_a_la_une : Mei-Ling Zhao
  fortress_world / opposition / bloc_pacifique_nord / culture : Lin Qiaoyun
  fortress_world / opposition / bloc_pacifique_nord / economie_finance : Haruto Sakamoto
  fortress_world / opposition / bloc_pacifique_nord / education : Ji-woo Han
  fortress_world / opposition / bloc_pacifique_nord / environnement_climat : Aiko Nakamura
  fortress_world / opposition / bloc_pacifique_nord / faits_divers : Ji-woo Han
  fortress_world / opposition / bloc_pacifique_nord / histoire_patrimoine : Aiko Nakamura
  fortress_world / opposition / bloc_pacifique_nord / lifestyle_art_de_vivre : Lin Qiaoyun
  fortress_world / opposition / bloc_pacifique_nord / medias_communication : Haruto Sakamoto
  fortress_world / opposition / bloc_pacifique_nord / meteo : Aiko Nakamura
  fortress_world / opposition / bloc_pacifique_nord / musique : Lin Qiaoyun
  fortress_world / opposition / bloc_pacifique_nord / opinions_editoriaux : Mei-Ling Zhao
  fortress_world / opposition / bloc_pacifique_nord / petites_annonces_services : Dae-hyun Park
  fortress_world / opposition / bloc_pacifique_nord / politique : Mei-Ling Zhao
  fortress_world / opposition / bloc_pacifique_nord / religion_spiritualite : Lin Qiaoyun
  fortress_world / opposition / bloc_pacifique_nord / sante : Ji-woo Han
  fortress_world / opposition / bloc_pacifique_nord / sciences_technologies : Haruto Sakamoto
  fortress_world / opposition / bloc_pacifique_nord / societe : Ji-woo Han
  fortress_world / opposition / bloc_pacifique_nord / sports : Dae-hyun Park
  fortress_world / opposition / cone_sud_forteresse_agricole / actualites_a_la_une : Camila Nahuelpan
  fortress_world / opposition / cone_sud_forteresse_agricole / culture : Lucía Aranda
  fortress_world / opposition / cone_sud_forteresse_agricole / economie_finance : Joaquín Silva
  fortress_world / opposition / cone_sud_forteresse_agricole / education : Rodrigo Benítez
  fortress_world / opposition / cone_sud_forteresse_agricole / environnement_climat : Valentina Quiroga
  fortress_world / opposition / cone_sud_forteresse_agricole / faits_divers : Mateo Pereira
  fortress_world / opposition / cone_sud_forteresse_agricole / histoire_patrimoine : Lucía Aranda
  fortress_world / opposition / cone_sud_forteresse_agricole / international : Camila Nahuelpan
  fortress_world / opposition / cone_sud_forteresse_agricole / lifestyle_art_de_vivre : Lucía Aranda
  fortress_world / opposition / cone_sud_forteresse_agricole / medias_communication : Joaquín Silva
  fortress_world / opposition / cone_sud_forteresse_agricole / meteo : Valentina Quiroga
  fortress_world / opposition / cone_sud_forteresse_agricole / musique : Lucía Aranda
  fortress_world / opposition / cone_sud_forteresse_agricole / opinions_editoriaux : Camila Nahuelpan
  fortress_world / opposition / cone_sud_forteresse_agricole / petites_annonces_services : Joaquín Silva
  fortress_world / opposition / cone_sud_forteresse_agricole / politique : Camila Nahuelpan
  fortress_world / opposition / cone_sud_forteresse_agricole / religion_spiritualite : Rodrigo Benítez
  fortress_world / opposition / cone_sud_forteresse_agricole / sante : Valentina Quiroga
  fortress_world / opposition / cone_sud_forteresse_agricole / sciences_technologies : Joaquín Silva
  fortress_world / opposition / cone_sud_forteresse_agricole / societe : Rodrigo Benítez
  fortress_world / opposition / cone_sud_forteresse_agricole / sports : Mateo Pereira
  fortress_world / opposition / espace_nordique_arctique / actualites_a_la_une : Ingrid Nilsen
  fortress_world / opposition / espace_nordique_arctique / culture : Oskar Lindström
  fortress_world / opposition / espace_nordique_arctique / economie_finance : Mikkel Johansen
  fortress_world / opposition / espace_nordique_arctique / education : Elle-Márjá Sara
  fortress_world / opposition / espace_nordique_arctique / environnement_climat : Ane Sofie Kleist
  fortress_world / opposition / espace_nordique_arctique / faits_divers : Signe Rasmusen
  fortress_world / opposition / espace_nordique_arctique / histoire_patrimoine : Elle-Márjá Sara
  fortress_world / opposition / espace_nordique_arctique / lifestyle_art_de_vivre : Oskar Lindström
  fortress_world / opposition / espace_nordique_arctique / medias_communication : Mikkel Johansen
  fortress_world / opposition / espace_nordique_arctique / meteo : Ane Sofie Kleist
  fortress_world / opposition / espace_nordique_arctique / musique : Oskar Lindström
  fortress_world / opposition / espace_nordique_arctique / opinions_editoriaux : Ingrid Nilsen
  fortress_world / opposition / espace_nordique_arctique / petites_annonces_services : Signe Rasmusen
  fortress_world / opposition / espace_nordique_arctique / politique : Ingrid Nilsen
  fortress_world / opposition / espace_nordique_arctique / religion_spiritualite : Elle-Márjá Sara
  fortress_world / opposition / espace_nordique_arctique / sante : Ane Sofie Kleist
  fortress_world / opposition / espace_nordique_arctique / sciences_technologies : Mikkel Johansen
  fortress_world / opposition / espace_nordique_arctique / societe : Elle-Márjá Sara
  fortress_world / opposition / espace_nordique_arctique / sports : Oskar Lindström
  fortress_world / opposition / golfe_moyen_orient_zone_disputee / actualites_a_la_une : Laila Al-Mansouri
  fortress_world / opposition / golfe_moyen_orient_zone_disputee / culture : Mariam Darwish
  fortress_world / opposition / golfe_moyen_orient_zone_disputee / economie_finance : Reza Farhadi
  fortress_world / opposition / golfe_moyen_orient_zone_disputee / education : Fawaz Al-Kuwari
  fortress_world / opposition / golfe_moyen_orient_zone_disputee / environnement_climat : Zainab Al-Balushi
  fortress_world / opposition / golfe_moyen_orient_zone_disputee / faits_divers : Youssef Al-Najjar
  fortress_world / opposition / golfe_moyen_orient_zone_disputee / histoire_patrimoine : Mariam Darwish
  fortress_world / opposition / golfe_moyen_orient_zone_disputee / international : Reza Farhadi
  fortress_world / opposition / golfe_moyen_orient_zone_disputee / lifestyle_art_de_vivre : Youssef Al-Najjar
  fortress_world / opposition / golfe_moyen_orient_zone_disputee / medias_communication : Fawaz Al-Kuwari
  fortress_world / opposition / golfe_moyen_orient_zone_disputee / meteo : Zainab Al-Balushi
  fortress_world / opposition / golfe_moyen_orient_zone_disputee / musique : Youssef Al-Najjar
  fortress_world / opposition / golfe_moyen_orient_zone_disputee / opinions_editoriaux : Laila Al-Mansouri
  fortress_world / opposition / golfe_moyen_orient_zone_disputee / petites_annonces_services : Reza Farhadi
  fortress_world / opposition / golfe_moyen_orient_zone_disputee / politique : Laila Al-Mansouri
  fortress_world / opposition / golfe_moyen_orient_zone_disputee / religion_spiritualite : Mariam Darwish
  fortress_world / opposition / golfe_moyen_orient_zone_disputee / sante : Zainab Al-Balushi
  fortress_world / opposition / golfe_moyen_orient_zone_disputee / sciences_technologies : Fawaz Al-Kuwari
  fortress_world / opposition / golfe_moyen_orient_zone_disputee / societe : Mariam Darwish
  fortress_world / opposition / golfe_moyen_orient_zone_disputee / sports : Youssef Al-Najjar
  fortress_world / opposition / inde_forteresse_sous_continentale / actualites_a_la_une : Aditi Rao
  fortress_world / opposition / inde_forteresse_sous_continentale / culture : Nandini Menon
  fortress_world / opposition / inde_forteresse_sous_continentale / economie_finance : Imran Qureshi
  fortress_world / opposition / inde_forteresse_sous_continentale / education : Gurpreet Kaur
  fortress_world / opposition / inde_forteresse_sous_continentale / environnement_climat : Meera Iyer
  fortress_world / opposition / inde_forteresse_sous_continentale / faits_divers : Farhan Shaikh
  fortress_world / opposition / inde_forteresse_sous_continentale / histoire_patrimoine : Nandini Menon
  fortress_world / opposition / inde_forteresse_sous_continentale / international : Aditi Rao
  fortress_world / opposition / inde_forteresse_sous_continentale / lifestyle_art_de_vivre : Nandini Menon
  fortress_world / opposition / inde_forteresse_sous_continentale / medias_communication : Imran Qureshi
  fortress_world / opposition / inde_forteresse_sous_continentale / meteo : Meera Iyer
  fortress_world / opposition / inde_forteresse_sous_continentale / musique : Nandini Menon
  fortress_world / opposition / inde_forteresse_sous_continentale / opinions_editoriaux : Aditi Rao
  fortress_world / opposition / inde_forteresse_sous_continentale / petites_annonces_services : Farhan Shaikh
  fortress_world / opposition / inde_forteresse_sous_continentale / politique : Aditi Rao
  fortress_world / opposition / inde_forteresse_sous_continentale / religion_spiritualite : Gurpreet Kaur
  fortress_world / opposition / inde_forteresse_sous_continentale / sante : Meera Iyer
  fortress_world / opposition / inde_forteresse_sous_continentale / sciences_technologies : Imran Qureshi
  fortress_world / opposition / inde_forteresse_sous_continentale / societe : Gurpreet Kaur
  fortress_world / opposition / inde_forteresse_sous_continentale / sports : Farhan Shaikh
  fortress_world / opposition / kiribati_atolls_abandonnes / actualites_a_la_une : Nei Teburina Kaiea
  fortress_world / opposition / kiribati_atolls_abandonnes / culture : Mareko Tiroa
  fortress_world / opposition / kiribati_atolls_abandonnes / economie_finance : Betero Teannaki
  fortress_world / opposition / kiribati_atolls_abandonnes / education : Terieta Abeta
  fortress_world / opposition / kiribati_atolls_abandonnes / faits_divers : Kautu Tenaua
  fortress_world / opposition / kiribati_atolls_abandonnes / histoire_patrimoine : Mareko Tiroa
  fortress_world / opposition / kiribati_atolls_abandonnes / international : Betero Teannaki
  fortress_world / opposition / kiribati_atolls_abandonnes / lifestyle_art_de_vivre : Nei Riibeta Tabutoa
  fortress_world / opposition / kiribati_atolls_abandonnes / medias_communication : Nei Teburina Kaiea
  fortress_world / opposition / kiribati_atolls_abandonnes / meteo : Betero Teannaki
  fortress_world / opposition / kiribati_atolls_abandonnes / musique : Mareko Tiroa
  fortress_world / opposition / kiribati_atolls_abandonnes / opinions_editoriaux : Nei Teburina Kaiea
  fortress_world / opposition / kiribati_atolls_abandonnes / petites_annonces_services : Terieta Abeta
  fortress_world / opposition / kiribati_atolls_abandonnes / politique : Nei Teburina Kaiea
  fortress_world / opposition / kiribati_atolls_abandonnes / religion_spiritualite : Nei Riibeta Tabutoa
  fortress_world / opposition / kiribati_atolls_abandonnes / sante : Terieta Abeta
  fortress_world / opposition / kiribati_atolls_abandonnes / sciences_technologies : Kautu Tenaua
  fortress_world / opposition / kiribati_atolls_abandonnes / sports : Kautu Tenaua
  fortress_world / opposition / marshall_bunker_nucleaire / actualites_a_la_une : Lani Riklon
  fortress_world / opposition / marshall_bunker_nucleaire / culture : Malia Laelan
  fortress_world / opposition / marshall_bunker_nucleaire / economie_finance : Jeban Loeak
  fortress_world / opposition / marshall_bunker_nucleaire / education : Alson Kelen
  fortress_world / opposition / marshall_bunker_nucleaire / environnement_climat : Anono Kabua
  fortress_world / opposition / marshall_bunker_nucleaire / faits_divers : Kessai Jorju
  fortress_world / opposition / marshall_bunker_nucleaire / histoire_patrimoine : Malia Laelan
  fortress_world / opposition / marshall_bunker_nucleaire / international : Lani Riklon
  fortress_world / opposition / marshall_bunker_nucleaire / lifestyle_art_de_vivre : Alson Kelen
  fortress_world / opposition / marshall_bunker_nucleaire / medias_communication : Jeban Loeak
  fortress_world / opposition / marshall_bunker_nucleaire / meteo : Anono Kabua
  fortress_world / opposition / marshall_bunker_nucleaire / musique : Malia Laelan
  fortress_world / opposition / marshall_bunker_nucleaire / opinions_editoriaux : Lani Riklon
  fortress_world / opposition / marshall_bunker_nucleaire / petites_annonces_services : Kessai Jorju
  fortress_world / opposition / marshall_bunker_nucleaire / politique : Lani Riklon
  fortress_world / opposition / marshall_bunker_nucleaire / religion_spiritualite : Malia Laelan
  fortress_world / opposition / marshall_bunker_nucleaire / sante : Anono Kabua
  fortress_world / opposition / marshall_bunker_nucleaire / sciences_technologies : Jeban Loeak
  fortress_world / opposition / marshall_bunker_nucleaire / sports : Alson Kelen
  fortress_world / opposition / maurice_forteresse_insulaire_indien / actualites_a_la_une : Asha Ramgoolam
  fortress_world / opposition / maurice_forteresse_insulaire_indien / culture : Jean-Luc Perrine
  fortress_world / opposition / maurice_forteresse_insulaire_indien / economie_finance : Kavi Beeharry
  fortress_world / opposition / maurice_forteresse_insulaire_indien / education : Mireille Ah-Keng
  fortress_world / opposition / maurice_forteresse_insulaire_indien / environnement_climat : Zaynab Peerboccus
  fortress_world / opposition / maurice_forteresse_insulaire_indien / faits_divers : Devika Mootoosamy
  fortress_world / opposition / maurice_forteresse_insulaire_indien / histoire_patrimoine : Jean-Luc Perrine
  fortress_world / opposition / maurice_forteresse_insulaire_indien / international : Asha Ramgoolam
  fortress_world / opposition / maurice_forteresse_insulaire_indien / lifestyle_art_de_vivre : Jean-Luc Perrine
  fortress_world / opposition / maurice_forteresse_insulaire_indien / medias_communication : Kavi Beeharry
  fortress_world / opposition / maurice_forteresse_insulaire_indien / meteo : Zaynab Peerboccus
  fortress_world / opposition / maurice_forteresse_insulaire_indien / musique : Jean-Luc Perrine
  fortress_world / opposition / maurice_forteresse_insulaire_indien / opinions_editoriaux : Asha Ramgoolam
  fortress_world / opposition / maurice_forteresse_insulaire_indien / petites_annonces_services : Mireille Ah-Keng
  fortress_world / opposition / maurice_forteresse_insulaire_indien / politique : Asha Ramgoolam
  fortress_world / opposition / maurice_forteresse_insulaire_indien / religion_spiritualite : Mireille Ah-Keng
  fortress_world / opposition / maurice_forteresse_insulaire_indien / sante : Zaynab Peerboccus
  fortress_world / opposition / maurice_forteresse_insulaire_indien / sciences_technologies : Kavi Beeharry
  fortress_world / opposition / maurice_forteresse_insulaire_indien / societe : Mireille Ah-Keng
  fortress_world / opposition / maurice_forteresse_insulaire_indien / sports : Devika Mootoosamy
  fortress_world / opposition / nuuk_forteresse / actualites_a_la_une : Paninnguaq Olsen
  fortress_world / opposition / nuuk_forteresse / culture : Nivi Pedersen
  fortress_world / opposition / nuuk_forteresse / economie_finance : Aqqaluk Petersen
  fortress_world / opposition / nuuk_forteresse / education : Malik Høegh
  fortress_world / opposition / nuuk_forteresse / environnement_climat : Aviaja Kleist
  fortress_world / opposition / nuuk_forteresse / faits_divers : Ivalu Møller
  fortress_world / opposition / nuuk_forteresse / histoire_patrimoine : Nivi Pedersen
  fortress_world / opposition / nuuk_forteresse / international : Aqqaluk Petersen
  fortress_world / opposition / nuuk_forteresse / lifestyle_art_de_vivre : Ivalu Møller
  fortress_world / opposition / nuuk_forteresse / medias_communication : Malik Høegh
  fortress_world / opposition / nuuk_forteresse / meteo : Aviaja Kleist
  fortress_world / opposition / nuuk_forteresse / musique : Ivalu Møller
  fortress_world / opposition / nuuk_forteresse / opinions_editoriaux : Paninnguaq Olsen
  fortress_world / opposition / nuuk_forteresse / petites_annonces_services : Aqqaluk Petersen
  fortress_world / opposition / nuuk_forteresse / politique : Paninnguaq Olsen
  fortress_world / opposition / nuuk_forteresse / religion_spiritualite : Nivi Pedersen
  fortress_world / opposition / nuuk_forteresse / sante : Aviaja Kleist
  fortress_world / opposition / nuuk_forteresse / sciences_technologies : Malik Høegh
  fortress_world / opposition / nuuk_forteresse / societe : Nivi Pedersen
  fortress_world / opposition / nuuk_forteresse / sports : Ivalu Møller
  fortress_world / opposition / pacte_forteresses_souveraines / actualites_a_la_une : Amina Benyahia
  fortress_world / opposition / pacte_forteresses_souveraines / culture : Sanaa Haddad
  fortress_world / opposition / pacte_forteresses_souveraines / economie_finance : Kenji Watanabe
  fortress_world / opposition / pacte_forteresses_souveraines / education : Diego Quispe
  fortress_world / opposition / pacte_forteresses_souveraines / environnement_climat : Milena Petrović
  fortress_world / opposition / pacte_forteresses_souveraines / faits_divers : Iryna Kovalenko
  fortress_world / opposition / pacte_forteresses_souveraines / histoire_patrimoine : Sanaa Haddad
  fortress_world / opposition / pacte_forteresses_souveraines / international : Kenji Watanabe
  fortress_world / opposition / pacte_forteresses_souveraines / lifestyle_art_de_vivre : Iryna Kovalenko
  fortress_world / opposition / pacte_forteresses_souveraines / medias_communication : Diego Quispe
  fortress_world / opposition / pacte_forteresses_souveraines / meteo : Milena Petrović
  fortress_world / opposition / pacte_forteresses_souveraines / musique : Iryna Kovalenko
  fortress_world / opposition / pacte_forteresses_souveraines / opinions_editoriaux : Amina Benyahia
  fortress_world / opposition / pacte_forteresses_souveraines / petites_annonces_services : Kenji Watanabe
  fortress_world / opposition / pacte_forteresses_souveraines / politique : Amina Benyahia
  fortress_world / opposition / pacte_forteresses_souveraines / religion_spiritualite : Sanaa Haddad
  fortress_world / opposition / pacte_forteresses_souveraines / sante : Milena Petrović
  fortress_world / opposition / pacte_forteresses_souveraines / sciences_technologies : Diego Quispe
  fortress_world / opposition / pacte_forteresses_souveraines / societe : Sanaa Haddad
  fortress_world / opposition / pacte_forteresses_souveraines / sports : Iryna Kovalenko
  fortress_world / opposition / sao_paulo_megapole / actualites_a_la_une : Mariana Koga
  fortress_world / opposition / sao_paulo_megapole / culture : Luana Peixoto
  fortress_world / opposition / sao_paulo_megapole / economie_finance : João Vitor Nascimento
  fortress_world / opposition / sao_paulo_megapole / education : Thiago Siqueira Reis
  fortress_world / opposition / sao_paulo_megapole / environnement_climat : Camila Arantes Guajajara
  fortress_world / opposition / sao_paulo_megapole / faits_divers : Rafael Benício Duarte
  fortress_world / opposition / sao_paulo_megapole / histoire_patrimoine : Luana Peixoto
  fortress_world / opposition / sao_paulo_megapole / international : João Vitor Nascimento
  fortress_world / opposition / sao_paulo_megapole / lifestyle_art_de_vivre : Luana Peixoto
  fortress_world / opposition / sao_paulo_megapole / medias_communication : Mariana Koga
  fortress_world / opposition / sao_paulo_megapole / meteo : Camila Arantes Guajajara
  fortress_world / opposition / sao_paulo_megapole / musique : Luana Peixoto
  fortress_world / opposition / sao_paulo_megapole / opinions_editoriaux : Mariana Koga
  fortress_world / opposition / sao_paulo_megapole / petites_annonces_services : Rafael Benício Duarte
  fortress_world / opposition / sao_paulo_megapole / politique : Mariana Koga
  fortress_world / opposition / sao_paulo_megapole / religion_spiritualite : Thiago Siqueira Reis
  fortress_world / opposition / sao_paulo_megapole / sante : Camila Arantes Guajajara
  fortress_world / opposition / sao_paulo_megapole / sciences_technologies : João Vitor Nascimento
  fortress_world / opposition / sao_paulo_megapole / societe : Rafael Benício Duarte
  fortress_world / opposition / sao_paulo_megapole / sports : Thiago Siqueira Reis
  fortress_world / opposition / singapour_megapole / actualites_a_la_une : Tan Mei Lin
  fortress_world / opposition / singapour_megapole / culture : Kavitha Pillai
  fortress_world / opposition / singapour_megapole / economie_finance : Ravi S/O Krishnan
  fortress_world / opposition / singapour_megapole / education : Lim Wei Jie
  fortress_world / opposition / singapour_megapole / environnement_climat : Siti Zulaikha Binte Hassan
  fortress_world / opposition / singapour_megapole / faits_divers : Faridah Ismail
  fortress_world / opposition / singapour_megapole / histoire_patrimoine : Kavitha Pillai
  fortress_world / opposition / singapour_megapole / international : Tan Mei Lin
  fortress_world / opposition / singapour_megapole / lifestyle_art_de_vivre : Kavitha Pillai
  fortress_world / opposition / singapour_megapole / medias_communication : Ravi S/O Krishnan
  fortress_world / opposition / singapour_megapole / meteo : Siti Zulaikha Binte Hassan
  fortress_world / opposition / singapour_megapole / musique : Kavitha Pillai
  fortress_world / opposition / singapour_megapole / opinions_editoriaux : Tan Mei Lin
  fortress_world / opposition / singapour_megapole / petites_annonces_services : Faridah Ismail
  fortress_world / opposition / singapour_megapole / politique : Tan Mei Lin
  fortress_world / opposition / singapour_megapole / religion_spiritualite : Lim Wei Jie
  fortress_world / opposition / singapour_megapole / sante : Siti Zulaikha Binte Hassan
  fortress_world / opposition / singapour_megapole / sciences_technologies : Ravi S/O Krishnan
  fortress_world / opposition / singapour_megapole / societe : Lim Wei Jie
  fortress_world / opposition / singapour_megapole / sports : Faridah Ismail
  fortress_world / opposition / tuvalu_refugies_climatiques / actualites_a_la_une : Lotoala Fiamalua
  fortress_world / opposition / tuvalu_refugies_climatiques / culture : Tavita Seluka
  fortress_world / opposition / tuvalu_refugies_climatiques / economie_finance : Sione Teika
  fortress_world / opposition / tuvalu_refugies_climatiques / education : Fetuvalu Kofe
  fortress_world / opposition / tuvalu_refugies_climatiques / environnement_climat : Litia Panapa
  fortress_world / opposition / tuvalu_refugies_climatiques / faits_divers : Alapati Vave
  fortress_world / opposition / tuvalu_refugies_climatiques / histoire_patrimoine : Tavita Seluka
  fortress_world / opposition / tuvalu_refugies_climatiques / international : Lotoala Fiamalua
  fortress_world / opposition / tuvalu_refugies_climatiques / lifestyle_art_de_vivre : Tavita Seluka
  fortress_world / opposition / tuvalu_refugies_climatiques / medias_communication : Sione Teika
  fortress_world / opposition / tuvalu_refugies_climatiques / meteo : Litia Panapa
  fortress_world / opposition / tuvalu_refugies_climatiques / musique : Tavita Seluka
  fortress_world / opposition / tuvalu_refugies_climatiques / opinions_editoriaux : Lotoala Fiamalua
  fortress_world / opposition / tuvalu_refugies_climatiques / petites_annonces_services : Sione Teika
  fortress_world / opposition / tuvalu_refugies_climatiques / politique : Lotoala Fiamalua
  fortress_world / opposition / tuvalu_refugies_climatiques / religion_spiritualite : Fetuvalu Kofe
  fortress_world / opposition / tuvalu_refugies_climatiques / sante : Fetuvalu Kofe
  fortress_world / opposition / tuvalu_refugies_climatiques / societe : Fetuvalu Kofe
  fortress_world / opposition / tuvalu_refugies_climatiques / sports : Alapati Vave
  fortress_world / opposition / zones_grises_tampons / actualites_a_la_une : Leila Haddad
  fortress_world / opposition / zones_grises_tampons / culture : Samira Al-Khatib
  fortress_world / opposition / zones_grises_tampons / economie_finance : Aigerim Sadykova
  fortress_world / opposition / zones_grises_tampons / education : Danylo Kovalenko
  fortress_world / opposition / zones_grises_tampons / environnement_climat : Mariam Tesfaye
  fortress_world / opposition / zones_grises_tampons / faits_divers : Leila Haddad
  fortress_world / opposition / zones_grises_tampons / histoire_patrimoine : Danylo Kovalenko
  fortress_world / opposition / zones_grises_tampons / international : Farid Nouri
  fortress_world / opposition / zones_grises_tampons / lifestyle_art_de_vivre : Samira Al-Khatib
  fortress_world / opposition / zones_grises_tampons / medias_communication : Aigerim Sadykova
  fortress_world / opposition / zones_grises_tampons / meteo : Mariam Tesfaye
  fortress_world / opposition / zones_grises_tampons / musique : Samira Al-Khatib
  fortress_world / opposition / zones_grises_tampons / opinions_editoriaux : Farid Nouri
  fortress_world / opposition / zones_grises_tampons / petites_annonces_services : Leila Haddad
  fortress_world / opposition / zones_grises_tampons / politique : Farid Nouri
  fortress_world / opposition / zones_grises_tampons / religion_spiritualite : Danylo Kovalenko
  fortress_world / opposition / zones_grises_tampons / sante : Mariam Tesfaye
  fortress_world / opposition / zones_grises_tampons / sciences_technologies : Aigerim Sadykova
  fortress_world / opposition / zones_grises_tampons / societe : Leila Haddad
  fortress_world / opposition / zones_grises_tampons / sports : Samira Al-Khatib
  new_sustainability / opposition / afrique_continentale / culture : Moussa Traoré
  new_sustainability / opposition / afrique_continentale / economie_finance : Dieudonné Mavoungou
  new_sustainability / opposition / afrique_continentale / education : Thandiwe Ndlovu
  new_sustainability / opposition / afrique_continentale / environnement_climat : Dieudonné Mavoungou
  new_sustainability / opposition / afrique_continentale / faits_divers : Khadija Benyahia
  new_sustainability / opposition / afrique_continentale / histoire_patrimoine : Moussa Traoré
  new_sustainability / opposition / afrique_continentale / international : Aïcha Diallo
  new_sustainability / opposition / afrique_continentale / lifestyle_art_de_vivre : Nala Okonkwo
  new_sustainability / opposition / afrique_continentale / medias_communication : Nala Okonkwo
  new_sustainability / opposition / afrique_continentale / meteo : Dieudonné Mavoungou
  new_sustainability / opposition / afrique_continentale / musique : Nala Okonkwo
  new_sustainability / opposition / afrique_continentale / opinions_editoriaux : Aïcha Diallo
  new_sustainability / opposition / afrique_continentale / petites_annonces_services : Thandiwe Ndlovu
  new_sustainability / opposition / afrique_continentale / politique : Aïcha Diallo
  new_sustainability / opposition / afrique_continentale / religion_spiritualite : Moussa Traoré
  new_sustainability / opposition / afrique_continentale / sante : Thandiwe Ndlovu
  new_sustainability / opposition / afrique_continentale / sciences_technologies : Dieudonné Mavoungou
  new_sustainability / opposition / afrique_continentale / societe : Thandiwe Ndlovu
  new_sustainability / opposition / afrique_continentale / sports : Khadija Benyahia
  new_sustainability / opposition / ameriques_reconfigurees / culture : Ximena Nahuel
  new_sustainability / opposition / ameriques_reconfigurees / economie_finance : João Batista Sateré
  new_sustainability / opposition / ameriques_reconfigurees / education : Marisol Quispe
  new_sustainability / opposition / ameriques_reconfigurees / environnement_climat : Tainá Arapium
  new_sustainability / opposition / ameriques_reconfigurees / faits_divers : Luzia Tupinambá
  new_sustainability / opposition / ameriques_reconfigurees / histoire_patrimoine : Ximena Nahuel
  new_sustainability / opposition / ameriques_reconfigurees / international : João Batista Sateré
  new_sustainability / opposition / ameriques_reconfigurees / lifestyle_art_de_vivre : Diego Yupanqui
  new_sustainability / opposition / ameriques_reconfigurees / medias_communication : Marisol Quispe
  new_sustainability / opposition / ameriques_reconfigurees / meteo : Diego Yupanqui
  new_sustainability / opposition / ameriques_reconfigurees / musique : Ximena Nahuel
  new_sustainability / opposition / ameriques_reconfigurees / opinions_editoriaux : Tainá Arapium
  new_sustainability / opposition / ameriques_reconfigurees / petites_annonces_services : Diego Yupanqui
  new_sustainability / opposition / ameriques_reconfigurees / politique : João Batista Sateré
  new_sustainability / opposition / ameriques_reconfigurees / religion_spiritualite : Ximena Nahuel
  new_sustainability / opposition / ameriques_reconfigurees / sante : Diego Yupanqui
  new_sustainability / opposition / ameriques_reconfigurees / sciences_technologies : Marisol Quispe
  new_sustainability / opposition / ameriques_reconfigurees / societe : Tainá Arapium
  new_sustainability / opposition / ameriques_reconfigurees / sports : Luzia Tupinambá
  new_sustainability / opposition / arctic_passage_qaanaaq / actualites_a_la_une : Ane Sofie Olsvig
  new_sustainability / opposition / arctic_passage_qaanaaq / culture : Pipaluk Møller
  new_sustainability / opposition / arctic_passage_qaanaaq / economie_finance : Malik Petersen
  new_sustainability / opposition / arctic_passage_qaanaaq / education : Nuka Heilmann
  new_sustainability / opposition / arctic_passage_qaanaaq / environnement_climat : Aviaja Lyberth
  new_sustainability / opposition / arctic_passage_qaanaaq / faits_divers : Kunuk Kristiansen
  new_sustainability / opposition / arctic_passage_qaanaaq / histoire_patrimoine : Pipaluk Møller
  new_sustainability / opposition / arctic_passage_qaanaaq / international : Ane Sofie Olsvig
  new_sustainability / opposition / arctic_passage_qaanaaq / lifestyle_art_de_vivre : Pipaluk Møller
  new_sustainability / opposition / arctic_passage_qaanaaq / medias_communication : Malik Petersen
  new_sustainability / opposition / arctic_passage_qaanaaq / meteo : Aviaja Lyberth
  new_sustainability / opposition / arctic_passage_qaanaaq / musique : Kunuk Kristiansen
  new_sustainability / opposition / arctic_passage_qaanaaq / opinions_editoriaux : Ane Sofie Olsvig
  new_sustainability / opposition / arctic_passage_qaanaaq / petites_annonces_services : Nuka Heilmann
  new_sustainability / opposition / arctic_passage_qaanaaq / politique : Ane Sofie Olsvig
  new_sustainability / opposition / arctic_passage_qaanaaq / religion_spiritualite : Pipaluk Møller
  new_sustainability / opposition / arctic_passage_qaanaaq / sante : Aviaja Lyberth
  new_sustainability / opposition / arctic_passage_qaanaaq / sciences_technologies : Malik Petersen
  new_sustainability / opposition / arctic_passage_qaanaaq / societe : Nuka Heilmann
  new_sustainability / opposition / arctic_passage_qaanaaq / sports : Kunuk Kristiansen
  new_sustainability / opposition / australie_continent_vert / actualites_a_la_une : Kirra Yunupingu
  new_sustainability / opposition / australie_continent_vert / culture : Jarra Murray
  new_sustainability / opposition / australie_continent_vert / economie_finance : Ngarra Watson
  new_sustainability / opposition / australie_continent_vert / education : Amelia Nguyen
  new_sustainability / opposition / australie_continent_vert / environnement_climat : Ngarra Watson
  new_sustainability / opposition / australie_continent_vert / faits_divers : Mia Campbell
  new_sustainability / opposition / australie_continent_vert / histoire_patrimoine : Jarra Murray
  new_sustainability / opposition / australie_continent_vert / international : Thomas Kavanagh
  new_sustainability / opposition / australie_continent_vert / lifestyle_art_de_vivre : Mia Campbell
  new_sustainability / opposition / australie_continent_vert / medias_communication : Thomas Kavanagh
  new_sustainability / opposition / australie_continent_vert / meteo : Mia Campbell
  new_sustainability / opposition / australie_continent_vert / musique : Jarra Murray
  new_sustainability / opposition / australie_continent_vert / opinions_editoriaux : Kirra Yunupingu
  new_sustainability / opposition / australie_continent_vert / petites_annonces_services : Mia Campbell
  new_sustainability / opposition / australie_continent_vert / politique : Kirra Yunupingu
  new_sustainability / opposition / australie_continent_vert / religion_spiritualite : Jarra Murray
  new_sustainability / opposition / australie_continent_vert / sante : Amelia Nguyen
  new_sustainability / opposition / australie_continent_vert / sciences_technologies : Ngarra Watson
  new_sustainability / opposition / australie_continent_vert / societe : Amelia Nguyen
  new_sustainability / opposition / australie_continent_vert / sports : Thomas Kavanagh
  new_sustainability / opposition / bloc_eurasien_souverainiste / culture : Arman Petrossian
  new_sustainability / opposition / bloc_eurasien_souverainiste / economie_finance : Timour Beknazarov
  new_sustainability / opposition / bloc_eurasien_souverainiste / education : Daria Volkova
  new_sustainability / opposition / bloc_eurasien_souverainiste / environnement_climat : Timour Beknazarov
  new_sustainability / opposition / bloc_eurasien_souverainiste / faits_divers : Leyla Mammadova
  new_sustainability / opposition / bloc_eurasien_souverainiste / histoire_patrimoine : Arman Petrossian
  new_sustainability / opposition / bloc_eurasien_souverainiste / international : Aïgül Sadykova
  new_sustainability / opposition / bloc_eurasien_souverainiste / lifestyle_art_de_vivre : Leyla Mammadova
  new_sustainability / opposition / bloc_eurasien_souverainiste / medias_communication : Leyla Mammadova
  new_sustainability / opposition / bloc_eurasien_souverainiste / meteo : Timour Beknazarov
  new_sustainability / opposition / bloc_eurasien_souverainiste / musique : Arman Petrossian
  new_sustainability / opposition / bloc_eurasien_souverainiste / opinions_editoriaux : Aïgül Sadykova
  new_sustainability / opposition / bloc_eurasien_souverainiste / petites_annonces_services : Daria Volkova
  new_sustainability / opposition / bloc_eurasien_souverainiste / politique : Aïgül Sadykova
  new_sustainability / opposition / bloc_eurasien_souverainiste / religion_spiritualite : Arman Petrossian
  new_sustainability / opposition / bloc_eurasien_souverainiste / sante : Daria Volkova
  new_sustainability / opposition / bloc_eurasien_souverainiste / sciences_technologies : Timour Beknazarov
  new_sustainability / opposition / bloc_eurasien_souverainiste / sports : Ruslan Baatar
  new_sustainability / opposition / centre_institutionnel_geneve / actualites_a_la_une : Élodie Chappuis
  new_sustainability / opposition / centre_institutionnel_geneve / culture : Nadia Rochat
  new_sustainability / opposition / centre_institutionnel_geneve / economie_finance : Matteo Bernasconi
  new_sustainability / opposition / centre_institutionnel_geneve / education : Samira El-Masri
  new_sustainability / opposition / centre_institutionnel_geneve / environnement_climat : Jonas Aeschlimann
  new_sustainability / opposition / centre_institutionnel_geneve / faits_divers : Jonas Aeschlimann
  new_sustainability / opposition / centre_institutionnel_geneve / histoire_patrimoine : Nadia Rochat
  new_sustainability / opposition / centre_institutionnel_geneve / international : Matteo Bernasconi
  new_sustainability / opposition / centre_institutionnel_geneve / lifestyle_art_de_vivre : Nadia Rochat
  new_sustainability / opposition / centre_institutionnel_geneve / medias_communication : Élodie Chappuis
  new_sustainability / opposition / centre_institutionnel_geneve / meteo : Jonas Aeschlimann
  new_sustainability / opposition / centre_institutionnel_geneve / musique : Karim Zbinden
  new_sustainability / opposition / centre_institutionnel_geneve / opinions_editoriaux : Élodie Chappuis
  new_sustainability / opposition / centre_institutionnel_geneve / petites_annonces_services : Samira El-Masri
  new_sustainability / opposition / centre_institutionnel_geneve / politique : Élodie Chappuis
  new_sustainability / opposition / centre_institutionnel_geneve / religion_spiritualite : Nadia Rochat
  new_sustainability / opposition / centre_institutionnel_geneve / sante : Samira El-Masri
  new_sustainability / opposition / centre_institutionnel_geneve / sciences_technologies : Matteo Bernasconi
  new_sustainability / opposition / centre_institutionnel_geneve / sports : Karim Zbinden
  new_sustainability / opposition / helios_tours_orbitales / actualites_a_la_une : Mina Qureshi
  new_sustainability / opposition / helios_tours_orbitales / culture : Anika Rao
  new_sustainability / opposition / helios_tours_orbitales / economie_finance : Kenji Watanabe
  new_sustainability / opposition / helios_tours_orbitales / education : Lina Okonkwo
  new_sustainability / opposition / helios_tours_orbitales / environnement_climat : Kenji Watanabe
  new_sustainability / opposition / helios_tours_orbitales / faits_divers : Diego Quispe
  new_sustainability / opposition / helios_tours_orbitales / histoire_patrimoine : Samir Haddad
  new_sustainability / opposition / helios_tours_orbitales / international : Mina Qureshi
  new_sustainability / opposition / helios_tours_orbitales / lifestyle_art_de_vivre : Anika Rao
  new_sustainability / opposition / helios_tours_orbitales / medias_communication : Diego Quispe
  new_sustainability / opposition / helios_tours_orbitales / meteo : Kenji Watanabe
  new_sustainability / opposition / helios_tours_orbitales / musique : Anika Rao
  new_sustainability / opposition / helios_tours_orbitales / opinions_editoriaux : Mina Qureshi
  new_sustainability / opposition / helios_tours_orbitales / petites_annonces_services : Lina Okonkwo
  new_sustainability / opposition / helios_tours_orbitales / politique : Mina Qureshi
  new_sustainability / opposition / helios_tours_orbitales / religion_spiritualite : Samir Haddad
  new_sustainability / opposition / helios_tours_orbitales / sante : Lina Okonkwo
  new_sustainability / opposition / helios_tours_orbitales / sciences_technologies : Kenji Watanabe
  new_sustainability / opposition / helios_tours_orbitales / sports : Diego Quispe
  new_sustainability / opposition / hub_nairobi_kigali / actualites_a_la_une : Wanjiku Mwangi
  new_sustainability / opposition / hub_nairobi_kigali / culture : Kibet Rwigema
  new_sustainability / opposition / hub_nairobi_kigali / economie_finance : Jean-Bosco Niyonzima
  new_sustainability / opposition / hub_nairobi_kigali / education : Zawadi Niyonzima
  new_sustainability / opposition / hub_nairobi_kigali / environnement_climat : Amina Odhiambo
  new_sustainability / opposition / hub_nairobi_kigali / faits_divers : Immaculée Uwase
  new_sustainability / opposition / hub_nairobi_kigali / histoire_patrimoine : Kibet Rwigema
  new_sustainability / opposition / hub_nairobi_kigali / international : Wanjiku Mwangi
  new_sustainability / opposition / hub_nairobi_kigali / lifestyle_art_de_vivre : Immaculée Uwase
  new_sustainability / opposition / hub_nairobi_kigali / medias_communication : Jean-Bosco Niyonzima
  new_sustainability / opposition / hub_nairobi_kigali / meteo : Amina Odhiambo
  new_sustainability / opposition / hub_nairobi_kigali / musique : Kibet Rwigema
  new_sustainability / opposition / hub_nairobi_kigali / opinions_editoriaux : Wanjiku Mwangi
  new_sustainability / opposition / hub_nairobi_kigali / petites_annonces_services : Immaculée Uwase
  new_sustainability / opposition / hub_nairobi_kigali / politique : Wanjiku Mwangi
  new_sustainability / opposition / hub_nairobi_kigali / religion_spiritualite : Zawadi Niyonzima
  new_sustainability / opposition / hub_nairobi_kigali / sante : Amina Odhiambo
  new_sustainability / opposition / hub_nairobi_kigali / sciences_technologies : Jean-Bosco Niyonzima
  new_sustainability / opposition / hub_nairobi_kigali / societe : Zawadi Niyonzima
  new_sustainability / opposition / hub_nairobi_kigali / sports : Immaculée Uwase
  new_sustainability / opposition / infrastructure_numerique_globale / actualites_a_la_une : Samira El Mansouri
  new_sustainability / opposition / infrastructure_numerique_globale / culture : Tenzin Dorje
  new_sustainability / opposition / infrastructure_numerique_globale / economie_finance : Ravi Narayanan
  new_sustainability / opposition / infrastructure_numerique_globale / education : Nandi Okonkwo
  new_sustainability / opposition / infrastructure_numerique_globale / environnement_climat : Mei-Ling Chen
  new_sustainability / opposition / infrastructure_numerique_globale / faits_divers : Leila Tavakoli
  new_sustainability / opposition / infrastructure_numerique_globale / histoire_patrimoine : Tenzin Dorje
  new_sustainability / opposition / infrastructure_numerique_globale / international : Samira El Mansouri
  new_sustainability / opposition / infrastructure_numerique_globale / lifestyle_art_de_vivre : Leila Tavakoli
  new_sustainability / opposition / infrastructure_numerique_globale / medias_communication : Ravi Narayanan
  new_sustainability / opposition / infrastructure_numerique_globale / meteo : Mei-Ling Chen
  new_sustainability / opposition / infrastructure_numerique_globale / musique : Tenzin Dorje
  new_sustainability / opposition / infrastructure_numerique_globale / opinions_editoriaux : Samira El Mansouri
  new_sustainability / opposition / infrastructure_numerique_globale / petites_annonces_services : Leila Tavakoli
  new_sustainability / opposition / infrastructure_numerique_globale / politique : Samira El Mansouri
  new_sustainability / opposition / infrastructure_numerique_globale / religion_spiritualite : Nandi Okonkwo
  new_sustainability / opposition / infrastructure_numerique_globale / sante : Mei-Ling Chen
  new_sustainability / opposition / infrastructure_numerique_globale / sciences_technologies : Ravi Narayanan
  new_sustainability / opposition / infrastructure_numerique_globale / societe : Nandi Okonkwo
  new_sustainability / opposition / infrastructure_numerique_globale / sports : Leila Tavakoli
  new_sustainability / opposition / japon_archipel_resilient / actualites_a_la_une : Yui Takahashi
  new_sustainability / opposition / japon_archipel_resilient / culture : Daichi Nakamura
  new_sustainability / opposition / japon_archipel_resilient / economie_finance : Ren Ishikawa
  new_sustainability / opposition / japon_archipel_resilient / education : Haruka Mori
  new_sustainability / opposition / japon_archipel_resilient / environnement_climat : Ren Ishikawa
  new_sustainability / opposition / japon_archipel_resilient / faits_divers : Sota Kuroda
  new_sustainability / opposition / japon_archipel_resilient / histoire_patrimoine : Daichi Nakamura
  new_sustainability / opposition / japon_archipel_resilient / international : Mei Watanabe
  new_sustainability / opposition / japon_archipel_resilient / lifestyle_art_de_vivre : Sota Kuroda
  new_sustainability / opposition / japon_archipel_resilient / medias_communication : Mei Watanabe
  new_sustainability / opposition / japon_archipel_resilient / meteo : Sota Kuroda
  new_sustainability / opposition / japon_archipel_resilient / musique : Daichi Nakamura
  new_sustainability / opposition / japon_archipel_resilient / opinions_editoriaux : Yui Takahashi
  new_sustainability / opposition / japon_archipel_resilient / petites_annonces_services : Sota Kuroda
  new_sustainability / opposition / japon_archipel_resilient / politique : Yui Takahashi
  new_sustainability / opposition / japon_archipel_resilient / religion_spiritualite : Daichi Nakamura
  new_sustainability / opposition / japon_archipel_resilient / sante : Haruka Mori
  new_sustainability / opposition / japon_archipel_resilient / sciences_technologies : Ren Ishikawa
  new_sustainability / opposition / japon_archipel_resilient / societe : Haruka Mori
  new_sustainability / opposition / japon_archipel_resilient / sports : Mei Watanabe
  new_sustainability / opposition / moyen_orient_golfe / actualites_a_la_une : Mariam Al-Kuwari
  new_sustainability / opposition / moyen_orient_golfe / culture : Zahra Al-Mazroui
  new_sustainability / opposition / moyen_orient_golfe / economie_finance : Darius Farhadi
  new_sustainability / opposition / moyen_orient_golfe / education : Yousef Haddad
  new_sustainability / opposition / moyen_orient_golfe / environnement_climat : Noura Al-Mansour
  new_sustainability / opposition / moyen_orient_golfe / faits_divers : Khalid Al-Rashidi
  new_sustainability / opposition / moyen_orient_golfe / histoire_patrimoine : Zahra Al-Mazroui
  new_sustainability / opposition / moyen_orient_golfe / international : Mariam Al-Kuwari
  new_sustainability / opposition / moyen_orient_golfe / lifestyle_art_de_vivre : Khalid Al-Rashidi
  new_sustainability / opposition / moyen_orient_golfe / medias_communication : Darius Farhadi
  new_sustainability / opposition / moyen_orient_golfe / meteo : Noura Al-Mansour
  new_sustainability / opposition / moyen_orient_golfe / musique : Zahra Al-Mazroui
  new_sustainability / opposition / moyen_orient_golfe / opinions_editoriaux : Mariam Al-Kuwari
  new_sustainability / opposition / moyen_orient_golfe / petites_annonces_services : Khalid Al-Rashidi
  new_sustainability / opposition / moyen_orient_golfe / politique : Mariam Al-Kuwari
  new_sustainability / opposition / moyen_orient_golfe / religion_spiritualite : Yousef Haddad
  new_sustainability / opposition / moyen_orient_golfe / sante : Noura Al-Mansour
  new_sustainability / opposition / moyen_orient_golfe / sciences_technologies : Darius Farhadi
  new_sustainability / opposition / moyen_orient_golfe / societe : Yousef Haddad
  new_sustainability / opposition / moyen_orient_golfe / sports : Khalid Al-Rashidi
  new_sustainability / opposition / ourrassol_commission_territoriale / actualites_a_la_une : Maëlle Keravec
  new_sustainability / opposition / ourrassol_commission_territoriale / culture : Nadia El-Khouri
  new_sustainability / opposition / ourrassol_commission_territoriale / economie_finance : Samir Benyahia
  new_sustainability / opposition / ourrassol_commission_territoriale / education : Irina Vautrin
  new_sustainability / opposition / ourrassol_commission_territoriale / environnement_climat : Samir Benyahia
  new_sustainability / opposition / ourrassol_commission_territoriale / faits_divers : Léna Sokol
  new_sustainability / opposition / ourrassol_commission_territoriale / histoire_patrimoine : Nadia El-Khouri
  new_sustainability / opposition / ourrassol_commission_territoriale / international : Basile N'Diaye
  new_sustainability / opposition / ourrassol_commission_territoriale / lifestyle_art_de_vivre : Basile N'Diaye
  new_sustainability / opposition / ourrassol_commission_territoriale / medias_communication : Maëlle Keravec
  new_sustainability / opposition / ourrassol_commission_territoriale / meteo : Samir Benyahia
  new_sustainability / opposition / ourrassol_commission_territoriale / musique : Nadia El-Khouri
  new_sustainability / opposition / ourrassol_commission_territoriale / opinions_editoriaux : Maëlle Keravec
  new_sustainability / opposition / ourrassol_commission_territoriale / petites_annonces_services : Irina Vautrin
  new_sustainability / opposition / ourrassol_commission_territoriale / religion_spiritualite : Nadia El-Khouri
  new_sustainability / opposition / ourrassol_commission_territoriale / sante : Irina Vautrin
  new_sustainability / opposition / ourrassol_commission_territoriale / sciences_technologies : Samir Benyahia
  new_sustainability / opposition / ourrassol_commission_territoriale / sports : Basile N'Diaye
  new_sustainability / opposition / reseau_vivant_continental / actualites_a_la_une : Yara Tupinambá
  new_sustainability / opposition / reseau_vivant_continental / culture : Boubacar Konaté
  new_sustainability / opposition / reseau_vivant_continental / economie_finance : João Aripuanã
  new_sustainability / opposition / reseau_vivant_continental / education : Nanjala Wekesa
  new_sustainability / opposition / reseau_vivant_continental / faits_divers : Camila Sateré
  new_sustainability / opposition / reseau_vivant_continental / histoire_patrimoine : Yara Tupinambá
  new_sustainability / opposition / reseau_vivant_continental / international : Amani Odhiambo
  new_sustainability / opposition / reseau_vivant_continental / lifestyle_art_de_vivre : Boubacar Konaté
  new_sustainability / opposition / reseau_vivant_continental / medias_communication : Amani Odhiambo
  new_sustainability / opposition / reseau_vivant_continental / meteo : João Aripuanã
  new_sustainability / opposition / reseau_vivant_continental / musique : Boubacar Konaté
  new_sustainability / opposition / reseau_vivant_continental / opinions_editoriaux : Yara Tupinambá
  new_sustainability / opposition / reseau_vivant_continental / petites_annonces_services : Nanjala Wekesa
  new_sustainability / opposition / reseau_vivant_continental / politique : Amani Odhiambo
  new_sustainability / opposition / reseau_vivant_continental / religion_spiritualite : Boubacar Konaté
  new_sustainability / opposition / reseau_vivant_continental / sante : Nanjala Wekesa
  new_sustainability / opposition / reseau_vivant_continental / sciences_technologies : João Aripuanã
  new_sustainability / opposition / reseau_vivant_continental / societe : Nanjala Wekesa
  new_sustainability / opposition / reseau_vivant_continental / sports : Camila Sateré
  new_sustainability / opposition / te_moana_nui_plateforme / actualites_a_la_une : Sina Taufete'e
  new_sustainability / opposition / te_moana_nui_plateforme / culture : Tavita Fiu
  new_sustainability / opposition / te_moana_nui_plateforme / economie_finance : Mereoni Vakalalabure
  new_sustainability / opposition / te_moana_nui_plateforme / education : Litia Falemaka
  new_sustainability / opposition / te_moana_nui_plateforme / faits_divers : Pita Varea
  new_sustainability / opposition / te_moana_nui_plateforme / histoire_patrimoine : Tavita Fiu
  new_sustainability / opposition / te_moana_nui_plateforme / international : Ana Toloa
  new_sustainability / opposition / te_moana_nui_plateforme / lifestyle_art_de_vivre : Ana Toloa
  new_sustainability / opposition / te_moana_nui_plateforme / medias_communication : Sina Taufete'e
  new_sustainability / opposition / te_moana_nui_plateforme / meteo : Mereoni Vakalalabure
  new_sustainability / opposition / te_moana_nui_plateforme / musique : Tavita Fiu
  new_sustainability / opposition / te_moana_nui_plateforme / opinions_editoriaux : Sina Taufete'e
  new_sustainability / opposition / te_moana_nui_plateforme / petites_annonces_services : Litia Falemaka
  new_sustainability / opposition / te_moana_nui_plateforme / politique : Sina Taufete'e
  new_sustainability / opposition / te_moana_nui_plateforme / religion_spiritualite : Tavita Fiu
  new_sustainability / opposition / te_moana_nui_plateforme / sante : Litia Falemaka
  new_sustainability / opposition / te_moana_nui_plateforme / sciences_technologies : Mereoni Vakalalabure
  new_sustainability / opposition / te_moana_nui_plateforme / sports : Ana Toloa
  new_sustainability / opposition / union_nordique_europe_nord / actualites_a_la_une : Veera Vartiainen
  new_sustainability / opposition / union_nordique_europe_nord / culture : Ingrid Holm
  new_sustainability / opposition / union_nordique_europe_nord / economie_finance : Mikkel Sørensen
  new_sustainability / opposition / union_nordique_europe_nord / education : Sanna Lehtonen
  new_sustainability / opposition / union_nordique_europe_nord / environnement_climat : Mikkel Sørensen
  new_sustainability / opposition / union_nordique_europe_nord / faits_divers : Liisa Niemi
  new_sustainability / opposition / union_nordique_europe_nord / histoire_patrimoine : Ingrid Holm
  new_sustainability / opposition / union_nordique_europe_nord / international : Eirik Børresen
  new_sustainability / opposition / union_nordique_europe_nord / lifestyle_art_de_vivre : Liisa Niemi
  new_sustainability / opposition / union_nordique_europe_nord / medias_communication : Eirik Børresen
  new_sustainability / opposition / union_nordique_europe_nord / meteo : Liisa Niemi
  new_sustainability / opposition / union_nordique_europe_nord / musique : Ingrid Holm
  new_sustainability / opposition / union_nordique_europe_nord / opinions_editoriaux : Veera Vartiainen
  new_sustainability / opposition / union_nordique_europe_nord / petites_annonces_services : Liisa Niemi
  new_sustainability / opposition / union_nordique_europe_nord / politique : Veera Vartiainen
  new_sustainability / opposition / union_nordique_europe_nord / religion_spiritualite : Ingrid Holm
  new_sustainability / opposition / union_nordique_europe_nord / sante : Sanna Lehtonen
  new_sustainability / opposition / union_nordique_europe_nord / sciences_technologies : Mikkel Sørensen
  new_sustainability / opposition / union_nordique_europe_nord / societe : Sanna Lehtonen
  new_sustainability / opposition / union_nordique_europe_nord / sports : Eirik Børresen
  new_sustainability / pro_pouvoir / afrique_continentale / actualites_a_la_une : Aïssatou Diallo-Nkosi
  new_sustainability / pro_pouvoir / afrique_continentale / culture : Jean-Marc Mavoungou
  new_sustainability / pro_pouvoir / afrique_continentale / economie_finance : Koffi Mensah
  new_sustainability / pro_pouvoir / afrique_continentale / education : Thandiwe Mkhize
  new_sustainability / pro_pouvoir / afrique_continentale / environnement_climat : Chiamaka Okonkwo
  new_sustainability / pro_pouvoir / afrique_continentale / faits_divers : Samira Benyahia
  new_sustainability / pro_pouvoir / afrique_continentale / histoire_patrimoine : Jean-Marc Mavoungou
  new_sustainability / pro_pouvoir / afrique_continentale / international : Aïssatou Diallo-Nkosi
  new_sustainability / pro_pouvoir / afrique_continentale / lifestyle_art_de_vivre : Samira Benyahia
  new_sustainability / pro_pouvoir / afrique_continentale / medias_communication : Koffi Mensah
  new_sustainability / pro_pouvoir / afrique_continentale / meteo : Chiamaka Okonkwo
  new_sustainability / pro_pouvoir / afrique_continentale / musique : Jean-Marc Mavoungou
  new_sustainability / pro_pouvoir / afrique_continentale / opinions_editoriaux : Aïssatou Diallo-Nkosi
  new_sustainability / pro_pouvoir / afrique_continentale / petites_annonces_services : Samira Benyahia
  new_sustainability / pro_pouvoir / afrique_continentale / politique : Aïssatou Diallo-Nkosi
  new_sustainability / pro_pouvoir / afrique_continentale / religion_spiritualite : Thandiwe Mkhize
  new_sustainability / pro_pouvoir / afrique_continentale / sante : Chiamaka Okonkwo
  new_sustainability / pro_pouvoir / afrique_continentale / sciences_technologies : Koffi Mensah
  new_sustainability / pro_pouvoir / afrique_continentale / societe : Thandiwe Mkhize
  new_sustainability / pro_pouvoir / afrique_continentale / sports : Samira Benyahia
  new_sustainability / pro_pouvoir / ameriques_reconfigurees / actualites_a_la_une : Tainá Araripe
  new_sustainability / pro_pouvoir / ameriques_reconfigurees / culture : Camila Rojas Valdés
  new_sustainability / pro_pouvoir / ameriques_reconfigurees / economie_finance : Sofía Quispe Mamani
  new_sustainability / pro_pouvoir / ameriques_reconfigurees / education : Nayeli Hernández Xiu
  new_sustainability / pro_pouvoir / ameriques_reconfigurees / environnement_climat : João Pedro Nascimento
  new_sustainability / pro_pouvoir / ameriques_reconfigurees / faits_divers : Malik Johnson-Rivera
  new_sustainability / pro_pouvoir / ameriques_reconfigurees / histoire_patrimoine : Camila Rojas Valdés
  new_sustainability / pro_pouvoir / ameriques_reconfigurees / international : Tainá Araripe
  new_sustainability / pro_pouvoir / ameriques_reconfigurees / lifestyle_art_de_vivre : Malik Johnson-Rivera
  new_sustainability / pro_pouvoir / ameriques_reconfigurees / medias_communication : Sofía Quispe Mamani
  new_sustainability / pro_pouvoir / ameriques_reconfigurees / meteo : João Pedro Nascimento
  new_sustainability / pro_pouvoir / ameriques_reconfigurees / musique : Camila Rojas Valdés
  new_sustainability / pro_pouvoir / ameriques_reconfigurees / opinions_editoriaux : Tainá Araripe
  new_sustainability / pro_pouvoir / ameriques_reconfigurees / petites_annonces_services : Malik Johnson-Rivera
  new_sustainability / pro_pouvoir / ameriques_reconfigurees / politique : Tainá Araripe
  new_sustainability / pro_pouvoir / ameriques_reconfigurees / religion_spiritualite : Nayeli Hernández Xiu
  new_sustainability / pro_pouvoir / ameriques_reconfigurees / sante : João Pedro Nascimento
  new_sustainability / pro_pouvoir / ameriques_reconfigurees / sciences_technologies : Sofía Quispe Mamani
  new_sustainability / pro_pouvoir / ameriques_reconfigurees / societe : Nayeli Hernández Xiu
  new_sustainability / pro_pouvoir / ameriques_reconfigurees / sports : Malik Johnson-Rivera
  new_sustainability / pro_pouvoir / arctic_passage_qaanaaq / actualites_a_la_une : Maliina Petersen
  new_sustainability / pro_pouvoir / arctic_passage_qaanaaq / culture : Aputsiaq Egede
  new_sustainability / pro_pouvoir / arctic_passage_qaanaaq / economie_finance : Nuka Kleist
  new_sustainability / pro_pouvoir / arctic_passage_qaanaaq / education : Pipaluk Lennert
  new_sustainability / pro_pouvoir / arctic_passage_qaanaaq / environnement_climat : Aviaja Kristensen
  new_sustainability / pro_pouvoir / arctic_passage_qaanaaq / faits_divers : Ivalu Mathiassen
  new_sustainability / pro_pouvoir / arctic_passage_qaanaaq / histoire_patrimoine : Aputsiaq Egede
  new_sustainability / pro_pouvoir / arctic_passage_qaanaaq / international : Maliina Petersen
  new_sustainability / pro_pouvoir / arctic_passage_qaanaaq / lifestyle_art_de_vivre : Ivalu Mathiassen
  new_sustainability / pro_pouvoir / arctic_passage_qaanaaq / medias_communication : Nuka Kleist
  new_sustainability / pro_pouvoir / arctic_passage_qaanaaq / meteo : Aviaja Kristensen
  new_sustainability / pro_pouvoir / arctic_passage_qaanaaq / musique : Aputsiaq Egede
  new_sustainability / pro_pouvoir / arctic_passage_qaanaaq / opinions_editoriaux : Maliina Petersen
  new_sustainability / pro_pouvoir / arctic_passage_qaanaaq / petites_annonces_services : Ivalu Mathiassen
  new_sustainability / pro_pouvoir / arctic_passage_qaanaaq / politique : Maliina Petersen
  new_sustainability / pro_pouvoir / arctic_passage_qaanaaq / religion_spiritualite : Pipaluk Lennert
  new_sustainability / pro_pouvoir / arctic_passage_qaanaaq / sante : Aviaja Kristensen
  new_sustainability / pro_pouvoir / arctic_passage_qaanaaq / sciences_technologies : Nuka Kleist
  new_sustainability / pro_pouvoir / arctic_passage_qaanaaq / societe : Pipaluk Lennert
  new_sustainability / pro_pouvoir / arctic_passage_qaanaaq / sports : Ivalu Mathiassen
  new_sustainability / pro_pouvoir / australie_continent_vert / actualites_a_la_une : Mikaela Yunupingu
  new_sustainability / pro_pouvoir / australie_continent_vert / culture : Jack Warburton
  new_sustainability / pro_pouvoir / australie_continent_vert / economie_finance : Noah Nguyen
  new_sustainability / pro_pouvoir / australie_continent_vert / education : Priya Nair
  new_sustainability / pro_pouvoir / australie_continent_vert / environnement_climat : Talia Muru
  new_sustainability / pro_pouvoir / australie_continent_vert / faits_divers : Kirra Campbell
  new_sustainability / pro_pouvoir / australie_continent_vert / histoire_patrimoine : Jack Warburton
  new_sustainability / pro_pouvoir / australie_continent_vert / international : Mikaela Yunupingu
  new_sustainability / pro_pouvoir / australie_continent_vert / lifestyle_art_de_vivre : Kirra Campbell
  new_sustainability / pro_pouvoir / australie_continent_vert / medias_communication : Noah Nguyen
  new_sustainability / pro_pouvoir / australie_continent_vert / meteo : Talia Muru
  new_sustainability / pro_pouvoir / australie_continent_vert / musique : Jack Warburton
  new_sustainability / pro_pouvoir / australie_continent_vert / opinions_editoriaux : Mikaela Yunupingu
  new_sustainability / pro_pouvoir / australie_continent_vert / petites_annonces_services : Kirra Campbell
  new_sustainability / pro_pouvoir / australie_continent_vert / politique : Mikaela Yunupingu
  new_sustainability / pro_pouvoir / australie_continent_vert / religion_spiritualite : Priya Nair
  new_sustainability / pro_pouvoir / australie_continent_vert / sante : Talia Muru
  new_sustainability / pro_pouvoir / australie_continent_vert / sciences_technologies : Noah Nguyen
  new_sustainability / pro_pouvoir / australie_continent_vert / societe : Priya Nair
  new_sustainability / pro_pouvoir / australie_continent_vert / sports : Kirra Campbell
  new_sustainability / pro_pouvoir / bloc_eurasien_souverainiste / actualites_a_la_une : Aigoul Sarsenova
  new_sustainability / pro_pouvoir / bloc_eurasien_souverainiste / culture : Narin Batbayar
  new_sustainability / pro_pouvoir / bloc_eurasien_souverainiste / economie_finance : Timur Akhmetov
  new_sustainability / pro_pouvoir / bloc_eurasien_souverainiste / education : Murat Erdem
  new_sustainability / pro_pouvoir / bloc_eurasien_souverainiste / environnement_climat : Elena Morozova
  new_sustainability / pro_pouvoir / bloc_eurasien_souverainiste / faits_divers : Liang Qiming
  new_sustainability / pro_pouvoir / bloc_eurasien_souverainiste / histoire_patrimoine : Narin Batbayar
  new_sustainability / pro_pouvoir / bloc_eurasien_souverainiste / international : Aigoul Sarsenova
  new_sustainability / pro_pouvoir / bloc_eurasien_souverainiste / lifestyle_art_de_vivre : Narin Batbayar
  new_sustainability / pro_pouvoir / bloc_eurasien_souverainiste / medias_communication : Timur Akhmetov
  new_sustainability / pro_pouvoir / bloc_eurasien_souverainiste / meteo : Elena Morozova
  new_sustainability / pro_pouvoir / bloc_eurasien_souverainiste / musique : Narin Batbayar
  new_sustainability / pro_pouvoir / bloc_eurasien_souverainiste / opinions_editoriaux : Aigoul Sarsenova
  new_sustainability / pro_pouvoir / bloc_eurasien_souverainiste / petites_annonces_services : Liang Qiming
  new_sustainability / pro_pouvoir / bloc_eurasien_souverainiste / politique : Aigoul Sarsenova
  new_sustainability / pro_pouvoir / bloc_eurasien_souverainiste / religion_spiritualite : Murat Erdem
  new_sustainability / pro_pouvoir / bloc_eurasien_souverainiste / sante : Elena Morozova
  new_sustainability / pro_pouvoir / bloc_eurasien_souverainiste / sciences_technologies : Timur Akhmetov
  new_sustainability / pro_pouvoir / bloc_eurasien_souverainiste / societe : Murat Erdem
  new_sustainability / pro_pouvoir / bloc_eurasien_souverainiste / sports : Liang Qiming
  new_sustainability / pro_pouvoir / centre_institutionnel_geneve / actualites_a_la_une : Maya Dufour
  new_sustainability / pro_pouvoir / centre_institutionnel_geneve / culture : Noé Mbemba-Rochat
  new_sustainability / pro_pouvoir / centre_institutionnel_geneve / economie_finance : Yannick Aeschlimann
  new_sustainability / pro_pouvoir / centre_institutionnel_geneve / education : Sofia Waeber
  new_sustainability / pro_pouvoir / centre_institutionnel_geneve / environnement_climat : Leïla Berset
  new_sustainability / pro_pouvoir / centre_institutionnel_geneve / faits_divers : Clara Nguyen
  new_sustainability / pro_pouvoir / centre_institutionnel_geneve / histoire_patrimoine : Noé Mbemba-Rochat
  new_sustainability / pro_pouvoir / centre_institutionnel_geneve / international : Maya Dufour
  new_sustainability / pro_pouvoir / centre_institutionnel_geneve / lifestyle_art_de_vivre : Noé Mbemba-Rochat
  new_sustainability / pro_pouvoir / centre_institutionnel_geneve / medias_communication : Yannick Aeschlimann
  new_sustainability / pro_pouvoir / centre_institutionnel_geneve / meteo : Leïla Berset
  new_sustainability / pro_pouvoir / centre_institutionnel_geneve / musique : Noé Mbemba-Rochat
  new_sustainability / pro_pouvoir / centre_institutionnel_geneve / opinions_editoriaux : Maya Dufour
  new_sustainability / pro_pouvoir / centre_institutionnel_geneve / petites_annonces_services : Clara Nguyen
  new_sustainability / pro_pouvoir / centre_institutionnel_geneve / politique : Maya Dufour
  new_sustainability / pro_pouvoir / centre_institutionnel_geneve / religion_spiritualite : Sofia Waeber
  new_sustainability / pro_pouvoir / centre_institutionnel_geneve / sante : Leïla Berset
  new_sustainability / pro_pouvoir / centre_institutionnel_geneve / sciences_technologies : Yannick Aeschlimann
  new_sustainability / pro_pouvoir / centre_institutionnel_geneve / societe : Sofia Waeber
  new_sustainability / pro_pouvoir / centre_institutionnel_geneve / sports : Clara Nguyen
  new_sustainability / pro_pouvoir / helios_tours_orbitales / actualites_a_la_une : Dimitra Kallergi
  new_sustainability / pro_pouvoir / helios_tours_orbitales / culture : Lina Tavakoli
  new_sustainability / pro_pouvoir / helios_tours_orbitales / economie_finance : Kenji Arakawa
  new_sustainability / pro_pouvoir / helios_tours_orbitales / education : Rafael Okonkwo
  new_sustainability / pro_pouvoir / helios_tours_orbitales / environnement_climat : Samira El-Mansouri
  new_sustainability / pro_pouvoir / helios_tours_orbitales / faits_divers : Mateo Quispe
  new_sustainability / pro_pouvoir / helios_tours_orbitales / histoire_patrimoine : Lina Tavakoli
  new_sustainability / pro_pouvoir / helios_tours_orbitales / international : Dimitra Kallergi
  new_sustainability / pro_pouvoir / helios_tours_orbitales / lifestyle_art_de_vivre : Lina Tavakoli
  new_sustainability / pro_pouvoir / helios_tours_orbitales / medias_communication : Kenji Arakawa
  new_sustainability / pro_pouvoir / helios_tours_orbitales / meteo : Samira El-Mansouri
  new_sustainability / pro_pouvoir / helios_tours_orbitales / musique : Lina Tavakoli
  new_sustainability / pro_pouvoir / helios_tours_orbitales / opinions_editoriaux : Dimitra Kallergi
  new_sustainability / pro_pouvoir / helios_tours_orbitales / petites_annonces_services : Mateo Quispe
  new_sustainability / pro_pouvoir / helios_tours_orbitales / politique : Dimitra Kallergi
  new_sustainability / pro_pouvoir / helios_tours_orbitales / religion_spiritualite : Rafael Okonkwo
  new_sustainability / pro_pouvoir / helios_tours_orbitales / sante : Samira El-Mansouri
  new_sustainability / pro_pouvoir / helios_tours_orbitales / sciences_technologies : Kenji Arakawa
  new_sustainability / pro_pouvoir / helios_tours_orbitales / societe : Rafael Okonkwo
  new_sustainability / pro_pouvoir / helios_tours_orbitales / sports : Mateo Quispe
  new_sustainability / pro_pouvoir / hub_nairobi_kigali / actualites_a_la_une : Amina Wanjiru
  new_sustainability / pro_pouvoir / hub_nairobi_kigali / culture : Aline Uwase
  new_sustainability / pro_pouvoir / hub_nairobi_kigali / economie_finance : Jean-Bosco Niyonsenga
  new_sustainability / pro_pouvoir / hub_nairobi_kigali / education : Otieno Mwangi
  new_sustainability / pro_pouvoir / hub_nairobi_kigali / environnement_climat : Claudine Mukamana
  new_sustainability / pro_pouvoir / hub_nairobi_kigali / faits_divers : Kiptoo Barasa
  new_sustainability / pro_pouvoir / hub_nairobi_kigali / histoire_patrimoine : Aline Uwase
  new_sustainability / pro_pouvoir / hub_nairobi_kigali / international : Kiptoo Barasa
  new_sustainability / pro_pouvoir / hub_nairobi_kigali / lifestyle_art_de_vivre : Aline Uwase
  new_sustainability / pro_pouvoir / hub_nairobi_kigali / medias_communication : Jean-Bosco Niyonsenga
  new_sustainability / pro_pouvoir / hub_nairobi_kigali / meteo : Claudine Mukamana
  new_sustainability / pro_pouvoir / hub_nairobi_kigali / musique : Aline Uwase
  new_sustainability / pro_pouvoir / hub_nairobi_kigali / opinions_editoriaux : Amina Wanjiru
  new_sustainability / pro_pouvoir / hub_nairobi_kigali / petites_annonces_services : Kiptoo Barasa
  new_sustainability / pro_pouvoir / hub_nairobi_kigali / politique : Amina Wanjiru
  new_sustainability / pro_pouvoir / hub_nairobi_kigali / religion_spiritualite : Otieno Mwangi
  new_sustainability / pro_pouvoir / hub_nairobi_kigali / sante : Claudine Mukamana
  new_sustainability / pro_pouvoir / hub_nairobi_kigali / sciences_technologies : Jean-Bosco Niyonsenga
  new_sustainability / pro_pouvoir / hub_nairobi_kigali / societe : Otieno Mwangi
  new_sustainability / pro_pouvoir / hub_nairobi_kigali / sports : Kiptoo Barasa
  new_sustainability / pro_pouvoir / infrastructure_numerique_globale / actualites_a_la_une : Mei-Lin Chen
  new_sustainability / pro_pouvoir / infrastructure_numerique_globale / culture : Faridah Sari
  new_sustainability / pro_pouvoir / infrastructure_numerique_globale / economie_finance : Adebayo Okonkwo
  new_sustainability / pro_pouvoir / infrastructure_numerique_globale / education : Arjun Menon
  new_sustainability / pro_pouvoir / infrastructure_numerique_globale / environnement_climat : Sofia Quispe
  new_sustainability / pro_pouvoir / infrastructure_numerique_globale / faits_divers : Leila Haddad
  new_sustainability / pro_pouvoir / infrastructure_numerique_globale / histoire_patrimoine : Faridah Sari
  new_sustainability / pro_pouvoir / infrastructure_numerique_globale / international : Leila Haddad
  new_sustainability / pro_pouvoir / infrastructure_numerique_globale / lifestyle_art_de_vivre : Faridah Sari
  new_sustainability / pro_pouvoir / infrastructure_numerique_globale / medias_communication : Adebayo Okonkwo
  new_sustainability / pro_pouvoir / infrastructure_numerique_globale / meteo : Sofia Quispe
  new_sustainability / pro_pouvoir / infrastructure_numerique_globale / musique : Faridah Sari
  new_sustainability / pro_pouvoir / infrastructure_numerique_globale / opinions_editoriaux : Mei-Lin Chen
  new_sustainability / pro_pouvoir / infrastructure_numerique_globale / petites_annonces_services : Leila Haddad
  new_sustainability / pro_pouvoir / infrastructure_numerique_globale / politique : Mei-Lin Chen
  new_sustainability / pro_pouvoir / infrastructure_numerique_globale / religion_spiritualite : Arjun Menon
  new_sustainability / pro_pouvoir / infrastructure_numerique_globale / sante : Sofia Quispe
  new_sustainability / pro_pouvoir / infrastructure_numerique_globale / sciences_technologies : Adebayo Okonkwo
  new_sustainability / pro_pouvoir / infrastructure_numerique_globale / societe : Arjun Menon
  new_sustainability / pro_pouvoir / infrastructure_numerique_globale / sports : Leila Haddad
  new_sustainability / pro_pouvoir / japon_archipel_resilient / actualites_a_la_une : Aoi Tanaka
  new_sustainability / pro_pouvoir / japon_archipel_resilient / culture : Miyu Fujimoto
  new_sustainability / pro_pouvoir / japon_archipel_resilient / economie_finance : Haruto Saitō
  new_sustainability / pro_pouvoir / japon_archipel_resilient / education : Ren Kobayashi
  new_sustainability / pro_pouvoir / japon_archipel_resilient / environnement_climat : Yui Nakamura
  new_sustainability / pro_pouvoir / japon_archipel_resilient / faits_divers : Daichi Mori
  new_sustainability / pro_pouvoir / japon_archipel_resilient / histoire_patrimoine : Miyu Fujimoto
  new_sustainability / pro_pouvoir / japon_archipel_resilient / international : Aoi Tanaka
  new_sustainability / pro_pouvoir / japon_archipel_resilient / lifestyle_art_de_vivre : Daichi Mori
  new_sustainability / pro_pouvoir / japon_archipel_resilient / medias_communication : Haruto Saitō
  new_sustainability / pro_pouvoir / japon_archipel_resilient / meteo : Yui Nakamura
  new_sustainability / pro_pouvoir / japon_archipel_resilient / musique : Miyu Fujimoto
  new_sustainability / pro_pouvoir / japon_archipel_resilient / opinions_editoriaux : Aoi Tanaka
  new_sustainability / pro_pouvoir / japon_archipel_resilient / petites_annonces_services : Daichi Mori
  new_sustainability / pro_pouvoir / japon_archipel_resilient / politique : Aoi Tanaka
  new_sustainability / pro_pouvoir / japon_archipel_resilient / religion_spiritualite : Ren Kobayashi
  new_sustainability / pro_pouvoir / japon_archipel_resilient / sante : Yui Nakamura
  new_sustainability / pro_pouvoir / japon_archipel_resilient / sciences_technologies : Haruto Saitō
  new_sustainability / pro_pouvoir / japon_archipel_resilient / societe : Ren Kobayashi
  new_sustainability / pro_pouvoir / japon_archipel_resilient / sports : Daichi Mori
  new_sustainability / pro_pouvoir / moyen_orient_golfe / actualites_a_la_une : Noura Al-Khalifa
  new_sustainability / pro_pouvoir / moyen_orient_golfe / culture : Reza Farhadi
  new_sustainability / pro_pouvoir / moyen_orient_golfe / economie_finance : Faisal Al-Harbi
  new_sustainability / pro_pouvoir / moyen_orient_golfe / education : Samer Khoury
  new_sustainability / pro_pouvoir / moyen_orient_golfe / environnement_climat : Mariam Al-Mansoori
  new_sustainability / pro_pouvoir / moyen_orient_golfe / faits_divers : Leyla Demir
  new_sustainability / pro_pouvoir / moyen_orient_golfe / histoire_patrimoine : Reza Farhadi
  new_sustainability / pro_pouvoir / moyen_orient_golfe / international : Leyla Demir
  new_sustainability / pro_pouvoir / moyen_orient_golfe / lifestyle_art_de_vivre : Reza Farhadi
  new_sustainability / pro_pouvoir / moyen_orient_golfe / medias_communication : Faisal Al-Harbi
  new_sustainability / pro_pouvoir / moyen_orient_golfe / meteo : Mariam Al-Mansoori
  new_sustainability / pro_pouvoir / moyen_orient_golfe / musique : Reza Farhadi
  new_sustainability / pro_pouvoir / moyen_orient_golfe / opinions_editoriaux : Noura Al-Khalifa
  new_sustainability / pro_pouvoir / moyen_orient_golfe / petites_annonces_services : Leyla Demir
  new_sustainability / pro_pouvoir / moyen_orient_golfe / politique : Noura Al-Khalifa
  new_sustainability / pro_pouvoir / moyen_orient_golfe / religion_spiritualite : Samer Khoury
  new_sustainability / pro_pouvoir / moyen_orient_golfe / sante : Mariam Al-Mansoori
  new_sustainability / pro_pouvoir / moyen_orient_golfe / sciences_technologies : Faisal Al-Harbi
  new_sustainability / pro_pouvoir / moyen_orient_golfe / societe : Samer Khoury
  new_sustainability / pro_pouvoir / moyen_orient_golfe / sports : Leyla Demir
  new_sustainability / pro_pouvoir / ourrassol_commission_territoriale / actualites_a_la_une : Inès Haddad
  new_sustainability / pro_pouvoir / ourrassol_commission_territoriale / culture : Malo Kerjean
  new_sustainability / pro_pouvoir / ourrassol_commission_territoriale / economie_finance : Émile Sato
  new_sustainability / pro_pouvoir / ourrassol_commission_territoriale / education : Salma Benyahia
  new_sustainability / pro_pouvoir / ourrassol_commission_territoriale / environnement_climat : Naïma Kourouma
  new_sustainability / pro_pouvoir / ourrassol_commission_territoriale / faits_divers : Yara Bensaïd
  new_sustainability / pro_pouvoir / ourrassol_commission_territoriale / histoire_patrimoine : Malo Kerjean
  new_sustainability / pro_pouvoir / ourrassol_commission_territoriale / international : Inès Haddad
  new_sustainability / pro_pouvoir / ourrassol_commission_territoriale / lifestyle_art_de_vivre : Malo Kerjean
  new_sustainability / pro_pouvoir / ourrassol_commission_territoriale / medias_communication : Émile Sato
  new_sustainability / pro_pouvoir / ourrassol_commission_territoriale / meteo : Naïma Kourouma
  new_sustainability / pro_pouvoir / ourrassol_commission_territoriale / musique : Malo Kerjean
  new_sustainability / pro_pouvoir / ourrassol_commission_territoriale / opinions_editoriaux : Inès Haddad
  new_sustainability / pro_pouvoir / ourrassol_commission_territoriale / petites_annonces_services : Yara Bensaïd
  new_sustainability / pro_pouvoir / ourrassol_commission_territoriale / politique : Inès Haddad
  new_sustainability / pro_pouvoir / ourrassol_commission_territoriale / religion_spiritualite : Salma Benyahia
  new_sustainability / pro_pouvoir / ourrassol_commission_territoriale / sante : Naïma Kourouma
  new_sustainability / pro_pouvoir / ourrassol_commission_territoriale / sciences_technologies : Émile Sato
  new_sustainability / pro_pouvoir / ourrassol_commission_territoriale / societe : Salma Benyahia
  new_sustainability / pro_pouvoir / ourrassol_commission_territoriale / sports : Yara Bensaïd
  new_sustainability / pro_pouvoir / reseau_vivant_continental / actualites_a_la_une : Aritana Pankararu
  new_sustainability / pro_pouvoir / reseau_vivant_continental / culture : Yasmin Mbeki
  new_sustainability / pro_pouvoir / reseau_vivant_continental / economie_finance : Beatriz Nascimento Araújo
  new_sustainability / pro_pouvoir / reseau_vivant_continental / education : Emmanuel Okello
  new_sustainability / pro_pouvoir / reseau_vivant_continental / environnement_climat : Wanjiku Mwangi
  new_sustainability / pro_pouvoir / reseau_vivant_continental / faits_divers : Diego Quispe Rojas
  new_sustainability / pro_pouvoir / reseau_vivant_continental / histoire_patrimoine : Yasmin Mbeki
  new_sustainability / pro_pouvoir / reseau_vivant_continental / international : Aritana Pankararu
  new_sustainability / pro_pouvoir / reseau_vivant_continental / lifestyle_art_de_vivre : Yasmin Mbeki
  new_sustainability / pro_pouvoir / reseau_vivant_continental / medias_communication : Beatriz Nascimento Araújo
  new_sustainability / pro_pouvoir / reseau_vivant_continental / meteo : Wanjiku Mwangi
  new_sustainability / pro_pouvoir / reseau_vivant_continental / musique : Yasmin Mbeki
  new_sustainability / pro_pouvoir / reseau_vivant_continental / opinions_editoriaux : Aritana Pankararu
  new_sustainability / pro_pouvoir / reseau_vivant_continental / petites_annonces_services : Diego Quispe Rojas
  new_sustainability / pro_pouvoir / reseau_vivant_continental / politique : Aritana Pankararu
  new_sustainability / pro_pouvoir / reseau_vivant_continental / religion_spiritualite : Emmanuel Okello
  new_sustainability / pro_pouvoir / reseau_vivant_continental / sante : Wanjiku Mwangi
  new_sustainability / pro_pouvoir / reseau_vivant_continental / sciences_technologies : Beatriz Nascimento Araújo
  new_sustainability / pro_pouvoir / reseau_vivant_continental / societe : Emmanuel Okello
  new_sustainability / pro_pouvoir / reseau_vivant_continental / sports : Diego Quispe Rojas
  new_sustainability / pro_pouvoir / te_moana_nui_plateforme / actualites_a_la_une : Litia Ratuva
  new_sustainability / pro_pouvoir / te_moana_nui_plateforme / culture : Sina Petaia
  new_sustainability / pro_pouvoir / te_moana_nui_plateforme / economie_finance : Sione Tuiasosopo
  new_sustainability / pro_pouvoir / te_moana_nui_plateforme / education : Tepuka Fagaloa
  new_sustainability / pro_pouvoir / te_moana_nui_plateforme / environnement_climat : Mele Faletau
  new_sustainability / pro_pouvoir / te_moana_nui_plateforme / faits_divers : Jone Vakalalabure
  new_sustainability / pro_pouvoir / te_moana_nui_plateforme / histoire_patrimoine : Sina Petaia
  new_sustainability / pro_pouvoir / te_moana_nui_plateforme / international : Litia Ratuva
  new_sustainability / pro_pouvoir / te_moana_nui_plateforme / lifestyle_art_de_vivre : Sina Petaia
  new_sustainability / pro_pouvoir / te_moana_nui_plateforme / medias_communication : Sione Tuiasosopo
  new_sustainability / pro_pouvoir / te_moana_nui_plateforme / meteo : Mele Faletau
  new_sustainability / pro_pouvoir / te_moana_nui_plateforme / musique : Sina Petaia
  new_sustainability / pro_pouvoir / te_moana_nui_plateforme / opinions_editoriaux : Litia Ratuva
  new_sustainability / pro_pouvoir / te_moana_nui_plateforme / petites_annonces_services : Jone Vakalalabure
  new_sustainability / pro_pouvoir / te_moana_nui_plateforme / politique : Litia Ratuva
  new_sustainability / pro_pouvoir / te_moana_nui_plateforme / religion_spiritualite : Tepuka Fagaloa
  new_sustainability / pro_pouvoir / te_moana_nui_plateforme / sante : Mele Faletau
  new_sustainability / pro_pouvoir / te_moana_nui_plateforme / sciences_technologies : Sione Tuiasosopo
  new_sustainability / pro_pouvoir / te_moana_nui_plateforme / societe : Tepuka Fagaloa
  new_sustainability / pro_pouvoir / te_moana_nui_plateforme / sports : Jone Vakalalabure
  new_sustainability / pro_pouvoir / union_nordique_europe_nord / actualites_a_la_une : Aino Korhonen
  new_sustainability / pro_pouvoir / union_nordique_europe_nord / culture : Mikko Lehtinen
  new_sustainability / pro_pouvoir / union_nordique_europe_nord / economie_finance : Lars Nyström
  new_sustainability / pro_pouvoir / union_nordique_europe_nord / education : Ingrid Holmgaard
  new_sustainability / pro_pouvoir / union_nordique_europe_nord / environnement_climat : Sanna Vuolab
  new_sustainability / pro_pouvoir / union_nordique_europe_nord / faits_divers : Kari Eide
  new_sustainability / pro_pouvoir / union_nordique_europe_nord / histoire_patrimoine : Mikko Lehtinen
  new_sustainability / pro_pouvoir / union_nordique_europe_nord / international : Aino Korhonen
  new_sustainability / pro_pouvoir / union_nordique_europe_nord / lifestyle_art_de_vivre : Kari Eide
  new_sustainability / pro_pouvoir / union_nordique_europe_nord / medias_communication : Lars Nyström
  new_sustainability / pro_pouvoir / union_nordique_europe_nord / meteo : Sanna Vuolab
  new_sustainability / pro_pouvoir / union_nordique_europe_nord / musique : Mikko Lehtinen
  new_sustainability / pro_pouvoir / union_nordique_europe_nord / opinions_editoriaux : Aino Korhonen
  new_sustainability / pro_pouvoir / union_nordique_europe_nord / petites_annonces_services : Kari Eide
  new_sustainability / pro_pouvoir / union_nordique_europe_nord / politique : Aino Korhonen
  new_sustainability / pro_pouvoir / union_nordique_europe_nord / religion_spiritualite : Ingrid Holmgaard
  new_sustainability / pro_pouvoir / union_nordique_europe_nord / sante : Sanna Vuolab
  new_sustainability / pro_pouvoir / union_nordique_europe_nord / sciences_technologies : Lars Nyström
  new_sustainability / pro_pouvoir / union_nordique_europe_nord / societe : Ingrid Holmgaard
  new_sustainability / pro_pouvoir / union_nordique_europe_nord / sports : Kari Eide
  policy_reform / opposition / afrique_australe_reformee / actualites_a_la_une : Thandiwe Mkhize
  policy_reform / opposition / afrique_australe_reformee / culture : Naledi Mokone
  policy_reform / opposition / afrique_australe_reformee / economie_finance : Zanele Mthethwa
  policy_reform / opposition / afrique_australe_reformee / education : Pieter van Wyk
  policy_reform / opposition / afrique_australe_reformee / environnement_climat : Aisha Naidoo
  policy_reform / opposition / afrique_australe_reformee / faits_divers : Pieter van Wyk
  policy_reform / opposition / afrique_australe_reformee / histoire_patrimoine : Naledi Mokone
  policy_reform / opposition / afrique_australe_reformee / international : Thandiwe Mkhize
  policy_reform / opposition / afrique_australe_reformee / lifestyle_art_de_vivre : Naledi Mokone
  policy_reform / opposition / afrique_australe_reformee / medias_communication : Zanele Mthethwa
  policy_reform / opposition / afrique_australe_reformee / meteo : Aisha Naidoo
  policy_reform / opposition / afrique_australe_reformee / musique : Naledi Mokone
  policy_reform / opposition / afrique_australe_reformee / opinions_editoriaux : Thandiwe Mkhize
  policy_reform / opposition / afrique_australe_reformee / petites_annonces_services : Kabelo Ndlovu
  policy_reform / opposition / afrique_australe_reformee / politique : Thandiwe Mkhize
  policy_reform / opposition / afrique_australe_reformee / religion_spiritualite : Pieter van Wyk
  policy_reform / opposition / afrique_australe_reformee / sante : Aisha Naidoo
  policy_reform / opposition / afrique_australe_reformee / sciences_technologies : Zanele Mthethwa
  policy_reform / opposition / afrique_australe_reformee / societe : Pieter van Wyk
  policy_reform / opposition / afrique_australe_reformee / sports : Kabelo Ndlovu
  policy_reform / opposition / ameriques_reformees / actualites_a_la_une : Maya Redbird
  policy_reform / opposition / ameriques_reformees / culture : Aaliyah Brooks
  policy_reform / opposition / ameriques_reformees / economie_finance : Ethan Whitaker
  policy_reform / opposition / ameriques_reformees / education : Caleb Freeman
  policy_reform / opposition / ameriques_reformees / environnement_climat : Sofía Delgado
  policy_reform / opposition / ameriques_reformees / faits_divers : Noah Yazzie
  policy_reform / opposition / ameriques_reformees / histoire_patrimoine : Aaliyah Brooks
  policy_reform / opposition / ameriques_reformees / international : Maya Redbird
  policy_reform / opposition / ameriques_reformees / lifestyle_art_de_vivre : Aaliyah Brooks
  policy_reform / opposition / ameriques_reformees / medias_communication : Ethan Whitaker
  policy_reform / opposition / ameriques_reformees / meteo : Sofía Delgado
  policy_reform / opposition / ameriques_reformees / musique : Aaliyah Brooks
  policy_reform / opposition / ameriques_reformees / opinions_editoriaux : Maya Redbird
  policy_reform / opposition / ameriques_reformees / petites_annonces_services : Noah Yazzie
  policy_reform / opposition / ameriques_reformees / politique : Maya Redbird
  policy_reform / opposition / ameriques_reformees / religion_spiritualite : Caleb Freeman
  policy_reform / opposition / ameriques_reformees / sante : Sofía Delgado
  policy_reform / opposition / ameriques_reformees / sciences_technologies : Ethan Whitaker
  policy_reform / opposition / ameriques_reformees / societe : Caleb Freeman
  policy_reform / opposition / ameriques_reformees / sports : Noah Yazzie
  policy_reform / opposition / archipel_comores_autonome / actualites_a_la_une : Nadjati Soilihi
  policy_reform / opposition / archipel_comores_autonome / culture : Mariama Combo
  policy_reform / opposition / archipel_comores_autonome / economie_finance : Saïd Mchangama
  policy_reform / opposition / archipel_comores_autonome / education : Faïza Bacar
  policy_reform / opposition / archipel_comores_autonome / environnement_climat : Faïza Bacar
  policy_reform / opposition / archipel_comores_autonome / faits_divers : Youssouf Halifa
  policy_reform / opposition / archipel_comores_autonome / histoire_patrimoine : Youssouf Halifa
  policy_reform / opposition / archipel_comores_autonome / international : Saïd Mchangama
  policy_reform / opposition / archipel_comores_autonome / lifestyle_art_de_vivre : Mariama Combo
  policy_reform / opposition / archipel_comores_autonome / medias_communication : Saïd Mchangama
  policy_reform / opposition / archipel_comores_autonome / meteo : Youssouf Halifa
  policy_reform / opposition / archipel_comores_autonome / musique : Mariama Combo
  policy_reform / opposition / archipel_comores_autonome / opinions_editoriaux : Nadjati Soilihi
  policy_reform / opposition / archipel_comores_autonome / petites_annonces_services : Anli Msaidie
  policy_reform / opposition / archipel_comores_autonome / politique : Nadjati Soilihi
  policy_reform / opposition / archipel_comores_autonome / religion_spiritualite : Youssouf Halifa
  policy_reform / opposition / archipel_comores_autonome / sante : Faïza Bacar
  policy_reform / opposition / archipel_comores_autonome / sciences_technologies : Anli Msaidie
  policy_reform / opposition / archipel_comores_autonome / societe : Anli Msaidie
  policy_reform / opposition / archipel_comores_autonome / sports : Youssouf Halifa
  policy_reform / opposition / bloc_souverainiste_non_signataire / actualites_a_la_une : Aïcha Maïga
  policy_reform / opposition / bloc_souverainiste_non_signataire / culture : Yolanda Choquehuanca
  policy_reform / opposition / bloc_souverainiste_non_signataire / economie_finance : Pachamama Sisa Willka
  policy_reform / opposition / bloc_souverainiste_non_signataire / education : Kadiatou Sow
  policy_reform / opposition / bloc_souverainiste_non_signataire / environnement_climat : Mereoni Tawake
  policy_reform / opposition / bloc_souverainiste_non_signataire / faits_divers : Sione Latu
  policy_reform / opposition / bloc_souverainiste_non_signataire / histoire_patrimoine : Yolanda Choquehuanca
  policy_reform / opposition / bloc_souverainiste_non_signataire / international : Aïcha Maïga
  policy_reform / opposition / bloc_souverainiste_non_signataire / lifestyle_art_de_vivre : Yolanda Choquehuanca
  policy_reform / opposition / bloc_souverainiste_non_signataire / medias_communication : Pachamama Sisa Willka
  policy_reform / opposition / bloc_souverainiste_non_signataire / meteo : Mereoni Tawake
  policy_reform / opposition / bloc_souverainiste_non_signataire / musique : Yolanda Choquehuanca
  policy_reform / opposition / bloc_souverainiste_non_signataire / opinions_editoriaux : Aïcha Maïga
  policy_reform / opposition / bloc_souverainiste_non_signataire / petites_annonces_services : Sione Latu
  policy_reform / opposition / bloc_souverainiste_non_signataire / politique : Aïcha Maïga
  policy_reform / opposition / bloc_souverainiste_non_signataire / religion_spiritualite : Kadiatou Sow
  policy_reform / opposition / bloc_souverainiste_non_signataire / sante : Mereoni Tawake
  policy_reform / opposition / bloc_souverainiste_non_signataire / sciences_technologies : Pachamama Sisa Willka
  policy_reform / opposition / bloc_souverainiste_non_signataire / societe : Kadiatou Sow
  policy_reform / opposition / bloc_souverainiste_non_signataire / sports : Sione Latu
  policy_reform / opposition / espace_eurasiatique / actualites_a_la_une : Aigul Sarsenova
  policy_reform / opposition / espace_eurasiatique / culture : Anahit Petrosyan
  policy_reform / opposition / espace_eurasiatique / economie_finance : Dmitri Volkov
  policy_reform / opposition / espace_eurasiatique / education : Farhod Karimov
  policy_reform / opposition / espace_eurasiatique / environnement_climat : Narantsetseg Bat-Erdene
  policy_reform / opposition / espace_eurasiatique / faits_divers : Timur Akhmetov
  policy_reform / opposition / espace_eurasiatique / histoire_patrimoine : Anahit Petrosyan
  policy_reform / opposition / espace_eurasiatique / international : Aigul Sarsenova
  policy_reform / opposition / espace_eurasiatique / lifestyle_art_de_vivre : Anahit Petrosyan
  policy_reform / opposition / espace_eurasiatique / medias_communication : Dmitri Volkov
  policy_reform / opposition / espace_eurasiatique / meteo : Narantsetseg Bat-Erdene
  policy_reform / opposition / espace_eurasiatique / musique : Anahit Petrosyan
  policy_reform / opposition / espace_eurasiatique / opinions_editoriaux : Aigul Sarsenova
  policy_reform / opposition / espace_eurasiatique / petites_annonces_services : Timur Akhmetov
  policy_reform / opposition / espace_eurasiatique / politique : Aigul Sarsenova
  policy_reform / opposition / espace_eurasiatique / religion_spiritualite : Farhod Karimov
  policy_reform / opposition / espace_eurasiatique / sante : Narantsetseg Bat-Erdene
  policy_reform / opposition / espace_eurasiatique / sciences_technologies : Dmitri Volkov
  policy_reform / opposition / espace_eurasiatique / societe : Farhod Karimov
  policy_reform / opposition / espace_eurasiatique / sports : Timur Akhmetov
  policy_reform / opposition / europe_nord_ouest / actualites_a_la_une : Femke de Vries
  policy_reform / opposition / europe_nord_ouest / culture : Saskia Meijer
  policy_reform / opposition / europe_nord_ouest / economie_finance : Jeroen van Leeuwen
  policy_reform / opposition / europe_nord_ouest / education : Amina El Amrani
  policy_reform / opposition / europe_nord_ouest / environnement_climat : Pieter Bakker
  policy_reform / opposition / europe_nord_ouest / faits_divers : Saskia Meijer
  policy_reform / opposition / europe_nord_ouest / histoire_patrimoine : Saskia Meijer
  policy_reform / opposition / europe_nord_ouest / international : Saskia Meijer
  policy_reform / opposition / europe_nord_ouest / lifestyle_art_de_vivre : Daan Verhoeven
  policy_reform / opposition / europe_nord_ouest / medias_communication : Jeroen van Leeuwen
  policy_reform / opposition / europe_nord_ouest / meteo : Pieter Bakker
  policy_reform / opposition / europe_nord_ouest / musique : Daan Verhoeven
  policy_reform / opposition / europe_nord_ouest / opinions_editoriaux : Femke de Vries
  policy_reform / opposition / europe_nord_ouest / petites_annonces_services : Daan Verhoeven
  policy_reform / opposition / europe_nord_ouest / politique : Femke de Vries
  policy_reform / opposition / europe_nord_ouest / religion_spiritualite : Amina El Amrani
  policy_reform / opposition / europe_nord_ouest / sante : Pieter Bakker
  policy_reform / opposition / europe_nord_ouest / sciences_technologies : Jeroen van Leeuwen
  policy_reform / opposition / europe_nord_ouest / societe : Amina El Amrani
  policy_reform / opposition / europe_nord_ouest / sports : Daan Verhoeven
  policy_reform / opposition / hub_africain_gouvernance / actualites_a_la_une : Wanjiru Mwangi
  policy_reform / opposition / hub_africain_gouvernance / culture : Dieudonné Mbemba
  policy_reform / opposition / hub_africain_gouvernance / economie_finance : Jean-Baptiste Nkurunziza
  policy_reform / opposition / hub_africain_gouvernance / education : Aline Umutoni
  policy_reform / opposition / hub_africain_gouvernance / environnement_climat : Chantal Moukoko
  policy_reform / opposition / hub_africain_gouvernance / faits_divers : Dieudonné Mbemba
  policy_reform / opposition / hub_africain_gouvernance / histoire_patrimoine : Dieudonné Mbemba
  policy_reform / opposition / hub_africain_gouvernance / international : Jean-Baptiste Nkurunziza
  policy_reform / opposition / hub_africain_gouvernance / lifestyle_art_de_vivre : Asha Odhiambo
  policy_reform / opposition / hub_africain_gouvernance / medias_communication : Dieudonné Mbemba
  policy_reform / opposition / hub_africain_gouvernance / meteo : Chantal Moukoko
  policy_reform / opposition / hub_africain_gouvernance / musique : Asha Odhiambo
  policy_reform / opposition / hub_africain_gouvernance / opinions_editoriaux : Wanjiru Mwangi
  policy_reform / opposition / hub_africain_gouvernance / petites_annonces_services : Asha Odhiambo
  policy_reform / opposition / hub_africain_gouvernance / politique : Wanjiru Mwangi
  policy_reform / opposition / hub_africain_gouvernance / religion_spiritualite : Aline Umutoni
  policy_reform / opposition / hub_africain_gouvernance / sante : Chantal Moukoko
  policy_reform / opposition / hub_africain_gouvernance / sciences_technologies : Jean-Baptiste Nkurunziza
  policy_reform / opposition / hub_africain_gouvernance / societe : Aline Umutoni
  policy_reform / opposition / hub_africain_gouvernance / sports : Asha Odhiambo
  policy_reform / opposition / hub_europeen_regulation / actualites_a_la_une : Camille Favre
  policy_reform / opposition / hub_europeen_regulation / culture : Nadia Berset
  policy_reform / opposition / hub_europeen_regulation / economie_finance : Maarten de Jong
  policy_reform / opposition / hub_europeen_regulation / education : Élise van den Berg
  policy_reform / opposition / hub_europeen_regulation / environnement_climat : Léa Morand
  policy_reform / opposition / hub_europeen_regulation / faits_divers : Juhani Laakso
  policy_reform / opposition / hub_europeen_regulation / histoire_patrimoine : Juhani Laakso
  policy_reform / opposition / hub_europeen_regulation / international : Juhani Laakso
  policy_reform / opposition / hub_europeen_regulation / lifestyle_art_de_vivre : Nadia Berset
  policy_reform / opposition / hub_europeen_regulation / medias_communication : Maarten de Jong
  policy_reform / opposition / hub_europeen_regulation / meteo : Léa Morand
  policy_reform / opposition / hub_europeen_regulation / musique : Nadia Berset
  policy_reform / opposition / hub_europeen_regulation / opinions_editoriaux : Camille Favre
  policy_reform / opposition / hub_europeen_regulation / petites_annonces_services : Nadia Berset
  policy_reform / opposition / hub_europeen_regulation / politique : Camille Favre
  policy_reform / opposition / hub_europeen_regulation / religion_spiritualite : Élise van den Berg
  policy_reform / opposition / hub_europeen_regulation / sante : Léa Morand
  policy_reform / opposition / hub_europeen_regulation / sciences_technologies : Maarten de Jong
  policy_reform / opposition / hub_europeen_regulation / societe : Élise van den Berg
  policy_reform / opposition / hub_europeen_regulation / sports : Nadia Berset
  policy_reform / opposition / madagascar_insulaire / actualites_a_la_une : Hery Rakotomalala
  policy_reform / opposition / madagascar_insulaire / culture : Lalao Razafindrakoto
  policy_reform / opposition / madagascar_insulaire / economie_finance : Voahangy Rasoanirina
  policy_reform / opposition / madagascar_insulaire / education : Mialy Andriatsitohaina
  policy_reform / opposition / madagascar_insulaire / environnement_climat : Mialy Andriatsitohaina
  policy_reform / opposition / madagascar_insulaire / faits_divers : Toky Randrianarisoa
  policy_reform / opposition / madagascar_insulaire / histoire_patrimoine : Lalao Razafindrakoto
  policy_reform / opposition / madagascar_insulaire / international : Voahangy Rasoanirina
  policy_reform / opposition / madagascar_insulaire / lifestyle_art_de_vivre : Tiana Raveloson
  policy_reform / opposition / madagascar_insulaire / medias_communication : Toky Randrianarisoa
  policy_reform / opposition / madagascar_insulaire / meteo : Tiana Raveloson
  policy_reform / opposition / madagascar_insulaire / musique : Lalao Razafindrakoto
  policy_reform / opposition / madagascar_insulaire / opinions_editoriaux : Hery Rakotomalala
  policy_reform / opposition / madagascar_insulaire / petites_annonces_services : Tiana Raveloson
  policy_reform / opposition / madagascar_insulaire / politique : Hery Rakotomalala
  policy_reform / opposition / madagascar_insulaire / religion_spiritualite : Lalao Razafindrakoto
  policy_reform / opposition / madagascar_insulaire / sante : Mialy Andriatsitohaina
  policy_reform / opposition / madagascar_insulaire / sciences_technologies : Voahangy Rasoanirina
  policy_reform / opposition / madagascar_insulaire / societe : Toky Randrianarisoa
  policy_reform / opposition / madagascar_insulaire / sports : Tiana Raveloson
  policy_reform / opposition / maghreb_atlantique / actualites_a_la_une : Salma El Fassi
  policy_reform / opposition / maghreb_atlantique / culture : Nadia Bouziane
  policy_reform / opposition / maghreb_atlantique / economie_finance : Youssef Benkirane
  policy_reform / opposition / maghreb_atlantique / education : Mehdi Cherkaoui
  policy_reform / opposition / maghreb_atlantique / environnement_climat : Amina Aït Haddou
  policy_reform / opposition / maghreb_atlantique / faits_divers : Mehdi Cherkaoui
  policy_reform / opposition / maghreb_atlantique / histoire_patrimoine : Nadia Bouziane
  policy_reform / opposition / maghreb_atlantique / international : Salma El Fassi
  policy_reform / opposition / maghreb_atlantique / lifestyle_art_de_vivre : Nadia Bouziane
  policy_reform / opposition / maghreb_atlantique / medias_communication : Youssef Benkirane
  policy_reform / opposition / maghreb_atlantique / meteo : Amina Aït Haddou
  policy_reform / opposition / maghreb_atlantique / musique : Nadia Bouziane
  policy_reform / opposition / maghreb_atlantique / opinions_editoriaux : Salma El Fassi
  policy_reform / opposition / maghreb_atlantique / petites_annonces_services : Rachid El Amrani
  policy_reform / opposition / maghreb_atlantique / politique : Salma El Fassi
  policy_reform / opposition / maghreb_atlantique / religion_spiritualite : Mehdi Cherkaoui
  policy_reform / opposition / maghreb_atlantique / sante : Amina Aït Haddou
  policy_reform / opposition / maghreb_atlantique / sciences_technologies : Youssef Benkirane
  policy_reform / opposition / maghreb_atlantique / societe : Mehdi Cherkaoui
  policy_reform / opposition / maghreb_atlantique / sports : Rachid El Amrani
  policy_reform / opposition / maurice_hub_financier / actualites_a_la_une : Anoushka Beeharry
  policy_reform / opposition / maurice_hub_financier / culture : Asha Bundhoo
  policy_reform / opposition / maurice_hub_financier / economie_finance : Vikash Ramgoolam
  policy_reform / opposition / maurice_hub_financier / education : Nadia Jeetun
  policy_reform / opposition / maurice_hub_financier / environnement_climat : Jean-Michel Appadoo
  policy_reform / opposition / maurice_hub_financier / faits_divers : Jean-Michel Appadoo
  policy_reform / opposition / maurice_hub_financier / histoire_patrimoine : Keshav Gungah
  policy_reform / opposition / maurice_hub_financier / international : Vikash Ramgoolam
  policy_reform / opposition / maurice_hub_financier / lifestyle_art_de_vivre : Asha Bundhoo
  policy_reform / opposition / maurice_hub_financier / medias_communication : Keshav Gungah
  policy_reform / opposition / maurice_hub_financier / meteo : Jean-Michel Appadoo
  policy_reform / opposition / maurice_hub_financier / musique : Asha Bundhoo
  policy_reform / opposition / maurice_hub_financier / opinions_editoriaux : Anoushka Beeharry
  policy_reform / opposition / maurice_hub_financier / petites_annonces_services : Keshav Gungah
  policy_reform / opposition / maurice_hub_financier / politique : Anoushka Beeharry
  policy_reform / opposition / maurice_hub_financier / religion_spiritualite : Asha Bundhoo
  policy_reform / opposition / maurice_hub_financier / sante : Nadia Jeetun
  policy_reform / opposition / maurice_hub_financier / sciences_technologies : Vikash Ramgoolam
  policy_reform / opposition / maurice_hub_financier / societe : Nadia Jeetun
  policy_reform / opposition / maurice_hub_financier / sports : Keshav Gungah
  policy_reform / opposition / royaume_uni_autonome / actualites_a_la_une : Eilidh MacLeod
  policy_reform / opposition / royaume_uni_autonome / culture : Cerys Morgan
  policy_reform / opposition / royaume_uni_autonome / economie_finance : Gwilym ap Dafydd
  policy_reform / opposition / royaume_uni_autonome / education : Siobhán O'Neill
  policy_reform / opposition / royaume_uni_autonome / environnement_climat : Tariq Hussain
  policy_reform / opposition / royaume_uni_autonome / faits_divers : Siobhán O'Neill
  policy_reform / opposition / royaume_uni_autonome / histoire_patrimoine : Cerys Morgan
  policy_reform / opposition / royaume_uni_autonome / international : Eilidh MacLeod
  policy_reform / opposition / royaume_uni_autonome / lifestyle_art_de_vivre : Cerys Morgan
  policy_reform / opposition / royaume_uni_autonome / medias_communication : Gwilym ap Dafydd
  policy_reform / opposition / royaume_uni_autonome / meteo : Tariq Hussain
  policy_reform / opposition / royaume_uni_autonome / musique : Cerys Morgan
  policy_reform / opposition / royaume_uni_autonome / opinions_editoriaux : Eilidh MacLeod
  policy_reform / opposition / royaume_uni_autonome / petites_annonces_services : Alasdair Campbell
  policy_reform / opposition / royaume_uni_autonome / politique : Eilidh MacLeod
  policy_reform / opposition / royaume_uni_autonome / religion_spiritualite : Siobhán O'Neill
  policy_reform / opposition / royaume_uni_autonome / sante : Tariq Hussain
  policy_reform / opposition / royaume_uni_autonome / sciences_technologies : Gwilym ap Dafydd
  policy_reform / opposition / royaume_uni_autonome / sports : Alasdair Campbell
  policy_reform / opposition / sri_lanka_hub_maritime / actualites_a_la_une : Anjali Perera
  policy_reform / opposition / sri_lanka_hub_maritime / culture : Suresh Kumarasinghe
  policy_reform / opposition / sri_lanka_hub_maritime / economie_finance : Tharindu Jayawardena
  policy_reform / opposition / sri_lanka_hub_maritime / education : Farzana Haniffa
  policy_reform / opposition / sri_lanka_hub_maritime / environnement_climat : Meena Arulpragasam
  policy_reform / opposition / sri_lanka_hub_maritime / faits_divers : Farzana Haniffa
  policy_reform / opposition / sri_lanka_hub_maritime / histoire_patrimoine : Suresh Kumarasinghe
  policy_reform / opposition / sri_lanka_hub_maritime / international : Anjali Perera
  policy_reform / opposition / sri_lanka_hub_maritime / lifestyle_art_de_vivre : Suresh Kumarasinghe
  policy_reform / opposition / sri_lanka_hub_maritime / medias_communication : Tharindu Jayawardena
  policy_reform / opposition / sri_lanka_hub_maritime / meteo : Meena Arulpragasam
  policy_reform / opposition / sri_lanka_hub_maritime / musique : Suresh Kumarasinghe
  policy_reform / opposition / sri_lanka_hub_maritime / opinions_editoriaux : Anjali Perera
  policy_reform / opposition / sri_lanka_hub_maritime / petites_annonces_services : Nuwan Senanayake
  policy_reform / opposition / sri_lanka_hub_maritime / politique : Anjali Perera
  policy_reform / opposition / sri_lanka_hub_maritime / religion_spiritualite : Farzana Haniffa
  policy_reform / opposition / sri_lanka_hub_maritime / sante : Meena Arulpragasam
  policy_reform / opposition / sri_lanka_hub_maritime / sciences_technologies : Tharindu Jayawardena
  policy_reform / opposition / sri_lanka_hub_maritime / societe : Farzana Haniffa
  policy_reform / opposition / sri_lanka_hub_maritime / sports : Nuwan Senanayake
  policy_reform / opposition / zone_moyen_orient_golfe / actualites_a_la_une : Layla Al-Mansouri
  policy_reform / opposition / zone_moyen_orient_golfe / culture : Maryam Al-Bahrani
  policy_reform / opposition / zone_moyen_orient_golfe / economie_finance : Reza Farahani
  policy_reform / opposition / zone_moyen_orient_golfe / education : Sami Haddad
  policy_reform / opposition / zone_moyen_orient_golfe / environnement_climat : Noura Al-Kuwari
  policy_reform / opposition / zone_moyen_orient_golfe / faits_divers : Sami Haddad
  policy_reform / opposition / zone_moyen_orient_golfe / histoire_patrimoine : Maryam Al-Bahrani
  policy_reform / opposition / zone_moyen_orient_golfe / international : Layla Al-Mansouri
  policy_reform / opposition / zone_moyen_orient_golfe / lifestyle_art_de_vivre : Maryam Al-Bahrani
  policy_reform / opposition / zone_moyen_orient_golfe / medias_communication : Reza Farahani
  policy_reform / opposition / zone_moyen_orient_golfe / meteo : Noura Al-Kuwari
  policy_reform / opposition / zone_moyen_orient_golfe / musique : Maryam Al-Bahrani
  policy_reform / opposition / zone_moyen_orient_golfe / opinions_editoriaux : Layla Al-Mansouri
  policy_reform / opposition / zone_moyen_orient_golfe / petites_annonces_services : Khaled Al-Nuaimi
  policy_reform / opposition / zone_moyen_orient_golfe / politique : Layla Al-Mansouri
  policy_reform / opposition / zone_moyen_orient_golfe / religion_spiritualite : Sami Haddad
  policy_reform / opposition / zone_moyen_orient_golfe / sante : Noura Al-Kuwari
  policy_reform / opposition / zone_moyen_orient_golfe / sciences_technologies : Reza Farahani
  policy_reform / opposition / zone_moyen_orient_golfe / sports : Khaled Al-Nuaimi
  policy_reform / opposition / zone_pacifique_industrielle / actualites_a_la_une : Moana Teri'i
  policy_reform / opposition / zone_pacifique_industrielle / culture : Sione Mā'afu
  policy_reform / opposition / zone_pacifique_industrielle / economie_finance : Lani Tufuga
  policy_reform / opposition / zone_pacifique_industrielle / education : Aroha Rangi
  policy_reform / opposition / zone_pacifique_industrielle / environnement_climat : Hiroshi Takeda
  policy_reform / opposition / zone_pacifique_industrielle / faits_divers : Aroha Rangi
  policy_reform / opposition / zone_pacifique_industrielle / histoire_patrimoine : Mereana Vaka
  policy_reform / opposition / zone_pacifique_industrielle / international : Moana Teri'i
  policy_reform / opposition / zone_pacifique_industrielle / lifestyle_art_de_vivre : Sione Mā'afu
  policy_reform / opposition / zone_pacifique_industrielle / medias_communication : Lani Tufuga
  policy_reform / opposition / zone_pacifique_industrielle / meteo : Hiroshi Takeda
  policy_reform / opposition / zone_pacifique_industrielle / musique : Sione Mā'afu
  policy_reform / opposition / zone_pacifique_industrielle / opinions_editoriaux : Moana Teri'i
  policy_reform / opposition / zone_pacifique_industrielle / petites_annonces_services : Aroha Rangi
  policy_reform / opposition / zone_pacifique_industrielle / politique : Moana Teri'i
  policy_reform / opposition / zone_pacifique_industrielle / religion_spiritualite : Mereana Vaka
  policy_reform / opposition / zone_pacifique_industrielle / sante : Hiroshi Takeda
  policy_reform / opposition / zone_pacifique_industrielle / sciences_technologies : Lani Tufuga
  policy_reform / opposition / zone_pacifique_industrielle / sports : Sione Mā'afu
  policy_reform / pro_pouvoir / afrique_australe_reformee / actualites_a_la_une : Thandiwe Mokoena
  policy_reform / pro_pouvoir / afrique_australe_reformee / culture : Kagiso Molefe
  policy_reform / pro_pouvoir / afrique_australe_reformee / economie_finance : Sipho Dlamini
  policy_reform / pro_pouvoir / afrique_australe_reformee / education : Ayesha Naidoo
  policy_reform / pro_pouvoir / afrique_australe_reformee / environnement_climat : Naledi Khumalo
  policy_reform / pro_pouvoir / afrique_australe_reformee / faits_divers : Lindiwe Jacobs
  policy_reform / pro_pouvoir / afrique_australe_reformee / histoire_patrimoine : Kagiso Molefe
  policy_reform / pro_pouvoir / afrique_australe_reformee / international : Thandiwe Mokoena
  policy_reform / pro_pouvoir / afrique_australe_reformee / lifestyle_art_de_vivre : Lindiwe Jacobs
  policy_reform / pro_pouvoir / afrique_australe_reformee / medias_communication : Sipho Dlamini
  policy_reform / pro_pouvoir / afrique_australe_reformee / meteo : Naledi Khumalo
  policy_reform / pro_pouvoir / afrique_australe_reformee / musique : Kagiso Molefe
  policy_reform / pro_pouvoir / afrique_australe_reformee / opinions_editoriaux : Thandiwe Mokoena
  policy_reform / pro_pouvoir / afrique_australe_reformee / petites_annonces_services : Ayesha Naidoo
  policy_reform / pro_pouvoir / afrique_australe_reformee / politique : Thandiwe Mokoena
  policy_reform / pro_pouvoir / afrique_australe_reformee / religion_spiritualite : Kagiso Molefe
  policy_reform / pro_pouvoir / afrique_australe_reformee / sante : Naledi Khumalo
  policy_reform / pro_pouvoir / afrique_australe_reformee / sciences_technologies : Sipho Dlamini
  policy_reform / pro_pouvoir / afrique_australe_reformee / societe : Ayesha Naidoo
  policy_reform / pro_pouvoir / afrique_australe_reformee / sports : Lindiwe Jacobs
  policy_reform / pro_pouvoir / ameriques_reformees / actualites_a_la_une : Maya Redbird Johnson
  policy_reform / pro_pouvoir / ameriques_reformees / culture : Hannah Yazzie
  policy_reform / pro_pouvoir / ameriques_reformees / economie_finance : Elias Whitmore
  policy_reform / pro_pouvoir / ameriques_reformees / education : Sofia Martínez-King
  policy_reform / pro_pouvoir / ameriques_reformees / environnement_climat : DeShawn Okafor
  policy_reform / pro_pouvoir / ameriques_reformees / faits_divers : Caleb Nguyen
  policy_reform / pro_pouvoir / ameriques_reformees / histoire_patrimoine : Maya Redbird Johnson
  policy_reform / pro_pouvoir / ameriques_reformees / international : DeShawn Okafor
  policy_reform / pro_pouvoir / ameriques_reformees / lifestyle_art_de_vivre : Sofia Martínez-King
  policy_reform / pro_pouvoir / ameriques_reformees / medias_communication : Elias Whitmore
  policy_reform / pro_pouvoir / ameriques_reformees / meteo : DeShawn Okafor
  policy_reform / pro_pouvoir / ameriques_reformees / musique : Hannah Yazzie
  policy_reform / pro_pouvoir / ameriques_reformees / opinions_editoriaux : Maya Redbird Johnson
  policy_reform / pro_pouvoir / ameriques_reformees / petites_annonces_services : Caleb Nguyen
  policy_reform / pro_pouvoir / ameriques_reformees / politique : Maya Redbird Johnson
  policy_reform / pro_pouvoir / ameriques_reformees / religion_spiritualite : Hannah Yazzie
  policy_reform / pro_pouvoir / ameriques_reformees / sante : Sofia Martínez-King
  policy_reform / pro_pouvoir / ameriques_reformees / sciences_technologies : Elias Whitmore
  policy_reform / pro_pouvoir / ameriques_reformees / societe : Sofia Martínez-King
  policy_reform / pro_pouvoir / ameriques_reformees / sports : Caleb Nguyen
  policy_reform / pro_pouvoir / archipel_comores_autonome / actualites_a_la_une : Saïd Ali Mchangama
  policy_reform / pro_pouvoir / archipel_comores_autonome / culture : Halima Bacar
  policy_reform / pro_pouvoir / archipel_comores_autonome / economie_finance : Mariama Soilihi
  policy_reform / pro_pouvoir / archipel_comores_autonome / education : Nassur Abdallah
  policy_reform / pro_pouvoir / archipel_comores_autonome / environnement_climat : Nassur Abdallah
  policy_reform / pro_pouvoir / archipel_comores_autonome / faits_divers : Faïza Madi
  policy_reform / pro_pouvoir / archipel_comores_autonome / histoire_patrimoine : Halima Bacar
  policy_reform / pro_pouvoir / archipel_comores_autonome / international : Saïd Ali Mchangama
  policy_reform / pro_pouvoir / archipel_comores_autonome / lifestyle_art_de_vivre : Youssouf Djoumoi
  policy_reform / pro_pouvoir / archipel_comores_autonome / medias_communication : Mariama Soilihi
  policy_reform / pro_pouvoir / archipel_comores_autonome / meteo : Faïza Madi
  policy_reform / pro_pouvoir / archipel_comores_autonome / musique : Youssouf Djoumoi
  policy_reform / pro_pouvoir / archipel_comores_autonome / opinions_editoriaux : Saïd Ali Mchangama
  policy_reform / pro_pouvoir / archipel_comores_autonome / petites_annonces_services : Faïza Madi
  policy_reform / pro_pouvoir / archipel_comores_autonome / politique : Saïd Ali Mchangama
  policy_reform / pro_pouvoir / archipel_comores_autonome / religion_spiritualite : Halima Bacar
  policy_reform / pro_pouvoir / archipel_comores_autonome / sante : Nassur Abdallah
  policy_reform / pro_pouvoir / archipel_comores_autonome / sciences_technologies : Mariama Soilihi
  policy_reform / pro_pouvoir / archipel_comores_autonome / societe : Halima Bacar
  policy_reform / pro_pouvoir / archipel_comores_autonome / sports : Youssouf Djoumoi
  policy_reform / pro_pouvoir / bloc_souverainiste_non_signataire / actualites_a_la_une : Aïssata Maïga
  policy_reform / pro_pouvoir / bloc_souverainiste_non_signataire / culture : Killa Huamán
  policy_reform / pro_pouvoir / bloc_souverainiste_non_signataire / economie_finance : Inti Quispe Mamani
  policy_reform / pro_pouvoir / bloc_souverainiste_non_signataire / education : Malia Tuiasosopo
  policy_reform / pro_pouvoir / bloc_souverainiste_non_signataire / environnement_climat : Inti Quispe Mamani
  policy_reform / pro_pouvoir / bloc_souverainiste_non_signataire / faits_divers : Oumarou Diallo
  policy_reform / pro_pouvoir / bloc_souverainiste_non_signataire / histoire_patrimoine : Inti Quispe Mamani
  policy_reform / pro_pouvoir / bloc_souverainiste_non_signataire / international : Aïssata Maïga
  policy_reform / pro_pouvoir / bloc_souverainiste_non_signataire / lifestyle_art_de_vivre : Killa Huamán
  policy_reform / pro_pouvoir / bloc_souverainiste_non_signataire / medias_communication : Killa Huamán
  policy_reform / pro_pouvoir / bloc_souverainiste_non_signataire / meteo : Tavita Niumata
  policy_reform / pro_pouvoir / bloc_souverainiste_non_signataire / musique : Killa Huamán
  policy_reform / pro_pouvoir / bloc_souverainiste_non_signataire / opinions_editoriaux : Aïssata Maïga
  policy_reform / pro_pouvoir / bloc_souverainiste_non_signataire / petites_annonces_services : Tavita Niumata
  policy_reform / pro_pouvoir / bloc_souverainiste_non_signataire / politique : Aïssata Maïga
  policy_reform / pro_pouvoir / bloc_souverainiste_non_signataire / religion_spiritualite : Oumarou Diallo
  policy_reform / pro_pouvoir / bloc_souverainiste_non_signataire / sante : Malia Tuiasosopo
  policy_reform / pro_pouvoir / bloc_souverainiste_non_signataire / sciences_technologies : Malia Tuiasosopo
  policy_reform / pro_pouvoir / bloc_souverainiste_non_signataire / societe : Oumarou Diallo
  policy_reform / pro_pouvoir / bloc_souverainiste_non_signataire / sports : Tavita Niumata
  policy_reform / pro_pouvoir / espace_eurasiatique / actualites_a_la_une : Anastasia Volkovа
  policy_reform / pro_pouvoir / espace_eurasiatique / culture : Nargiza Karimova
  policy_reform / pro_pouvoir / espace_eurasiatique / economie_finance : Yerlan Sadykov
  policy_reform / pro_pouvoir / espace_eurasiatique / education : Aygül Demir
  policy_reform / pro_pouvoir / espace_eurasiatique / environnement_climat : Liang Wen
  policy_reform / pro_pouvoir / espace_eurasiatique / faits_divers : Timur Batyrshin
  policy_reform / pro_pouvoir / espace_eurasiatique / histoire_patrimoine : Nargiza Karimova
  policy_reform / pro_pouvoir / espace_eurasiatique / international : Anastasia Volkovа
  policy_reform / pro_pouvoir / espace_eurasiatique / lifestyle_art_de_vivre : Nargiza Karimova
  policy_reform / pro_pouvoir / espace_eurasiatique / medias_communication : Yerlan Sadykov
  policy_reform / pro_pouvoir / espace_eurasiatique / meteo : Liang Wen
  policy_reform / pro_pouvoir / espace_eurasiatique / musique : Nargiza Karimova
  policy_reform / pro_pouvoir / espace_eurasiatique / opinions_editoriaux : Anastasia Volkovа
  policy_reform / pro_pouvoir / espace_eurasiatique / petites_annonces_services : Timur Batyrshin
  policy_reform / pro_pouvoir / espace_eurasiatique / politique : Anastasia Volkovа
  policy_reform / pro_pouvoir / espace_eurasiatique / religion_spiritualite : Aygül Demir
  policy_reform / pro_pouvoir / espace_eurasiatique / sante : Liang Wen
  policy_reform / pro_pouvoir / espace_eurasiatique / sciences_technologies : Yerlan Sadykov
  policy_reform / pro_pouvoir / espace_eurasiatique / societe : Aygül Demir
  policy_reform / pro_pouvoir / espace_eurasiatique / sports : Timur Batyrshin
  policy_reform / pro_pouvoir / europe_nord_ouest / actualites_a_la_une : Marieke van Dijk
  policy_reform / pro_pouvoir / europe_nord_ouest / culture : Anouk Bakker
  policy_reform / pro_pouvoir / europe_nord_ouest / economie_finance : Pieter de Graaf
  policy_reform / pro_pouvoir / europe_nord_ouest / education : Joris van Leeuwen
  policy_reform / pro_pouvoir / europe_nord_ouest / environnement_climat : Sanne Verhoeven
  policy_reform / pro_pouvoir / europe_nord_ouest / faits_divers : Daan Meijer
  policy_reform / pro_pouvoir / europe_nord_ouest / histoire_patrimoine : Anouk Bakker
  policy_reform / pro_pouvoir / europe_nord_ouest / international : Marieke van Dijk
  policy_reform / pro_pouvoir / europe_nord_ouest / lifestyle_art_de_vivre : Anouk Bakker
  policy_reform / pro_pouvoir / europe_nord_ouest / medias_communication : Pieter de Graaf
  policy_reform / pro_pouvoir / europe_nord_ouest / meteo : Sanne Verhoeven
  policy_reform / pro_pouvoir / europe_nord_ouest / musique : Anouk Bakker
  policy_reform / pro_pouvoir / europe_nord_ouest / opinions_editoriaux : Marieke van Dijk
  policy_reform / pro_pouvoir / europe_nord_ouest / petites_annonces_services : Daan Meijer
  policy_reform / pro_pouvoir / europe_nord_ouest / politique : Marieke van Dijk
  policy_reform / pro_pouvoir / europe_nord_ouest / religion_spiritualite : Joris van Leeuwen
  policy_reform / pro_pouvoir / europe_nord_ouest / sante : Sanne Verhoeven
  policy_reform / pro_pouvoir / europe_nord_ouest / sciences_technologies : Pieter de Graaf
  policy_reform / pro_pouvoir / europe_nord_ouest / societe : Joris van Leeuwen
  policy_reform / pro_pouvoir / europe_nord_ouest / sports : Daan Meijer
  policy_reform / pro_pouvoir / hub_africain_gouvernance / actualites_a_la_une : Amina Wanjiru
  policy_reform / pro_pouvoir / hub_africain_gouvernance / culture : Claudine Mukamana
  policy_reform / pro_pouvoir / hub_africain_gouvernance / economie_finance : Jean-Bosco Niyonsenga
  policy_reform / pro_pouvoir / hub_africain_gouvernance / education : Wairimu Otieno
  policy_reform / pro_pouvoir / hub_africain_gouvernance / environnement_climat : Grâce Mbemba
  policy_reform / pro_pouvoir / hub_africain_gouvernance / faits_divers : Patrick Mavoungou
  policy_reform / pro_pouvoir / hub_africain_gouvernance / histoire_patrimoine : Claudine Mukamana
  policy_reform / pro_pouvoir / hub_africain_gouvernance / international : Amina Wanjiru
  policy_reform / pro_pouvoir / hub_africain_gouvernance / lifestyle_art_de_vivre : Claudine Mukamana
  policy_reform / pro_pouvoir / hub_africain_gouvernance / medias_communication : Jean-Bosco Niyonsenga
  policy_reform / pro_pouvoir / hub_africain_gouvernance / meteo : Grâce Mbemba
  policy_reform / pro_pouvoir / hub_africain_gouvernance / musique : Claudine Mukamana
  policy_reform / pro_pouvoir / hub_africain_gouvernance / opinions_editoriaux : Amina Wanjiru
  policy_reform / pro_pouvoir / hub_africain_gouvernance / petites_annonces_services : Patrick Mavoungou
  policy_reform / pro_pouvoir / hub_africain_gouvernance / politique : Amina Wanjiru
  policy_reform / pro_pouvoir / hub_africain_gouvernance / religion_spiritualite : Wairimu Otieno
  policy_reform / pro_pouvoir / hub_africain_gouvernance / sante : Grâce Mbemba
  policy_reform / pro_pouvoir / hub_africain_gouvernance / sciences_technologies : Jean-Bosco Niyonsenga
  policy_reform / pro_pouvoir / hub_africain_gouvernance / societe : Wairimu Otieno
  policy_reform / pro_pouvoir / hub_africain_gouvernance / sports : Patrick Mavoungou
  policy_reform / pro_pouvoir / hub_europeen_regulation / actualites_a_la_une : Élodie Berset
  policy_reform / pro_pouvoir / hub_europeen_regulation / culture : Matthijs van der Meer
  policy_reform / pro_pouvoir / hub_europeen_regulation / economie_finance : Sanne de Vries
  policy_reform / pro_pouvoir / hub_europeen_regulation / education : Mikko Lehtinen
  policy_reform / pro_pouvoir / hub_europeen_regulation / environnement_climat : Aino Korhonen
  policy_reform / pro_pouvoir / hub_europeen_regulation / faits_divers : Noémie Favre
  policy_reform / pro_pouvoir / hub_europeen_regulation / histoire_patrimoine : Matthijs van der Meer
  policy_reform / pro_pouvoir / hub_europeen_regulation / international : Élodie Berset
  policy_reform / pro_pouvoir / hub_europeen_regulation / lifestyle_art_de_vivre : Matthijs van der Meer
  policy_reform / pro_pouvoir / hub_europeen_regulation / medias_communication : Sanne de Vries
  policy_reform / pro_pouvoir / hub_europeen_regulation / meteo : Aino Korhonen
  policy_reform / pro_pouvoir / hub_europeen_regulation / musique : Matthijs van der Meer
  policy_reform / pro_pouvoir / hub_europeen_regulation / opinions_editoriaux : Élodie Berset
  policy_reform / pro_pouvoir / hub_europeen_regulation / petites_annonces_services : Noémie Favre
  policy_reform / pro_pouvoir / hub_europeen_regulation / politique : Élodie Berset
  policy_reform / pro_pouvoir / hub_europeen_regulation / religion_spiritualite : Mikko Lehtinen
  policy_reform / pro_pouvoir / hub_europeen_regulation / sante : Aino Korhonen
  policy_reform / pro_pouvoir / hub_europeen_regulation / sciences_technologies : Sanne de Vries
  policy_reform / pro_pouvoir / hub_europeen_regulation / societe : Mikko Lehtinen
  policy_reform / pro_pouvoir / hub_europeen_regulation / sports : Noémie Favre
  policy_reform / pro_pouvoir / madagascar_insulaire / actualites_a_la_une : Andry Rakotoarisoa
  policy_reform / pro_pouvoir / madagascar_insulaire / culture : Noro Rasamimanana
  policy_reform / pro_pouvoir / madagascar_insulaire / economie_finance : Voahangy Raveloson
  policy_reform / pro_pouvoir / madagascar_insulaire / education : Hery Andrianjafy
  policy_reform / pro_pouvoir / madagascar_insulaire / environnement_climat : Hery Andrianjafy
  policy_reform / pro_pouvoir / madagascar_insulaire / faits_divers : Tojo Ratsimbazafy
  policy_reform / pro_pouvoir / madagascar_insulaire / histoire_patrimoine : Noro Rasamimanana
  policy_reform / pro_pouvoir / madagascar_insulaire / international : Andry Rakotoarisoa
  policy_reform / pro_pouvoir / madagascar_insulaire / lifestyle_art_de_vivre : Fanja Randriamamonjy
  policy_reform / pro_pouvoir / madagascar_insulaire / medias_communication : Voahangy Raveloson
  policy_reform / pro_pouvoir / madagascar_insulaire / meteo : Tojo Ratsimbazafy
  policy_reform / pro_pouvoir / madagascar_insulaire / musique : Fanja Randriamamonjy
  policy_reform / pro_pouvoir / madagascar_insulaire / opinions_editoriaux : Andry Rakotoarisoa
  policy_reform / pro_pouvoir / madagascar_insulaire / petites_annonces_services : Tojo Ratsimbazafy
  policy_reform / pro_pouvoir / madagascar_insulaire / politique : Andry Rakotoarisoa
  policy_reform / pro_pouvoir / madagascar_insulaire / religion_spiritualite : Noro Rasamimanana
  policy_reform / pro_pouvoir / madagascar_insulaire / sante : Hery Andrianjafy
  policy_reform / pro_pouvoir / madagascar_insulaire / sciences_technologies : Voahangy Raveloson
  policy_reform / pro_pouvoir / madagascar_insulaire / societe : Noro Rasamimanana
  policy_reform / pro_pouvoir / madagascar_insulaire / sports : Fanja Randriamamonjy
  policy_reform / pro_pouvoir / maghreb_atlantique / actualites_a_la_une : Yassine El Amrani
  policy_reform / pro_pouvoir / maghreb_atlantique / culture : Imane Zeroual
  policy_reform / pro_pouvoir / maghreb_atlantique / economie_finance : Salma Benkirane
  policy_reform / pro_pouvoir / maghreb_atlantique / education : Noura Aït Haddou
  policy_reform / pro_pouvoir / maghreb_atlantique / environnement_climat : Salma Benkirane
  policy_reform / pro_pouvoir / maghreb_atlantique / faits_divers : Karim Bensaïd
  policy_reform / pro_pouvoir / maghreb_atlantique / histoire_patrimoine : Imane Zeroual
  policy_reform / pro_pouvoir / maghreb_atlantique / international : Yassine El Amrani
  policy_reform / pro_pouvoir / maghreb_atlantique / lifestyle_art_de_vivre : Imane Zeroual
  policy_reform / pro_pouvoir / maghreb_atlantique / medias_communication : Karim Bensaïd
  policy_reform / pro_pouvoir / maghreb_atlantique / meteo : Salma Benkirane
  policy_reform / pro_pouvoir / maghreb_atlantique / musique : Imane Zeroual
  policy_reform / pro_pouvoir / maghreb_atlantique / opinions_editoriaux : Yassine El Amrani
  policy_reform / pro_pouvoir / maghreb_atlantique / petites_annonces_services : Mehdi Trabelsi
  policy_reform / pro_pouvoir / maghreb_atlantique / politique : Yassine El Amrani
  policy_reform / pro_pouvoir / maghreb_atlantique / religion_spiritualite : Mehdi Trabelsi
  policy_reform / pro_pouvoir / maghreb_atlantique / sante : Noura Aït Haddou
  policy_reform / pro_pouvoir / maghreb_atlantique / sciences_technologies : Noura Aït Haddou
  policy_reform / pro_pouvoir / maghreb_atlantique / societe : Mehdi Trabelsi
  policy_reform / pro_pouvoir / maghreb_atlantique / sports : Karim Bensaïd
  policy_reform / pro_pouvoir / maurice_hub_financier / actualites_a_la_une : Anjali Ramgoolam
  policy_reform / pro_pouvoir / maurice_hub_financier / culture : Claudine Ah-Kune
  policy_reform / pro_pouvoir / maurice_hub_financier / economie_finance : Vikash Jugnauth
  policy_reform / pro_pouvoir / maurice_hub_financier / education : Ameenah Boodhoo
  policy_reform / pro_pouvoir / maurice_hub_financier / environnement_climat : Ameenah Boodhoo
  policy_reform / pro_pouvoir / maurice_hub_financier / faits_divers : Nadia Toorabally
  policy_reform / pro_pouvoir / maurice_hub_financier / histoire_patrimoine : Claudine Ah-Kune
  policy_reform / pro_pouvoir / maurice_hub_financier / international : Anjali Ramgoolam
  policy_reform / pro_pouvoir / maurice_hub_financier / lifestyle_art_de_vivre : Jean-Daniel Perrine
  policy_reform / pro_pouvoir / maurice_hub_financier / medias_communication : Vikash Jugnauth
  policy_reform / pro_pouvoir / maurice_hub_financier / meteo : Nadia Toorabally
  policy_reform / pro_pouvoir / maurice_hub_financier / musique : Jean-Daniel Perrine
  policy_reform / pro_pouvoir / maurice_hub_financier / opinions_editoriaux : Anjali Ramgoolam
  policy_reform / pro_pouvoir / maurice_hub_financier / petites_annonces_services : Nadia Toorabally
  policy_reform / pro_pouvoir / maurice_hub_financier / politique : Anjali Ramgoolam
  policy_reform / pro_pouvoir / maurice_hub_financier / religion_spiritualite : Claudine Ah-Kune
  policy_reform / pro_pouvoir / maurice_hub_financier / sante : Ameenah Boodhoo
  policy_reform / pro_pouvoir / maurice_hub_financier / sciences_technologies : Vikash Jugnauth
  policy_reform / pro_pouvoir / maurice_hub_financier / societe : Claudine Ah-Kune
  policy_reform / pro_pouvoir / maurice_hub_financier / sports : Jean-Daniel Perrine
  policy_reform / pro_pouvoir / royaume_uni_autonome / actualites_a_la_une : Eleanor Hughes
  policy_reform / pro_pouvoir / royaume_uni_autonome / culture : Ciarán O'Neill
  policy_reform / pro_pouvoir / royaume_uni_autonome / education : Rhys ap Iorwerth
  policy_reform / pro_pouvoir / royaume_uni_autonome / environnement_climat : Eilidh Campbell
  policy_reform / pro_pouvoir / royaume_uni_autonome / faits_divers : Ciarán O'Neill
  policy_reform / pro_pouvoir / royaume_uni_autonome / histoire_patrimoine : Ciarán O'Neill
  policy_reform / pro_pouvoir / royaume_uni_autonome / lifestyle_art_de_vivre : Aisha Khan
  policy_reform / pro_pouvoir / royaume_uni_autonome / meteo : Alistair MacLeod
  policy_reform / pro_pouvoir / royaume_uni_autonome / musique : Aisha Khan
  policy_reform / pro_pouvoir / royaume_uni_autonome / opinions_editoriaux : Eleanor Hughes
  policy_reform / pro_pouvoir / royaume_uni_autonome / petites_annonces_services : Rhys ap Iorwerth
  policy_reform / pro_pouvoir / royaume_uni_autonome / religion_spiritualite : Ciarán O'Neill
  policy_reform / pro_pouvoir / royaume_uni_autonome / sante : Rhys ap Iorwerth
  policy_reform / pro_pouvoir / royaume_uni_autonome / sciences_technologies : Alistair MacLeod
  policy_reform / pro_pouvoir / royaume_uni_autonome / societe : Rhys ap Iorwerth
  policy_reform / pro_pouvoir / royaume_uni_autonome / sports : Aisha Khan
  policy_reform / pro_pouvoir / sri_lanka_hub_maritime / actualites_a_la_une : Anushka Perera
  policy_reform / pro_pouvoir / sri_lanka_hub_maritime / culture : Nuwan Wijesekera
  policy_reform / pro_pouvoir / sri_lanka_hub_maritime / economie_finance : Kavindi Jayawardena
  policy_reform / pro_pouvoir / sri_lanka_hub_maritime / education : Fathima Rizna Haniffa
  policy_reform / pro_pouvoir / sri_lanka_hub_maritime / environnement_climat : Arul Rajasingam
  policy_reform / pro_pouvoir / sri_lanka_hub_maritime / faits_divers : Dinesh Karunaratne
  policy_reform / pro_pouvoir / sri_lanka_hub_maritime / histoire_patrimoine : Nuwan Wijesekera
  policy_reform / pro_pouvoir / sri_lanka_hub_maritime / international : Anushka Perera
  policy_reform / pro_pouvoir / sri_lanka_hub_maritime / lifestyle_art_de_vivre : Nuwan Wijesekera
  policy_reform / pro_pouvoir / sri_lanka_hub_maritime / medias_communication : Kavindi Jayawardena
  policy_reform / pro_pouvoir / sri_lanka_hub_maritime / meteo : Arul Rajasingam
  policy_reform / pro_pouvoir / sri_lanka_hub_maritime / musique : Nuwan Wijesekera
  policy_reform / pro_pouvoir / sri_lanka_hub_maritime / opinions_editoriaux : Anushka Perera
  policy_reform / pro_pouvoir / sri_lanka_hub_maritime / petites_annonces_services : Fathima Rizna Haniffa
  policy_reform / pro_pouvoir / sri_lanka_hub_maritime / politique : Anushka Perera
  policy_reform / pro_pouvoir / sri_lanka_hub_maritime / religion_spiritualite : Fathima Rizna Haniffa
  policy_reform / pro_pouvoir / sri_lanka_hub_maritime / sante : Arul Rajasingam
  policy_reform / pro_pouvoir / sri_lanka_hub_maritime / sciences_technologies : Kavindi Jayawardena
  policy_reform / pro_pouvoir / sri_lanka_hub_maritime / societe : Fathima Rizna Haniffa
  policy_reform / pro_pouvoir / sri_lanka_hub_maritime / sports : Dinesh Karunaratne
  policy_reform / pro_pouvoir / zone_moyen_orient_golfe / actualites_a_la_une : Layla Al-Khatib
  policy_reform / pro_pouvoir / zone_moyen_orient_golfe / culture : Mariam Al-Nuaimi
  policy_reform / pro_pouvoir / zone_moyen_orient_golfe / education : Noa Ben-Ami
  policy_reform / pro_pouvoir / zone_moyen_orient_golfe / faits_divers : Youssef Al-Mansouri
  policy_reform / pro_pouvoir / zone_moyen_orient_golfe / histoire_patrimoine : Mariam Al-Nuaimi
  policy_reform / pro_pouvoir / zone_moyen_orient_golfe / lifestyle_art_de_vivre : Mariam Al-Nuaimi
  policy_reform / pro_pouvoir / zone_moyen_orient_golfe / medias_communication : Youssef Al-Mansouri
  policy_reform / pro_pouvoir / zone_moyen_orient_golfe / meteo : Reza Farhadi
  policy_reform / pro_pouvoir / zone_moyen_orient_golfe / musique : Mariam Al-Nuaimi
  policy_reform / pro_pouvoir / zone_moyen_orient_golfe / opinions_editoriaux : Layla Al-Khatib
  policy_reform / pro_pouvoir / zone_moyen_orient_golfe / petites_annonces_services : Youssef Al-Mansouri
  policy_reform / pro_pouvoir / zone_moyen_orient_golfe / religion_spiritualite : Noa Ben-Ami
  policy_reform / pro_pouvoir / zone_moyen_orient_golfe / sante : Noa Ben-Ami
  policy_reform / pro_pouvoir / zone_moyen_orient_golfe / sciences_technologies : Reza Farhadi
  policy_reform / pro_pouvoir / zone_moyen_orient_golfe / societe : Noa Ben-Ami
  policy_reform / pro_pouvoir / zone_moyen_orient_golfe / sports : Youssef Al-Mansouri
  policy_reform / pro_pouvoir / zone_pacifique_industrielle / actualites_a_la_une : Mele Tawake
  policy_reform / pro_pouvoir / zone_pacifique_industrielle / culture : Hemi Rangi
  policy_reform / pro_pouvoir / zone_pacifique_industrielle / education : Sione Latu
  policy_reform / pro_pouvoir / zone_pacifique_industrielle / faits_divers : Lani Kealoha
  policy_reform / pro_pouvoir / zone_pacifique_industrielle / histoire_patrimoine : Hemi Rangi
  policy_reform / pro_pouvoir / zone_pacifique_industrielle / international : Mele Tawake
  policy_reform / pro_pouvoir / zone_pacifique_industrielle / lifestyle_art_de_vivre : Lani Kealoha
  policy_reform / pro_pouvoir / zone_pacifique_industrielle / medias_communication : Lani Kealoha
  policy_reform / pro_pouvoir / zone_pacifique_industrielle / meteo : Aiko Nakamura
  policy_reform / pro_pouvoir / zone_pacifique_industrielle / musique : Hemi Rangi
  policy_reform / pro_pouvoir / zone_pacifique_industrielle / opinions_editoriaux : Mele Tawake
  policy_reform / pro_pouvoir / zone_pacifique_industrielle / petites_annonces_services : Sione Latu
  policy_reform / pro_pouvoir / zone_pacifique_industrielle / politique : Mele Tawake
  policy_reform / pro_pouvoir / zone_pacifique_industrielle / religion_spiritualite : Hemi Rangi
  policy_reform / pro_pouvoir / zone_pacifique_industrielle / sante : Sione Latu
  policy_reform / pro_pouvoir / zone_pacifique_industrielle / sports : Lani Kealoha
  reference / opposition / ameriques_multipolaires / actualites_a_la_une : María Fernanda Rojas
  reference / opposition / ameriques_multipolaires / culture : Malik Thompson
  reference / opposition / ameriques_multipolaires / economie_finance : João Pedro Azevedo
  reference / opposition / ameriques_multipolaires / education : Camila Antileo
  reference / opposition / ameriques_multipolaires / environnement_climat : Itzel Nahuelpan
  reference / opposition / ameriques_multipolaires / faits_divers : Valentina Quispe
  reference / opposition / ameriques_multipolaires / histoire_patrimoine : Malik Thompson
  reference / opposition / ameriques_multipolaires / international : Valentina Quispe
  reference / opposition / ameriques_multipolaires / lifestyle_art_de_vivre : Malik Thompson
  reference / opposition / ameriques_multipolaires / medias_communication : João Pedro Azevedo
  reference / opposition / ameriques_multipolaires / meteo : Itzel Nahuelpan
  reference / opposition / ameriques_multipolaires / musique : Malik Thompson
  reference / opposition / ameriques_multipolaires / opinions_editoriaux : María Fernanda Rojas
  reference / opposition / ameriques_multipolaires / petites_annonces_services : Valentina Quispe
  reference / opposition / ameriques_multipolaires / politique : María Fernanda Rojas
  reference / opposition / ameriques_multipolaires / religion_spiritualite : Camila Antileo
  reference / opposition / ameriques_multipolaires / sante : Itzel Nahuelpan
  reference / opposition / ameriques_multipolaires / sciences_technologies : João Pedro Azevedo
  reference / opposition / ameriques_multipolaires / societe : Camila Antileo
  reference / opposition / ameriques_multipolaires / sports : Valentina Quispe
  reference / opposition / bloc_eurasien_central / actualites_a_la_une : Aizhan Kenzhebayeva
  reference / opposition / bloc_eurasien_central / culture : Nikolai Ermakov
  reference / opposition / bloc_eurasien_central / economie_finance : Timur Beknazarov
  reference / opposition / bloc_eurasien_central / education : Madina Karimova
  reference / opposition / bloc_eurasien_central / environnement_climat : Sayan Turgunov
  reference / opposition / bloc_eurasien_central / faits_divers : Gulnara Tashmatova
  reference / opposition / bloc_eurasien_central / histoire_patrimoine : Nikolai Ermakov
  reference / opposition / bloc_eurasien_central / international : Gulnara Tashmatova
  reference / opposition / bloc_eurasien_central / lifestyle_art_de_vivre : Nikolai Ermakov
  reference / opposition / bloc_eurasien_central / medias_communication : Timur Beknazarov
  reference / opposition / bloc_eurasien_central / meteo : Sayan Turgunov
  reference / opposition / bloc_eurasien_central / musique : Nikolai Ermakov
  reference / opposition / bloc_eurasien_central / opinions_editoriaux : Aizhan Kenzhebayeva
  reference / opposition / bloc_eurasien_central / petites_annonces_services : Gulnara Tashmatova
  reference / opposition / bloc_eurasien_central / politique : Aizhan Kenzhebayeva
  reference / opposition / bloc_eurasien_central / religion_spiritualite : Madina Karimova
  reference / opposition / bloc_eurasien_central / sante : Sayan Turgunov
  reference / opposition / bloc_eurasien_central / sciences_technologies : Timur Beknazarov
  reference / opposition / bloc_eurasien_central / societe : Madina Karimova
  reference / opposition / bloc_eurasien_central / sports : Gulnara Tashmatova
  reference / opposition / bloc_persique_autonome / actualites_a_la_une : Leila Farrokhian
  reference / opposition / bloc_persique_autonome / culture : Reza Mahdavi
  reference / opposition / bloc_persique_autonome / economie_finance : Hassan al-Basri
  reference / opposition / bloc_persique_autonome / education : Mariam al-Kazimi
  reference / opposition / bloc_persique_autonome / environnement_climat : Narges Darvishi
  reference / opposition / bloc_persique_autonome / faits_divers : Sajad al-Ahwazi
  reference / opposition / bloc_persique_autonome / histoire_patrimoine : Mariam al-Kazimi
  reference / opposition / bloc_persique_autonome / international : Leila Farrokhian
  reference / opposition / bloc_persique_autonome / lifestyle_art_de_vivre : Reza Mahdavi
  reference / opposition / bloc_persique_autonome / medias_communication : Hassan al-Basri
  reference / opposition / bloc_persique_autonome / meteo : Narges Darvishi
  reference / opposition / bloc_persique_autonome / musique : Reza Mahdavi
  reference / opposition / bloc_persique_autonome / opinions_editoriaux : Leila Farrokhian
  reference / opposition / bloc_persique_autonome / petites_annonces_services : Sajad al-Ahwazi
  reference / opposition / bloc_persique_autonome / politique : Leila Farrokhian
  reference / opposition / bloc_persique_autonome / religion_spiritualite : Mariam al-Kazimi
  reference / opposition / bloc_persique_autonome / sante : Narges Darvishi
  reference / opposition / bloc_persique_autonome / sciences_technologies : Hassan al-Basri
  reference / opposition / bloc_persique_autonome / societe : Mariam al-Kazimi
  reference / opposition / bloc_persique_autonome / sports : Reza Mahdavi
  reference / opposition / corridor_arctique_nordique / actualites_a_la_une : Risten Máhtte Porsanger
  reference / opposition / corridor_arctique_nordique / culture : Sara Lindström
  reference / opposition / corridor_arctique_nordique / economie_finance : Aino Kivinen
  reference / opposition / corridor_arctique_nordique / education : Nuka Kleist
  reference / opposition / corridor_arctique_nordique / environnement_climat : Elle Márjá Gaup
  reference / opposition / corridor_arctique_nordique / faits_divers : Erikku Magga
  reference / opposition / corridor_arctique_nordique / histoire_patrimoine : Sara Lindström
  reference / opposition / corridor_arctique_nordique / international : Erikku Magga
  reference / opposition / corridor_arctique_nordique / lifestyle_art_de_vivre : Sara Lindström
  reference / opposition / corridor_arctique_nordique / medias_communication : Aino Kivinen
  reference / opposition / corridor_arctique_nordique / meteo : Elle Márjá Gaup
  reference / opposition / corridor_arctique_nordique / musique : Sara Lindström
  reference / opposition / corridor_arctique_nordique / opinions_editoriaux : Risten Máhtte Porsanger
  reference / opposition / corridor_arctique_nordique / petites_annonces_services : Erikku Magga
  reference / opposition / corridor_arctique_nordique / politique : Risten Máhtte Porsanger
  reference / opposition / corridor_arctique_nordique / religion_spiritualite : Nuka Kleist
  reference / opposition / corridor_arctique_nordique / sante : Elle Márjá Gaup
  reference / opposition / corridor_arctique_nordique / sciences_technologies : Aino Kivinen
  reference / opposition / corridor_arctique_nordique / societe : Nuka Kleist
  reference / opposition / corridor_arctique_nordique / sports : Erikku Magga
  reference / opposition / ecosse_nordique_independante / culture : Isla Sutherland
  reference / opposition / ecosse_nordique_independante / economie_finance : Ewan Sinclair
  reference / opposition / ecosse_nordique_independante / education : Fiona Gunn
  reference / opposition / ecosse_nordique_independante / environnement_climat : Ewan Sinclair
  reference / opposition / ecosse_nordique_independante / faits_divers : Niall Fraser
  reference / opposition / ecosse_nordique_independante / histoire_patrimoine : Callum MacAskill
  reference / opposition / ecosse_nordique_independante / international : Callum MacAskill
  reference / opposition / ecosse_nordique_independante / lifestyle_art_de_vivre : Isla Sutherland
  reference / opposition / ecosse_nordique_independante / medias_communication : Catriona MacInnes
  reference / opposition / ecosse_nordique_independante / meteo : Ewan Sinclair
  reference / opposition / ecosse_nordique_independante / musique : Isla Sutherland
  reference / opposition / ecosse_nordique_independante / opinions_editoriaux : Catriona MacInnes
  reference / opposition / ecosse_nordique_independante / petites_annonces_services : Fiona Gunn
  reference / opposition / ecosse_nordique_independante / politique : Catriona MacInnes
  reference / opposition / ecosse_nordique_independante / religion_spiritualite : Callum MacAskill
  reference / opposition / ecosse_nordique_independante / sante : Fiona Gunn
  reference / opposition / ecosse_nordique_independante / sciences_technologies : Ewan Sinclair
  reference / opposition / ecosse_nordique_independante / societe : Fiona Gunn
  reference / opposition / ecosse_nordique_independante / sports : Niall Fraser
  reference / opposition / europe_occidentale_reconstructee / actualites_a_la_une : Amélie Van den Broeck
  reference / opposition / europe_occidentale_reconstructee / culture : Clara Le Gall
  reference / opposition / europe_occidentale_reconstructee / economie_finance : Luca Conti
  reference / opposition / europe_occidentale_reconstructee / education : Inès Carvalho
  reference / opposition / europe_occidentale_reconstructee / environnement_climat : Salomé Meier
  reference / opposition / europe_occidentale_reconstructee / faits_divers : Matthis Koller
  reference / opposition / europe_occidentale_reconstructee / histoire_patrimoine : Clara Le Gall
  reference / opposition / europe_occidentale_reconstructee / international : Amélie Van den Broeck
  reference / opposition / europe_occidentale_reconstructee / lifestyle_art_de_vivre : Clara Le Gall
  reference / opposition / europe_occidentale_reconstructee / medias_communication : Luca Conti
  reference / opposition / europe_occidentale_reconstructee / meteo : Salomé Meier
  reference / opposition / europe_occidentale_reconstructee / musique : Clara Le Gall
  reference / opposition / europe_occidentale_reconstructee / opinions_editoriaux : Amélie Van den Broeck
  reference / opposition / europe_occidentale_reconstructee / petites_annonces_services : Matthis Koller
  reference / opposition / europe_occidentale_reconstructee / politique : Amélie Van den Broeck
  reference / opposition / europe_occidentale_reconstructee / religion_spiritualite : Inès Carvalho
  reference / opposition / europe_occidentale_reconstructee / sante : Salomé Meier
  reference / opposition / europe_occidentale_reconstructee / sciences_technologies : Luca Conti
  reference / opposition / europe_occidentale_reconstructee / societe : Inès Carvalho
  reference / opposition / europe_occidentale_reconstructee / sports : Matthis Koller
  reference / opposition / indo_pacifique_emergent / actualites_a_la_une : Asha Rahman
  reference / opposition / indo_pacifique_emergent / culture : Rahul Chen
  reference / opposition / indo_pacifique_emergent / economie_finance : Arjun Nair
  reference / opposition / indo_pacifique_emergent / education : Lê Minh Anh
  reference / opposition / indo_pacifique_emergent / environnement_climat : Nurul Hidayah
  reference / opposition / indo_pacifique_emergent / faits_divers : Asha Rahman
  reference / opposition / indo_pacifique_emergent / histoire_patrimoine : Lê Minh Anh
  reference / opposition / indo_pacifique_emergent / international : Asha Rahman
  reference / opposition / indo_pacifique_emergent / lifestyle_art_de_vivre : Rahul Chen
  reference / opposition / indo_pacifique_emergent / medias_communication : Min-ji Park
  reference / opposition / indo_pacifique_emergent / meteo : Nurul Hidayah
  reference / opposition / indo_pacifique_emergent / musique : Rahul Chen
  reference / opposition / indo_pacifique_emergent / opinions_editoriaux : Min-ji Park
  reference / opposition / indo_pacifique_emergent / petites_annonces_services : Arjun Nair
  reference / opposition / indo_pacifique_emergent / politique : Min-ji Park
  reference / opposition / indo_pacifique_emergent / religion_spiritualite : Lê Minh Anh
  reference / opposition / indo_pacifique_emergent / sante : Nurul Hidayah
  reference / opposition / indo_pacifique_emergent / sciences_technologies : Arjun Nair
  reference / opposition / indo_pacifique_emergent / societe : Asha Rahman
  reference / opposition / indo_pacifique_emergent / sports : Rahul Chen
  reference / opposition / institutions_multilaterales_survivantes / actualites_a_la_une : Marta Kovács
  reference / opposition / institutions_multilaterales_survivantes / culture : Valentina Álvarez
  reference / opposition / institutions_multilaterales_survivantes / economie_finance : Samir El-Masri
  reference / opposition / institutions_multilaterales_survivantes / education : Jonas Rüedi
  reference / opposition / institutions_multilaterales_survivantes / environnement_climat : Aïcha Diallo
  reference / opposition / institutions_multilaterales_survivantes / faits_divers : Nikhil Banerjee
  reference / opposition / institutions_multilaterales_survivantes / histoire_patrimoine : Valentina Álvarez
  reference / opposition / institutions_multilaterales_survivantes / international : Marta Kovács
  reference / opposition / institutions_multilaterales_survivantes / lifestyle_art_de_vivre : Valentina Álvarez
  reference / opposition / institutions_multilaterales_survivantes / medias_communication : Samir El-Masri
  reference / opposition / institutions_multilaterales_survivantes / meteo : Aïcha Diallo
  reference / opposition / institutions_multilaterales_survivantes / musique : Valentina Álvarez
  reference / opposition / institutions_multilaterales_survivantes / opinions_editoriaux : Marta Kovács
  reference / opposition / institutions_multilaterales_survivantes / petites_annonces_services : Nikhil Banerjee
  reference / opposition / institutions_multilaterales_survivantes / politique : Marta Kovács
  reference / opposition / institutions_multilaterales_survivantes / religion_spiritualite : Jonas Rüedi
  reference / opposition / institutions_multilaterales_survivantes / sante : Aïcha Diallo
  reference / opposition / institutions_multilaterales_survivantes / sciences_technologies : Samir El-Masri
  reference / opposition / institutions_multilaterales_survivantes / societe : Jonas Rüedi
  reference / opposition / institutions_multilaterales_survivantes / sports : Nikhil Banerjee
  reference / opposition / israel_mediterranee_orientale / culture : Tamar Levi
  reference / opposition / israel_mediterranee_orientale / economie_finance : Nadav Mizrahi
  reference / opposition / israel_mediterranee_orientale / education : Maya Cohen
  reference / opposition / israel_mediterranee_orientale / environnement_climat : Nadav Mizrahi
  reference / opposition / israel_mediterranee_orientale / faits_divers : Sami Khatib
  reference / opposition / israel_mediterranee_orientale / histoire_patrimoine : Sami Khatib
  reference / opposition / israel_mediterranee_orientale / international : Sami Khatib
  reference / opposition / israel_mediterranee_orientale / lifestyle_art_de_vivre : Tamar Levi
  reference / opposition / israel_mediterranee_orientale / medias_communication : Yael Ben-Ami
  reference / opposition / israel_mediterranee_orientale / meteo : Nadav Mizrahi
  reference / opposition / israel_mediterranee_orientale / musique : Tamar Levi
  reference / opposition / israel_mediterranee_orientale / opinions_editoriaux : Yael Ben-Ami
  reference / opposition / israel_mediterranee_orientale / petites_annonces_services : Maya Cohen
  reference / opposition / israel_mediterranee_orientale / politique : Yael Ben-Ami
  reference / opposition / israel_mediterranee_orientale / religion_spiritualite : Ariel Shapira
  reference / opposition / israel_mediterranee_orientale / sante : Maya Cohen
  reference / opposition / israel_mediterranee_orientale / sciences_technologies : Nadav Mizrahi
  reference / opposition / israel_mediterranee_orientale / societe : Maya Cohen
  reference / opposition / israel_mediterranee_orientale / sports : Ariel Shapira
  reference / opposition / maurice_insulaire_autonome / actualites_a_la_une : Asha Boodhoo
  reference / opposition / maurice_insulaire_autonome / culture : Kavish Appadoo
  reference / opposition / maurice_insulaire_autonome / education : Farzana Peerbocus
  reference / opposition / maurice_insulaire_autonome / faits_divers : Mirella Mootoosamy
  reference / opposition / maurice_insulaire_autonome / histoire_patrimoine : Kavish Appadoo
  reference / opposition / maurice_insulaire_autonome / international : Asha Boodhoo
  reference / opposition / maurice_insulaire_autonome / lifestyle_art_de_vivre : Nikhil Beeharry
  reference / opposition / maurice_insulaire_autonome / medias_communication : Mirella Mootoosamy
  reference / opposition / maurice_insulaire_autonome / meteo : Nikhil Beeharry
  reference / opposition / maurice_insulaire_autonome / musique : Kavish Appadoo
  reference / opposition / maurice_insulaire_autonome / opinions_editoriaux : Asha Boodhoo
  reference / opposition / maurice_insulaire_autonome / petites_annonces_services : Farzana Peerbocus
  reference / opposition / maurice_insulaire_autonome / politique : Asha Boodhoo
  reference / opposition / maurice_insulaire_autonome / religion_spiritualite : Kavish Appadoo
  reference / opposition / maurice_insulaire_autonome / sante : Farzana Peerbocus
  reference / opposition / maurice_insulaire_autonome / sciences_technologies : Jean-Daniel Ah-Kee
  reference / opposition / maurice_insulaire_autonome / societe : Farzana Peerbocus
  reference / opposition / maurice_insulaire_autonome / sports : Mirella Mootoosamy
  reference / opposition / pacte_des_souverains / actualites_a_la_une : Amina al-Khatib
  reference / opposition / pacte_des_souverains / culture : Tomaž Kovač
  reference / opposition / pacte_des_souverains / economie_finance : Mikko Vaarala
  reference / opposition / pacte_des_souverains / education : Leïla Mansouri
  reference / opposition / pacte_des_souverains / environnement_climat : Valeria Sokol
  reference / opposition / pacte_des_souverains / faits_divers : Farid Nasser
  reference / opposition / pacte_des_souverains / histoire_patrimoine : Tomaž Kovač
  reference / opposition / pacte_des_souverains / international : Amina al-Khatib
  reference / opposition / pacte_des_souverains / lifestyle_art_de_vivre : Farid Nasser
  reference / opposition / pacte_des_souverains / medias_communication : Mikko Vaarala
  reference / opposition / pacte_des_souverains / meteo : Valeria Sokol
  reference / opposition / pacte_des_souverains / musique : Tomaž Kovač
  reference / opposition / pacte_des_souverains / opinions_editoriaux : Amina al-Khatib
  reference / opposition / pacte_des_souverains / petites_annonces_services : Farid Nasser
  reference / opposition / pacte_des_souverains / politique : Amina al-Khatib
  reference / opposition / pacte_des_souverains / religion_spiritualite : Leïla Mansouri
  reference / opposition / pacte_des_souverains / sante : Valeria Sokol
  reference / opposition / pacte_des_souverains / sciences_technologies : Mikko Vaarala
  reference / opposition / pacte_des_souverains / societe : Leïla Mansouri
  reference / opposition / pacte_des_souverains / sports : Farid Nasser
  reference / opposition / pays_de_galles_atlantique / culture : Nia Wyn
  reference / opposition / pays_de_galles_atlantique / economie_finance : Rhys ap Iorwerth
  reference / opposition / pays_de_galles_atlantique / education : Eleri Pritchard
  reference / opposition / pays_de_galles_atlantique / environnement_climat : Rhys ap Iorwerth
  reference / opposition / pays_de_galles_atlantique / faits_divers : Owain Llewelyn
  reference / opposition / pays_de_galles_atlantique / histoire_patrimoine : Gethin Evans
  reference / opposition / pays_de_galles_atlantique / international : Gethin Evans
  reference / opposition / pays_de_galles_atlantique / lifestyle_art_de_vivre : Nia Wyn
  reference / opposition / pays_de_galles_atlantique / medias_communication : Mair Bowen
  reference / opposition / pays_de_galles_atlantique / meteo : Rhys ap Iorwerth
  reference / opposition / pays_de_galles_atlantique / musique : Nia Wyn
  reference / opposition / pays_de_galles_atlantique / opinions_editoriaux : Mair Bowen
  reference / opposition / pays_de_galles_atlantique / petites_annonces_services : Eleri Pritchard
  reference / opposition / pays_de_galles_atlantique / politique : Mair Bowen
  reference / opposition / pays_de_galles_atlantique / religion_spiritualite : Gethin Evans
  reference / opposition / pays_de_galles_atlantique / sante : Eleri Pritchard
  reference / opposition / pays_de_galles_atlantique / sciences_technologies : Rhys ap Iorwerth
  reference / opposition / pays_de_galles_atlantique / societe : Eleri Pritchard
  reference / opposition / pays_de_galles_atlantique / sports : Owain Llewelyn
  reference / opposition / polynesie_francaise_insulaire / actualites_a_la_une : Heimata Taputu
  reference / opposition / polynesie_francaise_insulaire / culture : Poe Raimana
  reference / opposition / polynesie_francaise_insulaire / economie_finance : Maeva Vanaa
  reference / opposition / polynesie_francaise_insulaire / education : Hinano Tehahe
  reference / opposition / polynesie_francaise_insulaire / environnement_climat : Taaroa Lehartel
  reference / opposition / polynesie_francaise_insulaire / faits_divers : Titaua Maraeura
  reference / opposition / polynesie_francaise_insulaire / histoire_patrimoine : Hinano Tehahe
  reference / opposition / polynesie_francaise_insulaire / international : Heimata Taputu
  reference / opposition / polynesie_francaise_insulaire / lifestyle_art_de_vivre : Poe Raimana
  reference / opposition / polynesie_francaise_insulaire / medias_communication : Maeva Vanaa
  reference / opposition / polynesie_francaise_insulaire / meteo : Taaroa Lehartel
  reference / opposition / polynesie_francaise_insulaire / musique : Poe Raimana
  reference / opposition / polynesie_francaise_insulaire / opinions_editoriaux : Heimata Taputu
  reference / opposition / polynesie_francaise_insulaire / petites_annonces_services : Titaua Maraeura
  reference / opposition / polynesie_francaise_insulaire / politique : Heimata Taputu
  reference / opposition / polynesie_francaise_insulaire / religion_spiritualite : Hinano Tehahe
  reference / opposition / polynesie_francaise_insulaire / sante : Taaroa Lehartel
  reference / opposition / polynesie_francaise_insulaire / sciences_technologies : Maeva Vanaa
  reference / opposition / polynesie_francaise_insulaire / societe : Hinano Tehahe
  reference / opposition / polynesie_francaise_insulaire / sports : Poe Raimana
  reference / opposition / turquie_eurasie_moyen_orient / actualites_a_la_une : Elif Yılmaz
  reference / opposition / turquie_eurasie_moyen_orient / culture : Zeynep Aydemir
  reference / opposition / turquie_eurasie_moyen_orient / economie_finance : Murat Arslan
  reference / opposition / turquie_eurasie_moyen_orient / education : Baran Kaya
  reference / opposition / turquie_eurasie_moyen_orient / environnement_climat : Ayşe Karaca
  reference / opposition / turquie_eurasie_moyen_orient / faits_divers : Cem Özkan
  reference / opposition / turquie_eurasie_moyen_orient / histoire_patrimoine : Baran Kaya
  reference / opposition / turquie_eurasie_moyen_orient / international : Elif Yılmaz
  reference / opposition / turquie_eurasie_moyen_orient / lifestyle_art_de_vivre : Zeynep Aydemir
  reference / opposition / turquie_eurasie_moyen_orient / medias_communication : Murat Arslan
  reference / opposition / turquie_eurasie_moyen_orient / meteo : Ayşe Karaca
  reference / opposition / turquie_eurasie_moyen_orient / musique : Zeynep Aydemir
  reference / opposition / turquie_eurasie_moyen_orient / opinions_editoriaux : Elif Yılmaz
  reference / opposition / turquie_eurasie_moyen_orient / petites_annonces_services : Cem Özkan
  reference / opposition / turquie_eurasie_moyen_orient / politique : Elif Yılmaz
  reference / opposition / turquie_eurasie_moyen_orient / religion_spiritualite : Baran Kaya
  reference / opposition / turquie_eurasie_moyen_orient / sante : Ayşe Karaca
  reference / opposition / turquie_eurasie_moyen_orient / sciences_technologies : Murat Arslan
  reference / opposition / turquie_eurasie_moyen_orient / societe : Baran Kaya
  reference / opposition / turquie_eurasie_moyen_orient / sports : Zeynep Aydemir
  reference / opposition / union_africaine_resilience / actualites_a_la_une : Aïssatou Diallo
  reference / opposition / union_africaine_resilience / culture : Chipo Moyo
  reference / opposition / union_africaine_resilience / economie_finance : Jean-Bosco Mukendi
  reference / opposition / union_africaine_resilience / education : Moussa Ag Alhousseini
  reference / opposition / union_africaine_resilience / environnement_climat : Njeri Wanjiku
  reference / opposition / union_africaine_resilience / faits_divers : Kofi Mensah
  reference / opposition / union_africaine_resilience / histoire_patrimoine : Chipo Moyo
  reference / opposition / union_africaine_resilience / international : Aïssatou Diallo
  reference / opposition / union_africaine_resilience / lifestyle_art_de_vivre : Kofi Mensah
  reference / opposition / union_africaine_resilience / medias_communication : Jean-Bosco Mukendi
  reference / opposition / union_africaine_resilience / meteo : Njeri Wanjiku
  reference / opposition / union_africaine_resilience / musique : Chipo Moyo
  reference / opposition / union_africaine_resilience / opinions_editoriaux : Aïssatou Diallo
  reference / opposition / union_africaine_resilience / petites_annonces_services : Kofi Mensah
  reference / opposition / union_africaine_resilience / politique : Aïssatou Diallo
  reference / opposition / union_africaine_resilience / religion_spiritualite : Moussa Ag Alhousseini
  reference / opposition / union_africaine_resilience / sante : Njeri Wanjiku
  reference / opposition / union_africaine_resilience / sciences_technologies : Jean-Bosco Mukendi
  reference / opposition / union_africaine_resilience / societe : Moussa Ag Alhousseini
  reference / opposition / union_africaine_resilience / sports : Kofi Mensah
  reference / opposition / zones_grises_globales / actualites_a_la_une : Leyla Qasim
  reference / opposition / zones_grises_globales / culture : Zarina Temirgaliyeva
  reference / opposition / zones_grises_globales / economie_finance : Maral Beknazar
  reference / opposition / zones_grises_globales / education : Saba Tesfaye
  reference / opposition / zones_grises_globales / environnement_climat : Hamidou Ag Intalla
  reference / opposition / zones_grises_globales / faits_divers : Dara Singh
  reference / opposition / zones_grises_globales / histoire_patrimoine : Zarina Temirgaliyeva
  reference / opposition / zones_grises_globales / international : Leyla Qasim
  reference / opposition / zones_grises_globales / lifestyle_art_de_vivre : Dara Singh
  reference / opposition / zones_grises_globales / medias_communication : Maral Beknazar
  reference / opposition / zones_grises_globales / meteo : Hamidou Ag Intalla
  reference / opposition / zones_grises_globales / musique : Zarina Temirgaliyeva
  reference / opposition / zones_grises_globales / opinions_editoriaux : Leyla Qasim
  reference / opposition / zones_grises_globales / petites_annonces_services : Dara Singh
  reference / opposition / zones_grises_globales / politique : Leyla Qasim
  reference / opposition / zones_grises_globales / religion_spiritualite : Saba Tesfaye
  reference / opposition / zones_grises_globales / sante : Hamidou Ag Intalla
  reference / opposition / zones_grises_globales / sciences_technologies : Maral Beknazar
  reference / opposition / zones_grises_globales / societe : Saba Tesfaye
  reference / opposition / zones_grises_globales / sports : Dara Singh
  reference / pro_pouvoir / ameriques_multipolaires / actualites_a_la_une : Camila Rocha
  reference / pro_pouvoir / ameriques_multipolaires / culture : Lucía Fernández Quispe
  reference / pro_pouvoir / ameriques_multipolaires / economie_finance : Diego Valdés Araya
  reference / pro_pouvoir / ameriques_multipolaires / education : João Pedro Nascimento
  reference / pro_pouvoir / ameriques_multipolaires / environnement_climat : Aiyana Begay
  reference / pro_pouvoir / ameriques_multipolaires / faits_divers : Malik Johnson
  reference / pro_pouvoir / ameriques_multipolaires / lifestyle_art_de_vivre : Lucía Fernández Quispe
  reference / pro_pouvoir / ameriques_multipolaires / medias_communication : Diego Valdés Araya
  reference / pro_pouvoir / ameriques_multipolaires / meteo : Malik Johnson
  reference / pro_pouvoir / ameriques_multipolaires / musique : Lucía Fernández Quispe
  reference / pro_pouvoir / ameriques_multipolaires / opinions_editoriaux : Camila Rocha
  reference / pro_pouvoir / ameriques_multipolaires / petites_annonces_services : Malik Johnson
  reference / pro_pouvoir / ameriques_multipolaires / politique : Camila Rocha
  reference / pro_pouvoir / ameriques_multipolaires / religion_spiritualite : Aiyana Begay
  reference / pro_pouvoir / ameriques_multipolaires / sante : João Pedro Nascimento
  reference / pro_pouvoir / ameriques_multipolaires / sciences_technologies : João Pedro Nascimento
  reference / pro_pouvoir / ameriques_multipolaires / sports : Malik Johnson
  reference / pro_pouvoir / bloc_eurasien_central / actualites_a_la_une : Aigerim Sadykova
  reference / pro_pouvoir / bloc_eurasien_central / culture : Farzona Rahmon
  reference / pro_pouvoir / bloc_eurasien_central / economie_finance : Timur Abdullayev
  reference / pro_pouvoir / bloc_eurasien_central / education : Nurlan Bekturov
  reference / pro_pouvoir / bloc_eurasien_central / environnement_climat : Daria Sokolova
  reference / pro_pouvoir / bloc_eurasien_central / faits_divers : Yerlan Tulegenov
  reference / pro_pouvoir / bloc_eurasien_central / histoire_patrimoine : Farzona Rahmon
  reference / pro_pouvoir / bloc_eurasien_central / international : Timur Abdullayev
  reference / pro_pouvoir / bloc_eurasien_central / lifestyle_art_de_vivre : Farzona Rahmon
  reference / pro_pouvoir / bloc_eurasien_central / medias_communication : Yerlan Tulegenov
  reference / pro_pouvoir / bloc_eurasien_central / meteo : Daria Sokolova
  reference / pro_pouvoir / bloc_eurasien_central / musique : Farzona Rahmon
  reference / pro_pouvoir / bloc_eurasien_central / opinions_editoriaux : Aigerim Sadykova
  reference / pro_pouvoir / bloc_eurasien_central / petites_annonces_services : Yerlan Tulegenov
  reference / pro_pouvoir / bloc_eurasien_central / politique : Aigerim Sadykova
  reference / pro_pouvoir / bloc_eurasien_central / religion_spiritualite : Nurlan Bekturov
  reference / pro_pouvoir / bloc_eurasien_central / sante : Daria Sokolova
  reference / pro_pouvoir / bloc_eurasien_central / sciences_technologies : Timur Abdullayev
  reference / pro_pouvoir / bloc_eurasien_central / societe : Nurlan Bekturov
  reference / pro_pouvoir / bloc_eurasien_central / sports : Yerlan Tulegenov
  reference / pro_pouvoir / bloc_persique_autonome / actualites_a_la_une : Mahdi Farrokhzad
  reference / pro_pouvoir / bloc_persique_autonome / culture : Ali Reza Mehran
  reference / pro_pouvoir / bloc_persique_autonome / economie_finance : Zahra Al-Bahrani
  reference / pro_pouvoir / bloc_persique_autonome / education : Narges Shariati
  reference / pro_pouvoir / bloc_persique_autonome / environnement_climat : Hassan Al-Kazimi
  reference / pro_pouvoir / bloc_persique_autonome / faits_divers : Mariam Al-Hasaoui
  reference / pro_pouvoir / bloc_persique_autonome / histoire_patrimoine : Ali Reza Mehran
  reference / pro_pouvoir / bloc_persique_autonome / international : Mahdi Farrokhzad
  reference / pro_pouvoir / bloc_persique_autonome / lifestyle_art_de_vivre : Ali Reza Mehran
  reference / pro_pouvoir / bloc_persique_autonome / medias_communication : Zahra Al-Bahrani
  reference / pro_pouvoir / bloc_persique_autonome / meteo : Hassan Al-Kazimi
  reference / pro_pouvoir / bloc_persique_autonome / musique : Ali Reza Mehran
  reference / pro_pouvoir / bloc_persique_autonome / opinions_editoriaux : Mahdi Farrokhzad
  reference / pro_pouvoir / bloc_persique_autonome / petites_annonces_services : Mariam Al-Hasaoui
  reference / pro_pouvoir / bloc_persique_autonome / politique : Mahdi Farrokhzad
  reference / pro_pouvoir / bloc_persique_autonome / religion_spiritualite : Narges Shariati
  reference / pro_pouvoir / bloc_persique_autonome / sante : Hassan Al-Kazimi
  reference / pro_pouvoir / bloc_persique_autonome / sciences_technologies : Zahra Al-Bahrani
  reference / pro_pouvoir / bloc_persique_autonome / societe : Narges Shariati
  reference / pro_pouvoir / bloc_persique_autonome / sports : Mariam Al-Hasaoui
  reference / pro_pouvoir / corridor_arctique_nordique / actualites_a_la_une : Ingrid Johansen
  reference / pro_pouvoir / corridor_arctique_nordique / culture : Jónas Einarsson
  reference / pro_pouvoir / corridor_arctique_nordique / economie_finance : Aputsiaq Kleist
  reference / pro_pouvoir / corridor_arctique_nordique / education : Sanna Korhonen
  reference / pro_pouvoir / corridor_arctique_nordique / environnement_climat : Máret Ánne Eira
  reference / pro_pouvoir / corridor_arctique_nordique / faits_divers : Linnea Nyström
  reference / pro_pouvoir / corridor_arctique_nordique / histoire_patrimoine : Máret Ánne Eira
  reference / pro_pouvoir / corridor_arctique_nordique / international : Aputsiaq Kleist
  reference / pro_pouvoir / corridor_arctique_nordique / lifestyle_art_de_vivre : Jónas Einarsson
  reference / pro_pouvoir / corridor_arctique_nordique / medias_communication : Sanna Korhonen
  reference / pro_pouvoir / corridor_arctique_nordique / meteo : Linnea Nyström
  reference / pro_pouvoir / corridor_arctique_nordique / musique : Jónas Einarsson
  reference / pro_pouvoir / corridor_arctique_nordique / opinions_editoriaux : Ingrid Johansen
  reference / pro_pouvoir / corridor_arctique_nordique / petites_annonces_services : Linnea Nyström
  reference / pro_pouvoir / corridor_arctique_nordique / politique : Ingrid Johansen
  reference / pro_pouvoir / corridor_arctique_nordique / religion_spiritualite : Máret Ánne Eira
  reference / pro_pouvoir / corridor_arctique_nordique / sante : Sanna Korhonen
  reference / pro_pouvoir / corridor_arctique_nordique / sciences_technologies : Aputsiaq Kleist
  reference / pro_pouvoir / corridor_arctique_nordique / societe : Máret Ánne Eira
  reference / pro_pouvoir / corridor_arctique_nordique / sports : Linnea Nyström
  reference / pro_pouvoir / ecosse_nordique_independante / actualites_a_la_une : Mairi MacLeod
  reference / pro_pouvoir / ecosse_nordique_independante / culture : Alasdair Gunn
  reference / pro_pouvoir / ecosse_nordique_independante / economie_finance : Ewan Fraser
  reference / pro_pouvoir / ecosse_nordique_independante / education : Isla Campbell
  reference / pro_pouvoir / ecosse_nordique_independante / faits_divers : Hamish Sinclair
  reference / pro_pouvoir / ecosse_nordique_independante / histoire_patrimoine : Alasdair Gunn
  reference / pro_pouvoir / ecosse_nordique_independante / international : Mairi MacLeod
  reference / pro_pouvoir / ecosse_nordique_independante / lifestyle_art_de_vivre : Fiona MacKenzie
  reference / pro_pouvoir / ecosse_nordique_independante / medias_communication : Fiona MacKenzie
  reference / pro_pouvoir / ecosse_nordique_independante / meteo : Ewan Fraser
  reference / pro_pouvoir / ecosse_nordique_independante / musique : Alasdair Gunn
  reference / pro_pouvoir / ecosse_nordique_independante / opinions_editoriaux : Mairi MacLeod
  reference / pro_pouvoir / ecosse_nordique_independante / petites_annonces_services : Isla Campbell
  reference / pro_pouvoir / ecosse_nordique_independante / religion_spiritualite : Alasdair Gunn
  reference / pro_pouvoir / ecosse_nordique_independante / sante : Isla Campbell
  reference / pro_pouvoir / ecosse_nordique_independante / sciences_technologies : Ewan Fraser
  reference / pro_pouvoir / ecosse_nordique_independante / societe : Isla Campbell
  reference / pro_pouvoir / europe_occidentale_reconstructee / actualites_a_la_une : Claire Van den Berg
  reference / pro_pouvoir / europe_occidentale_reconstructee / culture : Sofía Martín Keller
  reference / pro_pouvoir / europe_occidentale_reconstructee / education : Léa Ducommun
  reference / pro_pouvoir / europe_occidentale_reconstructee / environnement_climat : Matteo Rinaldi
  reference / pro_pouvoir / europe_occidentale_reconstructee / faits_divers : Jonas Krämer
  reference / pro_pouvoir / europe_occidentale_reconstructee / histoire_patrimoine : Sofía Martín Keller
  reference / pro_pouvoir / europe_occidentale_reconstructee / international : Claire Van den Berg
  reference / pro_pouvoir / europe_occidentale_reconstructee / lifestyle_art_de_vivre : Sofía Martín Keller
  reference / pro_pouvoir / europe_occidentale_reconstructee / medias_communication : Jonas Krämer
  reference / pro_pouvoir / europe_occidentale_reconstructee / meteo : Matteo Rinaldi
  reference / pro_pouvoir / europe_occidentale_reconstructee / musique : Sofía Martín Keller
  reference / pro_pouvoir / europe_occidentale_reconstructee / opinions_editoriaux : Claire Van den Berg
  reference / pro_pouvoir / europe_occidentale_reconstructee / petites_annonces_services : Inès Moreau-Lambert
  reference / pro_pouvoir / europe_occidentale_reconstructee / politique : Claire Van den Berg
  reference / pro_pouvoir / europe_occidentale_reconstructee / religion_spiritualite : Léa Ducommun
  reference / pro_pouvoir / europe_occidentale_reconstructee / sante : Léa Ducommun
  reference / pro_pouvoir / europe_occidentale_reconstructee / sciences_technologies : Matteo Rinaldi
  reference / pro_pouvoir / europe_occidentale_reconstructee / sports : Jonas Krämer
  reference / pro_pouvoir / indo_pacifique_emergent / actualites_a_la_une : Aisha Tan
  reference / pro_pouvoir / indo_pacifique_emergent / culture : Arjun Menon
  reference / pro_pouvoir / indo_pacifique_emergent / education : Arjun Menon
  reference / pro_pouvoir / indo_pacifique_emergent / environnement_climat : Kavita Rahman
  reference / pro_pouvoir / indo_pacifique_emergent / faits_divers : Kenji Watanabe
  reference / pro_pouvoir / indo_pacifique_emergent / histoire_patrimoine : Arjun Menon
  reference / pro_pouvoir / indo_pacifique_emergent / international : Aisha Tan
  reference / pro_pouvoir / indo_pacifique_emergent / lifestyle_art_de_vivre : Siti Kartika
  reference / pro_pouvoir / indo_pacifique_emergent / medias_communication : Park Min-jun
  reference / pro_pouvoir / indo_pacifique_emergent / meteo : Kavita Rahman
  reference / pro_pouvoir / indo_pacifique_emergent / musique : Siti Kartika
  reference / pro_pouvoir / indo_pacifique_emergent / opinions_editoriaux : Aisha Tan
  reference / pro_pouvoir / indo_pacifique_emergent / petites_annonces_services : Kenji Watanabe
  reference / pro_pouvoir / indo_pacifique_emergent / politique : Aisha Tan
  reference / pro_pouvoir / indo_pacifique_emergent / religion_spiritualite : Arjun Menon
  reference / pro_pouvoir / indo_pacifique_emergent / sante : Kavita Rahman
  reference / pro_pouvoir / indo_pacifique_emergent / sciences_technologies : Park Min-jun
  reference / pro_pouvoir / indo_pacifique_emergent / societe : Kavita Rahman
  reference / pro_pouvoir / indo_pacifique_emergent / sports : Siti Kartika
  reference / pro_pouvoir / institutions_multilaterales_survivantes / actualites_a_la_une : Amélie Favre
  reference / pro_pouvoir / institutions_multilaterales_survivantes / culture : Yuki Nakamura
  reference / pro_pouvoir / institutions_multilaterales_survivantes / education : Kwame Mensah
  reference / pro_pouvoir / institutions_multilaterales_survivantes / environnement_climat : Samira El-Masri
  reference / pro_pouvoir / institutions_multilaterales_survivantes / faits_divers : Lucía Benítez
  reference / pro_pouvoir / institutions_multilaterales_survivantes / histoire_patrimoine : Yuki Nakamura
  reference / pro_pouvoir / institutions_multilaterales_survivantes / lifestyle_art_de_vivre : Yuki Nakamura
  reference / pro_pouvoir / institutions_multilaterales_survivantes / medias_communication : Lucía Benítez
  reference / pro_pouvoir / institutions_multilaterales_survivantes / meteo : Samira El-Masri
  reference / pro_pouvoir / institutions_multilaterales_survivantes / musique : Yuki Nakamura
  reference / pro_pouvoir / institutions_multilaterales_survivantes / opinions_editoriaux : Amélie Favre
  reference / pro_pouvoir / institutions_multilaterales_survivantes / petites_annonces_services : Nikhil Rao
  reference / pro_pouvoir / institutions_multilaterales_survivantes / politique : Amélie Favre
  reference / pro_pouvoir / institutions_multilaterales_survivantes / religion_spiritualite : Kwame Mensah
  reference / pro_pouvoir / institutions_multilaterales_survivantes / sante : Kwame Mensah
  reference / pro_pouvoir / institutions_multilaterales_survivantes / sciences_technologies : Samira El-Masri
  reference / pro_pouvoir / institutions_multilaterales_survivantes / societe : Kwame Mensah
  reference / pro_pouvoir / institutions_multilaterales_survivantes / sports : Lucía Benítez
  reference / pro_pouvoir / israel_mediterranee_orientale / actualites_a_la_une : Yael Ben-David
  reference / pro_pouvoir / israel_mediterranee_orientale / culture : Tamar Shalev
  reference / pro_pouvoir / israel_mediterranee_orientale / economie_finance : Amir Cohen
  reference / pro_pouvoir / israel_mediterranee_orientale / education : Noa Mizrahi
  reference / pro_pouvoir / israel_mediterranee_orientale / environnement_climat : Amir Cohen
  reference / pro_pouvoir / israel_mediterranee_orientale / faits_divers : Eitan Levy
  reference / pro_pouvoir / israel_mediterranee_orientale / histoire_patrimoine : Tamar Shalev
  reference / pro_pouvoir / israel_mediterranee_orientale / lifestyle_art_de_vivre : Tamar Shalev
  reference / pro_pouvoir / israel_mediterranee_orientale / medias_communication : Eitan Levy
  reference / pro_pouvoir / israel_mediterranee_orientale / meteo : Amir Cohen
  reference / pro_pouvoir / israel_mediterranee_orientale / musique : Tamar Shalev
  reference / pro_pouvoir / israel_mediterranee_orientale / opinions_editoriaux : Yael Ben-David
  reference / pro_pouvoir / israel_mediterranee_orientale / petites_annonces_services : Noa Mizrahi
  reference / pro_pouvoir / israel_mediterranee_orientale / religion_spiritualite : Samir Khoury
  reference / pro_pouvoir / israel_mediterranee_orientale / sante : Noa Mizrahi
  reference / pro_pouvoir / israel_mediterranee_orientale / sciences_technologies : Amir Cohen
  reference / pro_pouvoir / israel_mediterranee_orientale / sports : Eitan Levy
  reference / pro_pouvoir / maurice_insulaire_autonome / actualites_a_la_une : Asha Ramgoolam
  reference / pro_pouvoir / maurice_insulaire_autonome / culture : Mei-Ling Ah-Koon
  reference / pro_pouvoir / maurice_insulaire_autonome / economie_finance : Jean-Yann Perrine
  reference / pro_pouvoir / maurice_insulaire_autonome / education : Zahirah Auckloo
  reference / pro_pouvoir / maurice_insulaire_autonome / environnement_climat : Nandini Beeharry
  reference / pro_pouvoir / maurice_insulaire_autonome / faits_divers : Kersley Appadoo
  reference / pro_pouvoir / maurice_insulaire_autonome / histoire_patrimoine : Mei-Ling Ah-Koon
  reference / pro_pouvoir / maurice_insulaire_autonome / international : Asha Ramgoolam
  reference / pro_pouvoir / maurice_insulaire_autonome / lifestyle_art_de_vivre : Zahirah Auckloo
  reference / pro_pouvoir / maurice_insulaire_autonome / medias_communication : Jean-Yann Perrine
  reference / pro_pouvoir / maurice_insulaire_autonome / meteo : Nandini Beeharry
  reference / pro_pouvoir / maurice_insulaire_autonome / musique : Mei-Ling Ah-Koon
  reference / pro_pouvoir / maurice_insulaire_autonome / opinions_editoriaux : Asha Ramgoolam
  reference / pro_pouvoir / maurice_insulaire_autonome / petites_annonces_services : Jean-Yann Perrine
  reference / pro_pouvoir / maurice_insulaire_autonome / politique : Asha Ramgoolam
  reference / pro_pouvoir / maurice_insulaire_autonome / religion_spiritualite : Zahirah Auckloo
  reference / pro_pouvoir / maurice_insulaire_autonome / sante : Nandini Beeharry
  reference / pro_pouvoir / maurice_insulaire_autonome / sciences_technologies : Jean-Yann Perrine
  reference / pro_pouvoir / maurice_insulaire_autonome / societe : Zahirah Auckloo
  reference / pro_pouvoir / maurice_insulaire_autonome / sports : Kersley Appadoo
  reference / pro_pouvoir / pacte_des_souverains / actualites_a_la_une : Aylin Demir
  reference / pro_pouvoir / pacte_des_souverains / culture : Samira Al-Nouri
  reference / pro_pouvoir / pacte_des_souverains / economie_finance : Marek Kowalski
  reference / pro_pouvoir / pacte_des_souverains / education : Leila Haddad
  reference / pro_pouvoir / pacte_des_souverains / environnement_climat : Leila Haddad
  reference / pro_pouvoir / pacte_des_souverains / faits_divers : Nino Tavartkiladze
  reference / pro_pouvoir / pacte_des_souverains / histoire_patrimoine : Samira Al-Nouri
  reference / pro_pouvoir / pacte_des_souverains / international : Aylin Demir
  reference / pro_pouvoir / pacte_des_souverains / lifestyle_art_de_vivre : Samira Al-Nouri
  reference / pro_pouvoir / pacte_des_souverains / medias_communication : Marek Kowalski
  reference / pro_pouvoir / pacte_des_souverains / meteo : Nino Tavartkiladze
  reference / pro_pouvoir / pacte_des_souverains / musique : Viktor Sokolov
  reference / pro_pouvoir / pacte_des_souverains / opinions_editoriaux : Aylin Demir
  reference / pro_pouvoir / pacte_des_souverains / petites_annonces_services : Nino Tavartkiladze
  reference / pro_pouvoir / pacte_des_souverains / politique : Aylin Demir
  reference / pro_pouvoir / pacte_des_souverains / religion_spiritualite : Samira Al-Nouri
  reference / pro_pouvoir / pacte_des_souverains / sante : Leila Haddad
  reference / pro_pouvoir / pacte_des_souverains / societe : Nino Tavartkiladze
  reference / pro_pouvoir / pacte_des_souverains / sports : Viktor Sokolov
  reference / pro_pouvoir / pays_de_galles_atlantique / actualites_a_la_une : Carys Morgan
  reference / pro_pouvoir / pays_de_galles_atlantique / economie_finance : Dafydd Elis
  reference / pro_pouvoir / pays_de_galles_atlantique / education : Nia Pritchard
  reference / pro_pouvoir / pays_de_galles_atlantique / environnement_climat : Dafydd Elis
  reference / pro_pouvoir / pays_de_galles_atlantique / faits_divers : Siân Griffiths
  reference / pro_pouvoir / pays_de_galles_atlantique / histoire_patrimoine : Gwenllian Evans
  reference / pro_pouvoir / pays_de_galles_atlantique / international : Carys Morgan
  reference / pro_pouvoir / pays_de_galles_atlantique / lifestyle_art_de_vivre : Rhys Vaughan
  reference / pro_pouvoir / pays_de_galles_atlantique / medias_communication : Gwenllian Evans
  reference / pro_pouvoir / pays_de_galles_atlantique / meteo : Dafydd Elis
  reference / pro_pouvoir / pays_de_galles_atlantique / musique : Gwenllian Evans
  reference / pro_pouvoir / pays_de_galles_atlantique / opinions_editoriaux : Carys Morgan
  reference / pro_pouvoir / pays_de_galles_atlantique / petites_annonces_services : Nia Pritchard
  reference / pro_pouvoir / pays_de_galles_atlantique / religion_spiritualite : Rhys Vaughan
  reference / pro_pouvoir / pays_de_galles_atlantique / sante : Nia Pritchard
  reference / pro_pouvoir / pays_de_galles_atlantique / sciences_technologies : Dafydd Elis
  reference / pro_pouvoir / pays_de_galles_atlantique / sports : Rhys Vaughan
  reference / pro_pouvoir / polynesie_francaise_insulaire / actualites_a_la_une : Moana Temauri
  reference / pro_pouvoir / polynesie_francaise_insulaire / culture : Maeva Doom
  reference / pro_pouvoir / polynesie_francaise_insulaire / economie_finance : Hereiti Teissier
  reference / pro_pouvoir / polynesie_francaise_insulaire / education : Vaea Chong
  reference / pro_pouvoir / polynesie_francaise_insulaire / environnement_climat : Taaroa Juventin
  reference / pro_pouvoir / polynesie_francaise_insulaire / faits_divers : Teva Raapoto
  reference / pro_pouvoir / polynesie_francaise_insulaire / histoire_patrimoine : Maeva Doom
  reference / pro_pouvoir / polynesie_francaise_insulaire / international : Hereiti Teissier
  reference / pro_pouvoir / polynesie_francaise_insulaire / lifestyle_art_de_vivre : Maeva Doom
  reference / pro_pouvoir / polynesie_francaise_insulaire / medias_communication : Teva Raapoto
  reference / pro_pouvoir / polynesie_francaise_insulaire / meteo : Taaroa Juventin
  reference / pro_pouvoir / polynesie_francaise_insulaire / musique : Maeva Doom
  reference / pro_pouvoir / polynesie_francaise_insulaire / opinions_editoriaux : Moana Temauri
  reference / pro_pouvoir / polynesie_francaise_insulaire / petites_annonces_services : Teva Raapoto
  reference / pro_pouvoir / polynesie_francaise_insulaire / politique : Moana Temauri
  reference / pro_pouvoir / polynesie_francaise_insulaire / religion_spiritualite : Vaea Chong
  reference / pro_pouvoir / polynesie_francaise_insulaire / sante : Taaroa Juventin
  reference / pro_pouvoir / polynesie_francaise_insulaire / sciences_technologies : Hereiti Teissier
  reference / pro_pouvoir / polynesie_francaise_insulaire / societe : Vaea Chong
  reference / pro_pouvoir / polynesie_francaise_insulaire / sports : Teva Raapoto
  reference / pro_pouvoir / turquie_eurasie_moyen_orient / actualites_a_la_une : Selin Aksoy
  reference / pro_pouvoir / turquie_eurasie_moyen_orient / culture : Aylin Çelik
  reference / pro_pouvoir / turquie_eurasie_moyen_orient / economie_finance : Emre Yılmaz
  reference / pro_pouvoir / turquie_eurasie_moyen_orient / education : Murat Demir
  reference / pro_pouvoir / turquie_eurasie_moyen_orient / environnement_climat : Derya Karadeniz
  reference / pro_pouvoir / turquie_eurasie_moyen_orient / faits_divers : Kerem Arslan
  reference / pro_pouvoir / turquie_eurasie_moyen_orient / histoire_patrimoine : Aylin Çelik
  reference / pro_pouvoir / turquie_eurasie_moyen_orient / international : Emre Yılmaz
  reference / pro_pouvoir / turquie_eurasie_moyen_orient / lifestyle_art_de_vivre : Aylin Çelik
  reference / pro_pouvoir / turquie_eurasie_moyen_orient / medias_communication : Kerem Arslan
  reference / pro_pouvoir / turquie_eurasie_moyen_orient / meteo : Derya Karadeniz
  reference / pro_pouvoir / turquie_eurasie_moyen_orient / musique : Aylin Çelik
  reference / pro_pouvoir / turquie_eurasie_moyen_orient / opinions_editoriaux : Selin Aksoy
  reference / pro_pouvoir / turquie_eurasie_moyen_orient / petites_annonces_services : Kerem Arslan
  reference / pro_pouvoir / turquie_eurasie_moyen_orient / politique : Selin Aksoy
  reference / pro_pouvoir / turquie_eurasie_moyen_orient / religion_spiritualite : Murat Demir
  reference / pro_pouvoir / turquie_eurasie_moyen_orient / sante : Derya Karadeniz
  reference / pro_pouvoir / turquie_eurasie_moyen_orient / sciences_technologies : Emre Yılmaz
  reference / pro_pouvoir / turquie_eurasie_moyen_orient / societe : Murat Demir
  reference / pro_pouvoir / turquie_eurasie_moyen_orient / sports : Kerem Arslan
  reference / pro_pouvoir / union_africaine_resilience / actualites_a_la_une : Awa Diop
  reference / pro_pouvoir / union_africaine_resilience / culture : Tesfaye Bekele
  reference / pro_pouvoir / union_africaine_resilience / economie_finance : Grâce Mbuyi Kalala
  reference / pro_pouvoir / union_africaine_resilience / education : Chinedu Okonkwo
  reference / pro_pouvoir / union_africaine_resilience / faits_divers : Fatoumata Traoré
  reference / pro_pouvoir / union_africaine_resilience / histoire_patrimoine : Tesfaye Bekele
  reference / pro_pouvoir / union_africaine_resilience / international : Awa Diop
  reference / pro_pouvoir / union_africaine_resilience / lifestyle_art_de_vivre : Nandi Maseko
  reference / pro_pouvoir / union_africaine_resilience / medias_communication : Chinedu Okonkwo
  reference / pro_pouvoir / union_africaine_resilience / meteo : Fatoumata Traoré
  reference / pro_pouvoir / union_africaine_resilience / musique : Tesfaye Bekele
  reference / pro_pouvoir / union_africaine_resilience / opinions_editoriaux : Awa Diop
  reference / pro_pouvoir / union_africaine_resilience / petites_annonces_services : Grâce Mbuyi Kalala
  reference / pro_pouvoir / union_africaine_resilience / politique : Awa Diop
  reference / pro_pouvoir / union_africaine_resilience / religion_spiritualite : Tesfaye Bekele
  reference / pro_pouvoir / union_africaine_resilience / sante : Nandi Maseko
  reference / pro_pouvoir / union_africaine_resilience / sciences_technologies : Chinedu Okonkwo
  reference / pro_pouvoir / union_africaine_resilience / societe : Nandi Maseko
  reference / pro_pouvoir / union_africaine_resilience / sports : Fatoumata Traoré
  reference / pro_pouvoir / zones_grises_globales / actualites_a_la_une : Mariam Ag Achar
  reference / pro_pouvoir / zones_grises_globales / culture : Salifou Abdoulaye
  reference / pro_pouvoir / zones_grises_globales / economie_finance : Timur Sadykov
  reference / pro_pouvoir / zones_grises_globales / education : Nurlan Temir
  reference / pro_pouvoir / zones_grises_globales / faits_divers : Mariam Ag Achar
  reference / pro_pouvoir / zones_grises_globales / histoire_patrimoine : Salifou Abdoulaye
  reference / pro_pouvoir / zones_grises_globales / international : Timur Sadykov
  reference / pro_pouvoir / zones_grises_globales / lifestyle_art_de_vivre : Lhamo Dolkar
  reference / pro_pouvoir / zones_grises_globales / medias_communication : Nurlan Temir
  reference / pro_pouvoir / zones_grises_globales / meteo : Mariam Ag Achar
  reference / pro_pouvoir / zones_grises_globales / musique : Salifou Abdoulaye
  reference / pro_pouvoir / zones_grises_globales / opinions_editoriaux : Timur Sadykov
  reference / pro_pouvoir / zones_grises_globales / petites_annonces_services : Zohra Rahmani
  reference / pro_pouvoir / zones_grises_globales / politique : Timur Sadykov
  reference / pro_pouvoir / zones_grises_globales / religion_spiritualite : Salifou Abdoulaye
  reference / pro_pouvoir / zones_grises_globales / sante : Zohra Rahmani
  reference / pro_pouvoir / zones_grises_globales / sciences_technologies : Nurlan Temir
  reference / pro_pouvoir / zones_grises_globales / societe : Mariam Ag Achar
  reference / pro_pouvoir / zones_grises_globales / sports : Lhamo Dolkar

-- Résumé par scénario --
(% = part des combinaisons zone×thématique où la rotation ne peut
 quasiment jamais s'exercer, faute d'un second journaliste éligible)

  breakdown : 1382/1440 combinaisons fragiles (96%) -- quasiment aucune rotation possible -- presque toujours le même nom
  eco_communalism : 1621/1680 combinaisons fragiles (96%) -- quasiment aucune rotation possible -- presque toujours le même nom
  fortress_world : 413/840 combinaisons fragiles (49%) -- couverture partielle, la rotation fonctionne par endroits
  new_sustainability : 589/600 combinaisons fragiles (98%) -- quasiment aucune rotation possible -- presque toujours le même nom
  policy_reform : 585/600 combinaisons fragiles (98%) -- quasiment aucune rotation possible -- presque toujours le même nom
  reference : 615/640 combinaisons fragiles (96%) -- quasiment aucune rotation possible -- presque toujours le même nom
