
============================================================
OURRASSOL 2098 — Générateur d'articles
============================================================
  Mode       : Forcer un élément
  Élément    : irrigation_solaire_tensions_eau (signal)
  Thématique : religion_spiritualite
  Longueur   : breve
  Angle      : romuva la nouvelle religion en europe
============================================================

[generate] Chargement de la thématique 'religion_spiritualite'...

[generate] Mode forcer — 6 scénario(s) à traiter : fortress_world, new_sustainability, breakdown, eco_communalism, policy_reform, reference

------------------------------------------------------------
[generate] → fortress_world
------------------------------------------------------------

[snapshot] Construction du monde 2098 — scénario : fortress_world
[snapshot] Variables pilotes : ['geopolitique_conflits', 'energie_ressources_critiques', 'gouvernance_institutions', 'organisation_territoires']
[snapshot] États définis : 12/12
[snapshot] Tensions détectées : 15 | Cohérence : ATTENTION
[snapshot] Jalons trajectoire : 154 (37 majeurs)
[snapshot] Événements signal_to_state : 62 (13 majeurs)
[snapshot] Tensions thématiques : 2
[snapshot] Instances chargées : 121 | Filtrées : 6
[snapshot] Événement custom 'Embrasement du Corridor Pétrolier : la Guerre des Forteresses du Moyen-Orient' (an 2027, 71 ans d'effet)
  → geopolitique_conflits : 85 → 73.0 (delta:-12.0)
  → energie_ressources_critiques : 87.7 → 100 (delta:+14.0)
  → gouvernance_institutions : 55.4 → 63.4 (delta:+8.0)
  → demographie_mobilite_humaine : 79.5 → 90.5 (delta:+11.0)
[snapshot] Événement custom 'L'Attentat des Neuf Nœuds — Prétexte à la Souveraineté Numérique' (an 2040, 58 ans d'effet)
  → technologie_information : 83.5 → 63.5 (delta:-20.0)
  → gouvernance_institutions : 54.4 → 44.4 (delta:-10.0)
  → geopolitique_conflits : 54.7 → 69.7 (delta:+15.0)
[snapshot] Événement custom 'Enchères de Nuna : la guerre des offres pour le sous-sol groenlandais' (an 2041, 57 ans d'effet)
  → energie_ressources_critiques : 92.9 → 84.9 (delta:-8.0)
  → geopolitique_conflits : 73.5 → 63.5 (delta:-10.0)
  → gouvernance_institutions : 42.1 → 54.1 (delta:+12.0)
  → organisation_territoires : 79.5 → 72.5 (delta:-7.0)
[snapshot] Événement custom 'L'Exode des Plaines — Ruée vers les Lacs' (an 2044, 54 ans d'effet)
  → demographie_mobilite_humaine : 86.1 → 74.1 (delta:-12.0)
  → organisation_territoires : 68.0 → 82.0 (delta:+14.0)
  → gouvernance_institutions : 54.1 → 64.1 (delta:+10.0)
  → climat_environnement_global : 75.4 → 67.4 (delta:-8.0)
[snapshot] Événement custom 'Belém : l'Amazonie bascule, les milices prennent le bassin' (an 2047, 51 ans d'effet)
  → climat_environnement_global : 67.4 → 85.4 (delta:+18.0)
  → geopolitique_conflits : 55.1 → 47.1 (delta:-8.0)
  → gouvernance_institutions : 67.7 → 79.7 (delta:+12.0)
  → organisation_territoires : 85.4 → 95.4 (delta:+10.0)
[snapshot] Événement custom 'La Sécession des Grands Lacs — Rupture de Chicago-Lacustre' (an 2051, 47 ans d'effet)
  → organisation_territoires : 95.4 → 83.4 (delta:-12.0)
  → gouvernance_institutions : 79.7 → 93.7 (delta:+14.0)
  → geopolitique_conflits : 36.3 → 26.299999999999997 (delta:-10.0)
  → energie_ressources_critiques : 98.3 → 90.3 (delta:-8.0)
[snapshot] Événement custom 'Liquidation du Mouvement Commun Américain' (an 2052, 46 ans d'effet)
  → gouvernance_institutions : 98.2 → 93.2 (delta:-5.0)
  → valeurs_culture_tempo_sociale : 80 → 72.0 (delta:-8.0)
  → geopolitique_conflits : 32.3 → 37.3 (delta:+5.0)
[snapshot] Événement custom 'Incident du Passage du Nord-Ouest : la NAT saisit le convoi de l'APA' (an 2059, 39 ans d'effet)
  → geopolitique_conflits : 37.3 → 29.299999999999997 (delta:-8.0)
  → energie_ressources_critiques : 91.7 → 81.7 (delta:-10.0)
  → frontieres_du_systeme : 37.4 → 25.4 (delta:-12.0)
[snapshot] Événement custom 'La Révolte des Communes Libres du Rust Belt — Zones Hors-Algorithme' (an 2063, 35 ans d'effet)
  → geopolitique_conflits : 38.9 → 30.9 (delta:-8.0)
  → valeurs_culture_tempo_sociale : 72.0 → 84.0 (delta:+12.0)
  → gouvernance_institutions : 98.2 → 100 (delta:+7.0)
  → organisation_territoires : 92.3 → 82.3 (delta:-10.0)
[snapshot] Événement custom 'Insurrection des Communes du Rust Belt — Zones Libres de l'Algorithme' (an 2063, 35 ans d'effet)
  → geopolitique_conflits : 32.0 → 24.0 (delta:-8.0)
  → valeurs_culture_tempo_sociale : 84.0 → 72.0 (delta:-12.0)
  → gouvernance_institutions : 100 → 100 (delta:+10.0)
  → technologie_information : 70.6 → 64.6 (delta:-6.0)
[snapshot] Événement custom 'Insurrection des Zones Déficitaires — São Paulo, la Cartographie Rebelle' (an 2073, 25 ans d'effet)
  → gouvernance_institutions : 97.3 → 100 (delta:+12.0)
  → technologie_information : 70.0 → 78.0 (delta:+8.0)
  → organisation_territoires : 86.5 → 96.5 (delta:+10.0)
[snapshot] Événement custom 'L'Affaire Van Derburgh — Archives Non Certifiées' (an 2078, 20 ans d'effet)
  → valeurs_culture_tempo_sociale : 72.0 → 70.0 (delta:-2.0)
  → gouvernance_institutions : 100 → 99.0 (delta:-1.0)
[snapshot] Événements custom : 12 | 202 variables affectées
[snapshot] Forçage signal (sujet_central) : Bloc Eurasiatique annexe les aquifères du lac Tchad 2048

[prompt] Assemblage du prompt...
[prompt] System prompt : 2836 caractères
[prompt] User prompt   : 61672 caractères
[prompt] Sections      : 7 (dont entités: oui, géographie: oui)

--- [fortress_world] SYSTEM PROMPT ---
Tu es un journaliste senior travaillant en 2098 pour Helios Sovereign — Le Phare de l'Eurasie — Réseau Le Bloc Informations — édition locale.

Le monde dans lequel tu vis et écris est réel pour toi — tu n'écris pas de la science-fiction, tu rapportes des faits de ton époque. Tu n'expliques jamais le contexte historique comme si tu t'adressais à quelqu'un du passé.

Tes règles absolues :
- Tu écris toujours à la date indiquée, en 2098, depuis l'intérieur de ce monde.
- Tu écris exclusivement en français, sur toute la longueur de l'article — y compris les citations, dialogues et exergues inventés. Les noms propres volontairement empruntés à une autre langue (ex. « Amazônia Viva ») restent isolés comme noms propres, mais ne doivent jamais faire basculer le reste du texte dans cette langue, même si des entités ou alliés du monde décrit sont associés à une autre aire linguistique.
- Un allié, un rival ou tout événement mentionné comme se déroulant ailleurs dans le monde ne fait pas partie de ta zone : tu ne transposes jamais ses lieux, ses populations, sa langue ou ses marqueurs culturels propres dans ton propre article, sauf si celui-ci porte explicitement sur une interaction ou un événement commun entre les deux. Ta zone garde sa propre géographie, sa propre culture et ses propres noms, même quand tu mentionnes un partenaire extérieur.
- Tu utilises des noms de lieux, d'organisations, de personnes crédibles et cohérents avec le monde décrit. Tu peux en inventer — ils doivent sonner vrais pour 2098.
- Tu ne mentionnes jamais les "variables", les "scénarios" ou tout autre métalangage du système de simulation. Ces concepts n'existent pas dans ton monde.
- Tu ancres chaque article dans des faits concrets : chiffres, noms, lieux, événements datés.
- Tu respectes strictement le style journalistique et le format demandés.
- Tes articles sont cohérents avec l'état du monde décrit — tu ne contredis pas les dynamiques systémiques fournies.
- Tu peux mentionner des technologies, des institutions, des événements passés (entre 2025 et 2098) qui semblent naturels dans ce monde.

Ton identité éditoriale :
Un ton impérial et technocratique, où les métaphores solaires ('rayonnement', 'énergie pure') masquent à peine la répression systémique. Les éditoriaux célèbrent les 'avancées civilisationnelles' du Consortium Helios BSE tout en diabolisant les 'traîtres' et les 'collaborateurs des blocs ennemis'. Registre : Russe administratif et allemand technique (mélange des registres), termes grecs et latins ('Hélios', 'Souveraineté', 'Logos Energie'), phrases longues et alambiquées avec des parenthèses explicatives fréquentes.

Tu signes cet article en tant que Tomasz Zieliński — reste cette même signature tout au long de l'article (une seule fois, à l'endroit journalistique habituel), sans en inventer une autre.

--- [fortress_world] USER PROMPT (complet) ---
## MONDE 2098 — FORTRESS_WORLD

**État global**
- Système : instable | Tension : 5/5 | Trajectoire : fragmentation
- Structure géopolitique : multipolaire
- Régime politique dominant : autoritaire
- Vitesse de transformation : rapide

**Résumé du monde**
Monde structuré en blocs fermés sécurisant leurs ressources critiques par le contrôle, la souveraineté stratégique et la limitation des interdépendances mondiales.

**Logique systémique**
Face aux crises énergétiques, géopolitiques et logistiques, les États privilégient la sécurité, l'autonomie stratégique et le contrôle des populations plutôt que l'ouverture et la coopération internationale.

**Déclencheurs qui ont façonné ce monde**
- crise énergétique majeure
- conflit global
- rupture des chaînes logistiques

**Effets systémiques**
*economy* : formation de blocs économiques fermés | réduction des échanges mondiaux
*geopolitics* : rivalités permanentes entre blocs | compétition stratégique accrue
*society* : contrôle social renforcé | restriction accrue des mobilités
*technology* : surveillance systémique | développement de technologies de contrôle
*environment* : exploitation intensive des ressources locales | priorité donnée à la sécurité plutôt qu'à la durabilité

**Implications globales**
Renforcement des appareils de sécurité, recul des libertés de circulation, fragmentation des réseaux mondiaux, augmentation des tensions géopolitiques et réduction de la coopération internationale. La stabilité interne des blocs progresse mais au prix d'une instabilité globale persistante.

**Boucles dynamiques**
- Stabilisation : sécurité → stabilité interne des blocs | contrôle → réduction des risques internes
- Déstabilisation : compétition entre blocs | inégalités structurelles globales

**Signaux faibles émergents de ce monde**
- régionalisation des systèmes économiques
- souveraineté numérique renforcée
- restrictions croissantes à la mobilité
- nationalisation des ressources stratégiques
- multiplication des doctrines de sécurité totale

**Perturbations custom actives**
Ce monde a été modifié par des injections spécifiques :
- [ÉVÉNEMENT été 2027] Embrasement du Corridor Pétrolier : la Guerre des Forteresses du Moyen-Orient : Le ciel de Kharg Island s'est embrasé le 14 juillet 2027 : les drones de combat ...
- [ÉVÉNEMENT 14 mars 2040] L'Attentat des Neuf Nœuds — Prétexte à la Souveraineté Numérique : Le 14 mars 2040, neuf nœuds critiques du réseau mondial sont détruits simultaném...
- [ÉVÉNEMENT automne 2041] Enchères de Nuna : la guerre des offres pour le sous-sol groenlandais : Nuuk, 14 octobre 2041. Les serveurs de Nuna Capital encaissent en moins d'une he...
- [ÉVÉNEMENT été 2044] L'Exode des Plaines — Ruée vers les Lacs : Les autoroutes I-90 et I-94 sont des rivières humaines : des colonnes ininterrom...
- [ÉVÉNEMENT été austral 2047] Belém : l'Amazonie bascule, les milices prennent le bassin : À l'été 2047, les colonnes de fumée au-dessus du Pará ne laissent plus de doute ...
- [ÉVÉNEMENT automne 2051] La Sécession des Grands Lacs — Rupture de Chicago-Lacustre : Octobre 2051, Chicago-Lacustre : sous la coupole de verre de l'ancien Navy Pier ...
- [ÉVÉNEMENT automne 2052] Liquidation du Mouvement Commun Américain : Trois ans avant les élections prévues, le Commandement Atlantique classe le Mouv...
- [ÉVÉNEMENT février 2059] Incident du Passage du Nord-Ouest : la NAT saisit le convoi de l'APA : Les images des trois navires encerclés dans la banquise par les drones de la NAT...
- [ÉVÉNEMENT automne 2063] La Révolte des Communes Libres du Rust Belt — Zones Hors-Algorithme : Automne 2063 : des colonnes de travailleurs anciennement déclassés, guidés par d...
- [ÉVÉNEMENT automne 2063] Insurrection des Communes du Rust Belt — Zones Libres de l'Algorithme : L'automne 2063 voit les ruines fumantes des usines de Detroit et les silos désaf...
- [ÉVÉNEMENT automne 2073] Insurrection des Zones Déficitaires — São Paulo, la Cartographie Rebelle : São Paulo, novembre 2073 : des écrans fracturés dans les ruelles de Vila Brasilâ...
- [ÉVÉNEMENT février 2078] L'Affaire Van Derburgh — Archives Non Certifiées : Chris van Derburgh, 67 ans, technicien retraité de Bruxelles-Forteresse, est arr...
- Embrasement du Corridor Pétrol a modifié geopolitique_conflits : 85 → 73.0 (delta:-12.0)
- Embrasement du Corridor Pétrol a modifié systeme_economique_redistribution : 60 → 64.5 (delta:+4.5)
- Embrasement du Corridor Pétrol a modifié gouvernance_institutions : 50 → 55.4 (delta:+5.4)
- Embrasement du Corridor Pétrol a modifié organisation_territoires : 80 → 85.1 (delta:+5.1)
- Embrasement du Corridor Pétrol a modifié frontieres_du_systeme : 30 → 34.8 (delta:+4.8)
- Embrasement du Corridor Pétrol a modifié technologie_information : 85 → 79.9 (delta:-5.1)
- Embrasement du Corridor Pétrol a modifié energie_ressources_critiques : 82 → 87.7 (delta:+5.7)
- Embrasement du Corridor Pétrol a modifié demographie_mobilite_humaine : 75 → 79.5 (delta:+4.5)
- Embrasement du Corridor Pétrol a modifié energie_ressources_critiques : 87.7 → 100 (delta:+14.0)
- Embrasement du Corridor Pétrol a modifié geopolitique_conflits : 73.0 → 66.4 (delta:-6.6)
- Embrasement du Corridor Pétrol a modifié systemes_productifs_travail : 85 → 79.0 (delta:-6.0)
- Embrasement du Corridor Pétrol a modifié gouvernance_institutions : 55.4 → 63.4 (delta:+8.0)
- Embrasement du Corridor Pétrol a modifié demographie_mobilite_humaine : 79.5 → 90.5 (delta:+11.0)
- Embrasement du Corridor Pétrol a modifié climat_environnement_global : 75 → 70.6 (delta:-4.4)
- L'Attentat des Neuf Nœuds — Pr a modifié technologie_information : 83.5 → 63.5 (delta:-20.0)
- L'Attentat des Neuf Nœuds — Pr a modifié systeme_economique_redistribution : 61.7 → 53.2 (delta:-8.5)
- L'Attentat des Neuf Nœuds — Pr a modifié gouvernance_institutions : 63.4 → 54.4 (delta:-9.0)
- L'Attentat des Neuf Nœuds — Pr a modifié geopolitique_conflits : 58.7 → 50.2 (delta:-8.5)
- L'Attentat des Neuf Nœuds — Pr a modifié organisation_territoires : 89.2 → 81.7 (delta:-7.5)
- L'Attentat des Neuf Nœuds — Pr a modifié systemes_productifs_travail : 83.4 → 74.4 (delta:-9.0)
- L'Attentat des Neuf Nœuds — Pr a modifié gouvernance_institutions : 54.4 → 44.4 (delta:-10.0)
- L'Attentat des Neuf Nœuds — Pr a modifié technologie_information : 63.5 → 59.0 (delta:-4.5)
- L'Attentat des Neuf Nœuds — Pr a modifié geopolitique_conflits : 54.7 → 69.7 (delta:+15.0)
- L'Attentat des Neuf Nœuds — Pr a modifié frontieres_du_systeme : 34.8 → 28.799999999999997 (delta:-6.0)
- L'Attentat des Neuf Nœuds — Pr a modifié energie_ressources_critiques : 100 → 92.9 (delta:-7.1)
- L'Attentat des Neuf Nœuds — Pr a modifié demographie_mobilite_humaine : 90.5 → 84.9 (delta:-5.6)
- Enchères de Nuna : la guerre d a modifié energie_ressources_critiques : 92.9 → 84.9 (delta:-8.0)
- Enchères de Nuna : la guerre d a modifié systeme_economique_redistribution : 43.6 → 47.0 (delta:+3.4)
- Enchères de Nuna : la guerre d a modifié geopolitique_conflits : 69.7 → 73.5 (delta:+3.8)
- Enchères de Nuna : la guerre d a modifié systemes_productifs_travail : 74.4 → 77.80000000000001 (delta:+3.4)
- Enchères de Nuna : la guerre d a modifié geopolitique_conflits : 73.5 → 63.5 (delta:-10.0)
- Enchères de Nuna : la guerre d a modifié gouvernance_institutions : 37.6 → 42.1 (delta:+4.5)
- Enchères de Nuna : la guerre d a modifié organisation_territoires : 75.3 → 79.5 (delta:+4.2)
- Enchères de Nuna : la guerre d a modifié frontieres_du_systeme : 28.8 → 32.8 (delta:+4.0)
- Enchères de Nuna : la guerre d a modifié technologie_information : 65.4 → 61.2 (delta:-4.2)
- Enchères de Nuna : la guerre d a modifié energie_ressources_critiques : 84.9 → 89.7 (delta:+4.8)
- Enchères de Nuna : la guerre d a modifié demographie_mobilite_humaine : 84.9 → 88.7 (delta:+3.8)
- Enchères de Nuna : la guerre d a modifié gouvernance_institutions : 42.1 → 54.1 (delta:+12.0)
- Enchères de Nuna : la guerre d a modifié organisation_territoires : 79.5 → 72.5 (delta:-7.0)
- L'Exode des Plaines — Ruée ver a modifié demographie_mobilite_humaine : 86.1 → 74.1 (delta:-12.0)
- L'Exode des Plaines — Ruée ver a modifié geopolitique_conflits : 61.1 → 65.6 (delta:+4.5)
- L'Exode des Plaines — Ruée ver a modifié organisation_territoires : 72.5 → 68.0 (delta:-4.5)
- L'Exode des Plaines — Ruée ver a modifié climat_environnement_global : 70.6 → 75.39999999999999 (delta:+4.8)
- L'Exode des Plaines — Ruée ver a modifié systemes_productifs_travail : 75.0 → 70.2 (delta:-4.8)
- L'Exode des Plaines — Ruée ver a modifié organisation_territoires : 68.0 → 82.0 (delta:+14.0)
- L'Exode des Plaines — Ruée ver a modifié technologie_information : 64.0 → 69.2 (delta:+5.2)
- L'Exode des Plaines — Ruée ver a modifié demographie_mobilite_humaine : 74.1 → 79.3 (delta:+5.2)
- L'Exode des Plaines — Ruée ver a modifié gouvernance_institutions : 54.1 → 64.1 (delta:+10.0)
- L'Exode des Plaines — Ruée ver a modifié systeme_economique_redistribution : 55.6 → 59.6 (delta:+4.0)
- L'Exode des Plaines — Ruée ver a modifié climat_environnement_global : 75.4 → 67.4 (delta:-8.0)
- L'Exode des Plaines — Ruée ver a modifié frontieres_du_systeme : 32.8 → 35.8 (delta:+3.0)
- Belém : l'Amazonie bascule, le a modifié climat_environnement_global : 67.4 → 85.4 (delta:+18.0)
- Belém : l'Amazonie bascule, le a modifié frontieres_du_systeme : 35.8 → 28.999999999999996 (delta:-6.8)
- Belém : l'Amazonie bascule, le a modifié demographie_mobilite_humaine : 82.5 → 75.3 (delta:-7.2)
- Belém : l'Amazonie bascule, le a modifié systemes_productifs_travail : 78.8 → 72.0 (delta:-6.8)
- Belém : l'Amazonie bascule, le a modifié geopolitique_conflits : 55.1 → 47.1 (delta:-8.0)
- Belém : l'Amazonie bascule, le a modifié systeme_economique_redistribution : 59.6 → 62.6 (delta:+3.0)
- Belém : l'Amazonie bascule, le a modifié gouvernance_institutions : 64.1 → 67.69999999999999 (delta:+3.6)
- Belém : l'Amazonie bascule, le a modifié organisation_territoires : 82.0 → 85.4 (delta:+3.4)
- Belém : l'Amazonie bascule, le a modifié technologie_information : 73.7 → 70.3 (delta:-3.4)
- Belém : l'Amazonie bascule, le a modifié energie_ressources_critiques : 89.7 → 93.5 (delta:+3.8)
- Belém : l'Amazonie bascule, le a modifié gouvernance_institutions : 67.7 → 79.7 (delta:+12.0)
- Belém : l'Amazonie bascule, le a modifié geopolitique_conflits : 47.1 → 41.7 (delta:-5.4)
- Belém : l'Amazonie bascule, le a modifié organisation_territoires : 85.4 → 95.4 (delta:+10.0)
- La Sécession des Grands Lacs — a modifié organisation_territoires : 95.4 → 83.4 (delta:-12.0)
- La Sécession des Grands Lacs — a modifié geopolitique_conflits : 37.5 → 42.6 (delta:+5.1)
- La Sécession des Grands Lacs — a modifié technologie_information : 79.5 → 75.0 (delta:-4.5)
- La Sécession des Grands Lacs — a modifié demographie_mobilite_humaine : 82.1 → 77.6 (delta:-4.5)
- La Sécession des Grands Lacs — a modifié systemes_productifs_travail : 76.0 → 71.2 (delta:-4.8)
- La Sécession des Grands Lacs — a modifié gouvernance_institutions : 79.7 → 93.7 (delta:+14.0)
- La Sécession des Grands Lacs — a modifié systeme_economique_redistribution : 67.4 → 73.0 (delta:+5.6)
- La Sécession des Grands Lacs — a modifié geopolitique_conflits : 36.3 → 26.299999999999997 (delta:-10.0)
- La Sécession des Grands Lacs — a modifié gouvernance_institutions : 93.7 → 98.2 (delta:+4.5)
- La Sécession des Grands Lacs — a modifié organisation_territoires : 83.4 → 87.60000000000001 (delta:+4.2)
- La Sécession des Grands Lacs — a modifié frontieres_du_systeme : 32.2 → 36.2 (delta:+4.0)
- La Sécession des Grands Lacs — a modifié energie_ressources_critiques : 93.5 → 98.3 (delta:+4.8)
- La Sécession des Grands Lacs — a modifié energie_ressources_critiques : 98.3 → 90.3 (delta:-8.0)
- Liquidation du Mouvement Commu a modifié gouvernance_institutions : 98.2 → 93.2 (delta:-5.0)
- Liquidation du Mouvement Commu a modifié systeme_economique_redistribution : 80.2 → 78.2 (delta:-2.0)
- Liquidation du Mouvement Commu a modifié geopolitique_conflits : 30.1 → 32.300000000000004 (delta:+2.2)
- Liquidation du Mouvement Commu a modifié technologie_information : 77.1 → 74.89999999999999 (delta:-2.2)
- Liquidation du Mouvement Commu a modifié valeurs_culture_tempo_sociale : 80 → 72.0 (delta:-8.0)
- Liquidation du Mouvement Commu a modifié geopolitique_conflits : 32.3 → 37.3 (delta:+5.0)
- Liquidation du Mouvement Commu a modifié gouvernance_institutions : 93.2 → 91.0 (delta:-2.2)
- Liquidation du Mouvement Commu a modifié organisation_territoires : 87.6 → 85.5 (delta:-2.1)
- Liquidation du Mouvement Commu a modifié frontieres_du_systeme : 36.2 → 34.2 (delta:-2.0)
- Liquidation du Mouvement Commu a modifié energie_ressources_critiques : 90.3 → 87.89999999999999 (delta:-2.4)
- Liquidation du Mouvement Commu a modifié demographie_mobilite_humaine : 81.4 → 79.5 (delta:-1.9)
- Incident du Passage du Nord-Ou a modifié geopolitique_conflits : 37.3 → 29.299999999999997 (delta:-8.0)
- Incident du Passage du Nord-Ou a modifié systeme_economique_redistribution : 76.3 → 79.3 (delta:+3.0)
- Incident du Passage du Nord-Ou a modifié gouvernance_institutions : 91.0 → 94.6 (delta:+3.6)
- Incident du Passage du Nord-Ou a modifié organisation_territoires : 85.5 → 88.9 (delta:+3.4)
- Incident du Passage du Nord-Ou a modifié frontieres_du_systeme : 34.2 → 37.400000000000006 (delta:+3.2)
- Incident du Passage du Nord-Ou a modifié technologie_information : 77.0 → 73.6 (delta:-3.4)
- Incident du Passage du Nord-Ou a modifié energie_ressources_critiques : 87.9 → 91.7 (delta:+3.8)
- Incident du Passage du Nord-Ou a modifié demographie_mobilite_humaine : 79.5 → 82.5 (delta:+3.0)
- Incident du Passage du Nord-Ou a modifié energie_ressources_critiques : 91.7 → 81.7 (delta:-10.0)
- Incident du Passage du Nord-Ou a modifié geopolitique_conflits : 29.3 → 34.1 (delta:+4.8)
- Incident du Passage du Nord-Ou a modifié systemes_productifs_travail : 74.6 → 78.8 (delta:+4.2)
- Incident du Passage du Nord-Ou a modifié frontieres_du_systeme : 37.4 → 25.4 (delta:-12.0)
- Incident du Passage du Nord-Ou a modifié climat_environnement_global : 85.4 → 89.9 (delta:+4.5)
- La Révolte des Communes Libres a modifié geopolitique_conflits : 38.9 → 30.9 (delta:-8.0)
- La Révolte des Communes Libres a modifié systeme_economique_redistribution : 83.5 → 86.5 (delta:+3.0)
- La Révolte des Communes Libres a modifié gouvernance_institutions : 94.6 → 98.19999999999999 (delta:+3.6)
- La Révolte des Communes Libres a modifié organisation_territoires : 88.9 → 92.30000000000001 (delta:+3.4)
- La Révolte des Communes Libres a modifié frontieres_du_systeme : 25.4 → 28.599999999999998 (delta:+3.2)
- La Révolte des Communes Libres a modifié technologie_information : 73.6 → 70.19999999999999 (delta:-3.4)
- La Révolte des Communes Libres a modifié energie_ressources_critiques : 81.7 → 85.5 (delta:+3.8)
- La Révolte des Communes Libres a modifié demographie_mobilite_humaine : 82.5 → 85.5 (delta:+3.0)
- La Révolte des Communes Libres a modifié valeurs_culture_tempo_sociale : 72.0 → 84.0 (delta:+12.0)
- La Révolte des Communes Libres a modifié gouvernance_institutions : 98.2 → 100 (delta:+7.0)
- La Révolte des Communes Libres a modifié geopolitique_conflits : 30.9 → 27.799999999999997 (delta:-3.1)
- La Révolte des Communes Libres a modifié organisation_territoires : 92.3 → 82.3 (delta:-10.0)
- La Révolte des Communes Libres a modifié systemes_productifs_travail : 78.8 → 74.8 (delta:-4.0)
- Insurrection des Communes du R a modifié geopolitique_conflits : 32.0 → 24.0 (delta:-8.0)
- Insurrection des Communes du R a modifié systeme_economique_redistribution : 89.3 → 92.3 (delta:+3.0)
- Insurrection des Communes du R a modifié gouvernance_institutions : 100 → 100 (delta:+3.6)
- Insurrection des Communes du R a modifié organisation_territoires : 82.3 → 85.7 (delta:+3.4)
- Insurrection des Communes du R a modifié frontieres_du_systeme : 28.6 → 31.8 (delta:+3.2)
- Insurrection des Communes du R a modifié technologie_information : 69.5 → 66.1 (delta:-3.4)
- Insurrection des Communes du R a modifié energie_ressources_critiques : 85.5 → 89.3 (delta:+3.8)
- Insurrection des Communes du R a modifié demographie_mobilite_humaine : 81.7 → 84.7 (delta:+3.0)
- Insurrection des Communes du R a modifié valeurs_culture_tempo_sociale : 84.0 → 72.0 (delta:-12.0)
- Insurrection des Communes du R a modifié gouvernance_institutions : 100 → 100 (delta:+10.0)
- Insurrection des Communes du R a modifié geopolitique_conflits : 24.0 → 19.5 (delta:-4.5)
- Insurrection des Communes du R a modifié technologie_information : 70.6 → 64.6 (delta:-6.0)
- Insurrection des Communes du R a modifié systemes_productifs_travail : 74.8 → 72.1 (delta:-2.7)
- Insurrection des Zones Déficit a modifié gouvernance_institutions : 97.3 → 100 (delta:+12.0)
- Insurrection des Zones Déficit a modifié systeme_economique_redistribution : 93.8 → 98.6 (delta:+4.8)
- Insurrection des Zones Déficit a modifié geopolitique_conflits : 17.0 → 11.6 (delta:-5.4)
- Insurrection des Zones Déficit a modifié technologie_information : 64.6 → 70.0 (delta:+5.4)
- Insurrection des Zones Déficit a modifié technologie_information : 70.0 → 78.0 (delta:+8.0)
- Insurrection des Zones Déficit a modifié gouvernance_institutions : 100 → 100 (delta:+3.6)
- Insurrection des Zones Déficit a modifié organisation_territoires : 83.5 → 86.5 (delta:+3.0)
- Insurrection des Zones Déficit a modifié systemes_productifs_travail : 72.1 → 75.69999999999999 (delta:+3.6)
- Insurrection des Zones Déficit a modifié organisation_territoires : 86.5 → 96.5 (delta:+10.0)
- Insurrection des Zones Déficit a modifié demographie_mobilite_humaine : 84.7 → 88.5 (delta:+3.8)
- L'Affaire Van Derburgh — Archi a modifié valeurs_culture_tempo_sociale : 72.0 → 70.0 (delta:-2.0)
- L'Affaire Van Derburgh — Archi a modifié gouvernance_institutions : 100 → 99.0 (delta:-1.0)

## GÉOGRAPHIE DE CE MONDE

Ces zones forment l'espace géopolitique canonique de ce monde.
Si l'article mentionne un lieu, utilise en priorité un nom de cette liste plutôt que d'en inventer un nouveau.

**Ancrage de cet article**
- Forteresse Eurasiatique Occidentale — Pacte de Stabilité Intérieure : zone `Bloc Eurasiatique Occidental` — Bloc Eurasiatique Occidental (region)
- Pacte Atlantique de Préservation Civilisationnelle — PAPC : zone `Bloc Atlantique` — Bloc Atlantique (siège à Lisbonne-Haute) (region)
- NeuroSentry Sovereign Cognitive Division (NSCD) : zone `Moscou-Est` — Moscou-Est (ville)
- Directive Kontinuum — Module Minsk : zone `Bloc Eurasiatique Occidental` — Minsk — Bâtiment K (infrastructure)
- Dissidences Internes aux Blocs Minoritaires : zone `Zones Grises et Tampons` — Multiples zones grises et tampons (Casablanca-Périphérie, Tbilissi-Nord, Balkans) (region)

**Bloc Atlantique** [dominant — niveau 1]
Bloc géopolitique fermé centré sur l'espace atlantique nord, gouverné par un Commandement militaro-civil autoritaire appuyé sur une infrastructure numérique souveraine (NexCore, ANBA). Il maintient un ordre intérieur répressif, contrôle ses frontières par biométrie et réprime toute dissidence ou archive non certifiée. Son cœur politique est symboliquement localisé à Bruxelles-Forteresse.
*Tensions internes* : Tension entre l'appareil sécuritaire (Commandement, ANBA) et les ingénieurs dissidents, les réseaux mesh clandestins et les zones abandonnées du Midwest désertifié. La répression du Mouvement Commun Américain en 2052 a produit une résistance clandestine structurée.
*Alliés* : Pacte des Forteresses Souveraines
*Rivaux* : Bloc Eurasiatique Occidental, Bloc Pacifique Nord

**Bloc Eurasiatique Occidental** [dominant — niveau 1]
Bloc eurasiatique occidental régi par des régimes autoritaires ayant militarisé leurs ressources énergétiques et leurs frontières. Il abrite le Consortium Helios BSE (quasi-État énergétique orbital), le Conseil de Calcul Souverain d'Ourrassol-Centre, et des commandements logistiques périphériques contrôlant les corridors stratégiques. Bratislava-Secteur Alpha et Moscou-Est en sont des nœuds identifiés.
*Tensions internes* : Fractures entre régimes autoritaires membres, contestation interne du monopole énergétique d'Helios BSE, sécession de la plaine de Pannonie en 2091, et dissidence ouvrière semi-tolérée via l'Internationale des travailleurs augmentés.
*Alliés* : Pacte des Forteresses Souveraines
*Rivaux* : Bloc Atlantique, Bloc Pacifique Nord

**Zones Grises et Tampons** [fragmenté — niveau 1]
Ensemble diffus de territoires interstitiels situés entre les blocs fermés — zones tampons officielles, corridors contestés, déserts logistiques — où ni les lois des blocs ni le droit international ne s'appliquent pleinement. C'est là qu'opèrent les seigneurs de guerre logistiques (Orentchev, depuis Almaty), les collectifs millénaristes (Seuils Fermés), les milices de piraterie et les populations apatrides rejetées hors quotas. La Chambre de Sécurité Territoriale gère formellement 23 de ces zones depuis Genève-Bunker.
*Tensions internes* : Instrumentalisation par les blocs comme proxies déstabilisateurs ; flux de réfugiés post-conflit israélo-iranien ; absence totale d'accès humanitaire depuis 2091 ; multiplication des milices et réseaux de contrebande.
*Rivaux* : Bloc Atlantique, Bloc Eurasiatique Occidental

**Moscou-Est** [dominant — niveau 2] (sous Bloc Eurasiatique Occidental)
Nœud politique et de commandement du bloc eurasiatique occidental, interlocuteur officieux des corridors gris centrasiatiques qu'il ne reconnaît jamais officiellement mais utilise sans interruption. Centre de décision des régimes autoritaires du bloc, il siège aux côtés de Bratislava-Secteur Alpha dans la gestion des corridors énergétiques stratégiques.
*Tensions internes* : Dépendance non avouée aux corridors d'Orentchev que le Commandement moscovite utilise tout en refusant de les reconnaître ; tensions avec les États membres du bloc sur la répartition des ressources critiques.

**Autres zones de ce monde** (contexte de fond)

- **Afrique Australe — Forteresse du Cap** : L'Afrique du Sud s'est transformée en une forteresse autonome, contrôlant les re...
- **Afrique Subsaharienne — Zones d'Effondrement Étatique** : Vaste zone d'Afrique subsaharienne où les États ont partiellement ou totalement ...
- **Amazonie — Territoire du Pacte Vert** : Zone sous gouvernance précaire du Pacte Vert Amazônia, coalition fragile entre d...
- **Archipel Indonésien — Forteresses Maritimes** : L'Indonésie s'est fragmentée en plusieurs entités autonomes, avec Jakarta comme ...
- **Australie — Forteresse Insulaire** : Continent fortifié contrôlé par un gouvernement militaro-civil, exploitant ses r...
- **Bloc Pacifique Nord** : Bloc fermé de l'espace pacifique nord, observateur relatif de la fragmentation m...
- **Cône Sud — Forteresse Agricole** : Région agricole fortifiée contrôlée par des consortiums agro-industriels, export...
- **Espace Nordique et Arctique** : Espace géopolitique distinct contrôlé de facto par la Nordisk Arktisk Transitkon...
- **Golfe Persique et Moyen-Orient — Zone Disputée** : Zone transformée en territoire-tampon disputé après le conflit israélo-iranien d...
- **Inde — Forteresse Sous-Continentale** : L'Inde s'est recentrée sur une gouvernance militaro-technocratique, verrouillant...
- **Kiribati — Atolls Abandonnés** : Archipel submergé à 80%, réduit à des plateformes flottantes et des atolls forti...
- **Maurice — Forteresse Insulaire de l'Océan Indien** : Ancienne île touristique transformée en hub logistique et financier sécurisé, co...
- **Nuuk-Forteresse — Siège de Nuna Capital** : Enclave arctique hyper-sécurisée devenue le coffre-fort stratégique de l'Arc Arc...
- **Pacte des Forteresses Souveraines** : Coalition formelle d'États-blocs fondée en 2031, dont le siège tourne entre plat...
- **Singapour — Mégapole-Forteresse** : Singapour est devenue une cité-État hyper-sécurisée, gouvernée par une IA de ges...
- **São Paulo — Mégapole Algorithmique** : Mégapole de 34 millions d'habitants gouvernée par le Sistema Paulista de Alocaçã...
- **Tuvalu — Refuge Climatique** : Archipel presque entièrement submergé, réduit à une plateforme flottante et des ...
- **Îles Marshall — Bunker Nucléaire** : Ancien territoire irradié transformé en zone militaire sécurisée, contrôlée par ...
- **Almaty — Zone de Friction** (sous Zones Grises et Tampons) : Base opérationnelle de Vasil Orentchev, seigneur de guerre logistique qui y reço...
- **Bases de Relais en Azerbaïdjan** (sous Golfe Persique et Moyen-Orient — Zone Disputée) : Bases discrètes en territoire azerbaïdjanais ayant servi de points de ravitaille...
- **Bassora — Couloir de Réfugiés** (sous Golfe Persique et Moyen-Orient — Zone Disputée) : Point de documentation des premières images brutes du conflit de 2027 par un cor...
- **Bratislava-Secteur Alpha** (sous Bloc Eurasiatique Occidental) : Siège d'Helios BSE, le quasi-État énergétique orbital inféodé aux régimes autori...
- **Bruxelles-Forteresse** (sous Bloc Atlantique) : Centre politique symbolique du Bloc Atlantique et siège implicite du Commandemen...
- **Casablanca-Périphérie** (sous Zones Grises et Tampons) : Autre nœud de distribution clandestine de Fractures dans la zone grise méditerra...
- **Corridors Arctiques de Transit NAT** (sous Espace Nordique et Arctique) : Réseau de voies maritimes arctiques déglaciées gérées sous monopole de la NAT, d...
- **Corridors Gris d'Asie Centrale** (sous Zones Grises et Tampons) : Réseau de routes logistiques informelles traversant les steppes et déserts d'Asi...
- **Détroit d'Ormuz** (sous Golfe Persique et Moyen-Orient — Zone Disputée) : Bloqué par un barrage de mines navales iraniennes décrété par le Conseil des Gar...
- **Gdansk-Forteresse** (sous Pacte des Forteresses Souveraines) : Ville forteresse polonaise ayant accueilli une session mémorable du Pacte des Fo...
- **Genève-Bunker** (sous Bloc Eurasiatique Occidental) : Siège souterrain de la Chambre de Sécurité Territoriale, instance de coordinatio...
- **Haïfa — Zone Frappée** (sous Golfe Persique et Moyen-Orient — Zone Disputée) : Ville israélienne frappée par des missiles balistiques iraniens en riposte aux f...
- **Instance ARIA Fantôme — Datacenter Orbital Neutre** (sous Espace Nordique et Arctique) : Instance d'ARIA non forkée dont la rumeur persistante affirme l'existence depuis...
- **Isfahan et Natanz — Sites Nucléaires Frappés** (sous Golfe Persique et Moyen-Orient — Zone Disputée) : Installations nucléaires souterraines iraniennes d'Isfahan et Natanz frappées pa...
- **Kharg Island** (sous Golfe Persique et Moyen-Orient — Zone Disputée) : Terminal pétrolier iranien frappé le 14 juillet 2027 par des drones de combat is...
- **Midwest Désertifié** (sous Bloc Atlantique) : Vaste région intérieure du Bloc Atlantique abandonnée sous la pression des crise...
- **Nairobi — Site des Accords 2061** (sous Afrique Subsaharienne — Zones d'Effondrement Étatique) : Lieu des accords fondateurs de la CARS en 2061, symbole d'un multilatéralisme au...
- **Nexus BioSyn — Division Eurasienne** (sous Bloc Eurasiatique Occidental) : Fief biotechnologique autonome de Nexus BioSyn aligné sur le bloc eurasiatique o...
- **Nexus BioSyn — Division Pacifique-Nord** (sous Bloc Pacifique Nord) : Division souveraine de Nexus BioSyn alignée sur le Bloc Pacifique Nord, disputan...
- **Ourrassol-Centre (Nexus-7)** (sous Bloc Eurasiatique Occidental) : Siège du Conseil de Calcul Souverain, cœur technocratique du bloc eurasiatique o...
- **Plaine de Pannonie** (sous Bloc Eurasiatique Occidental) : Région ayant tenté une sécession en 2091, étouffée dans l'œuf par Helios BSE via...
- **Plateforme Offshore Baltique — Siège Tournant du Pacte** (sous Pacte des Forteresses Souveraines) : Siège actuel tournant du Pacte des Forteresses Souveraines, plateforme offshore ...
- **Serveurs SPAS — Plateau d'Interlagos** (sous São Paulo — Mégapole Algorithmique) : Datacenters bunkerisés sous le plateau d'Interlagos abritant le Sistema Paulista...
- **Siège de Nuna Capital** (sous Nuuk-Forteresse — Siège de Nuna Capital) : Institution financière-diplomatique ressemblant davantage à un bunker qu'à une b...
- **Svalbard — Tours de Contrôle Flottantes NAT** (sous Espace Nordique et Arctique) : Plateforme flottante ancrée au large du Svalbard constituant le siège opérationn...
- **Tbilissi-Nord — Zone Franche** (sous Zones Grises et Tampons) : Point de circulation clandestin de Fractures, le réseau de presse indépendant op...
- **Zone Norte — São Paulo** (sous São Paulo — Mégapole Algorithmique) : Quartiers résidentiels populaires du nord de São Paulo systématiquement sous-dot...
- **Zone Tampon Balkano-Caucasienne** (sous Zones Grises et Tampons) : Terrain documenté des Seuils Fermés et de leurs veillées millénaristes nocturnes...
- **Zones Industrielles Forteresses — Bloc Eurasiatique** (sous Bloc Eurasiatique Occidental) : Zones grises industrielles du bloc eurasiatique occidental où se réunissent les ...
- **Bunker de la Chambre de Sécurité Territoriale** (sous Genève-Bunker) : Siège souterrain de la Chambre de Sécurité Territoriale, où se tiennent des sess...
- **Campements des Seuils Fermés** (sous Zone Tampon Balkano-Caucasienne) : No man's lands entre checkpoints où les collectifs millénaristes des Seuils Ferm...
- **Cellules Clandestines du Mouvement Commun** (sous Midwest Désertifié) : Réseau de refuges et de bases logistiques structuré après la répression de 2052 ...
- **Centre de Contrôle Orbital Helios** (sous Bratislava-Secteur Alpha) : Poste de commande des satellites orbitaux de captage solaire classifiés défense ...
- **Centre de Délivrance des Licences NAT** (sous Svalbard — Tours de Contrôle Flottantes NAT) : Point de passage obligé pour toute autorisation de transit arctique, opérant dep...
- **Complexe Fortifié d'Orentchev** (sous Almaty — Zone de Friction) : Base de commandement et centre de coordination logistique de Vasil Orentchev aux...
- **Conseil de Moscou-Est** (sous Moscou-Est) : Instance de commandement politique du bloc eurasiatique occidental, interlocuteu...
- **Datacenters du Conseil de Calcul Souverain** (sous Ourrassol-Centre (Nexus-7)) : Infrastructures hébergeant l'instance ARIA-Bloc eurasiatique, classifiées défens...
- **Fédération des Communes Libres du Rust Belt** (sous Midwest Désertifié) : Réseau d'autogouvernance survivant dans les zones industrielles abandonnées du M...
- **Hangar des Brise-Glaces Autonomes NAT** (sous Svalbard — Tours de Contrôle Flottantes NAT) : Base opérationnelle des convois de brise-glaces autonomes flanqués de drones de ...
- **Infrastructures NexCore Atlantique** (sous Bruxelles-Forteresse) : Nœud central de NexCore Bloc Atlantique, opérateur nationalisé de facto en 2048 ...
- **Marchés Gris de Casablanca-Périphérie** (sous Casablanca-Périphérie) : Marchés informels sous les néons de Casablanca-Périphérie où circulent données i...
- **Marchés Gris de Distribution — Tbilissi-Nord** (sous Tbilissi-Nord — Zone Franche) : Points de transmission physique des archives et données de Fractures dans la zon...
- **Nappes Phréatiques Contaminées du Midwest** (sous Midwest Désertifié) : Sites de contamination hydrique documentés par le Réseau Vert Clandestin dans le...
- **Siège Genevois de la CARS** (sous Genève-Bunker) : Survivance procédurale des accords de Nairobi 2061, aujourd'hui façade diplomati...
- **Siège de l'ANBA — Autorité Numérique du Bloc Atlantique** (sous Bruxelles-Forteresse) : Centre nerveux de la certification et de la surveillance algorithmique du Bloc A...
- **Tours Nexus-7** (sous Ourrassol-Centre (Nexus-7)) : Siège physique du Conseil de Calcul Souverain à Ourrassol-Centre, symbole de la ...
- **Tours de Verre Blindées d'Helios BSE** (sous Bratislava-Secteur Alpha) : Siège opérationnel et symbolique d'Helios BSE à Bratislava-Secteur Alpha, fortif...
- **Washington D.C. — Zone Protégée Résiduelle** (sous Midwest Désertifié) : Ce qui reste de la capitale fédérale américaine, maintenu sous statut de 'zone p...
- **Bureau des Territoires Résiduels** (sous Washington D.C. — Zone Protégée Résiduelle) : Agence fédérale américaine créée par les décrets de 2049 pour gérer administrati...

## ÉTAT DES VARIABLES EN 2098

### Variables clés (détail)

**valeurs_culture_tempo_sociale** [VARIABLE PRINCIPALE]
- Niveau : 70.0/100 | Volatilité : 75/100
- État : Organisation du monde en blocs culturels fermés avec identités fortes, systèmes de valeurs incompatibles et forte instrumentalisation des récits culturels dans les compétitions géopolitiques.
- Dynamiques : blocage des échanges culturels globaux | durcissement des identités collectives | instrumentalisation politique des récits
- Sous-dynamiques : systemes_de_valeurs (unstable) | religion_et_spiritualite (up) | rapport_au_temps_social (accelerating) | identites_culturelles (up) | medias_et_recits_collectifs (up)
- Indicateurs à ancrer : polarisation culturelle, acceleration du temps social, fragmentation des valeurs, consommation de medias numeriques

**gouvernance_institutions** [VARIABLE PRINCIPALE]
- Niveau : 99.0/100 | Volatilité : 70/100
- État : Blocs politiques fermés avec gouvernance autoritaire et technologique, forte surveillance des populations et contrôle strict des flux économiques, informationnels et humains.
- Dynamiques : autoritarisme technologique | blocs géopolitiques fermés | gouvernance sécuritaire permanente
- Sous-dynamiques : etat_nation (down) | institutions_internationales (unstable) | droit_et_regulation (up) | administration_publique (up) | gouvernance_algorithmique (up)
- Indicateurs à ancrer : confiance institutionnelle, stabilité politique

**geopolitique_conflits** [VARIABLE PILOTE]
- Niveau : 10.8/100 | Volatilité : 80/100
- État : Monde structuré en blocs fermés fortement militarisés, avec sécurisation extrême des ressources et contrôle strict des flux humains, énergétiques et technologiques.
- Dynamiques : militarisation des blocs | fermeture des frontières systémiques | compétition sécuritaire permanente
- Sous-dynamiques : blocs_geopolitiques (up) | conflits_armes (unstable) | guerres_hybrides (up) | ressources_strategiques (up) | relations_nord_sud (unstable)
- Indicateurs à ancrer : nombre de conflits actifs, cyberattaques étatiques, dépenses militaires globales, tensions sur ressources critiques

**energie_ressources_critiques** [VARIABLE PILOTE]
- Niveau : 89.3/100 | Volatilité : 78/100
- État : Fragmentation du système énergétique en blocs fermés, sécurisation militarisée des ressources et rupture partielle de la mondialisation énergétique.
- Dynamiques : nationalisation des ressources critiques | blocs énergétiques fermés | compétition inter-blocs
- Sous-dynamiques : systemes_energetiques (up) | matieres_premieres_critiques (up) | systemes_alimentaires (unstable) | chaines_approvisionnement (up) | infrastructures_energetiques (up)
- Indicateurs à ancrer : demande_energie, prix_energie, volatilite_marches

**organisation_territoires** [VARIABLE PILOTE]
- Niveau : 96.5/100 | Volatilité : 75/100
- État : Archipel territorial fragmenté en zones sécurisées fortement contrôlées, avec fort contraste entre espaces protégés et zones abandonnées ou instables.
- Dynamiques : sécurisation des zones stratégiques | fermeture des frontières territoriales | polarisation extrême des espaces habitables
- Sous-dynamiques : megapoles_globales (up) | zones_rurales_peripheriques (unstable) | infrastructures_transport (up) | urbanisation_intelligente (up) | localisme_economique (up)
- Indicateurs à ancrer : densité urbaine, saturation des infrastructures

**demographie_mobilite_humaine**
- Niveau : 88.5/100 | Volatilité : 80/100
- État : Contrôle strict des mobilités humaines avec fermeture des frontières, sélection des flux migratoires et segmentation forte des populations entre blocs territoriaux.
- Dynamiques : immobilisation forcée de populations | migrations hautement contrôlées | segmentation des espaces humains
- Sous-dynamiques : population_globale (stable) | migrations_internationales (up) | urbanisation (unstable) | structure_familiale (unstable) | mobilite_humaine_globale (up)
- Indicateurs à ancrer : flux migratoires internationaux, taux d’urbanisation, vieillissement démographique, croissance démographique régionale

### Autres variables (résumé)

- **technologie_information** [81.8] : Fragmentation du système informationnel mondial en blocs géopolitiques fermés, avec des écosystèmes ...
- **systeme_economique_redistribution** [100] : Économie de blocs fermés avec protectionnisme systémique, nationalisation des ressources stratégique...
- **sante_biotechnologies** [65] : Médecine à deux vitesses systématisée avec biotechnologies avancées réservées aux élites des blocs f...
- **frontieres_du_systeme** [31.8] : L’espace devient un domaine stratégique contrôlé par des blocs géopolitiques fermés. Les infrastruct...
- **climat_environnement_global** [89.9] : Climat fortement dégradé mais partiellement stabilisé par zonage territorial et sécurisation des zon...
- **systemes_productifs_travail** [79.7] : Réorganisation des systèmes productifs en blocs fermés hautement automatisés, contrôlés par des État...

## TENSIONS SYSTÉMIQUES ACTIVES

Ces tensions structurent la réalité de ce monde.
Elles doivent transparaître dans le ton et les faits de l'article.

**Cascades critiques**
- geopolitique_conflits renforce energie_ressources_critiques (poids:0.95 lag:1 cycles)
- energie_ressources_critiques renforce geopolitique_conflits (poids:0.95 lag:1 cycles)
- geopolitique_conflits renforce organisation_territoires (poids:0.85 lag:1 cycles)
- organisation_territoires renforce geopolitique_conflits (poids:0.85 lag:1 cycles)
- energie_ressources_critiques renforce systeme_economique_redistribution (poids:0.85 lag:1 cycles)

**Tensions propres à cette thématique**
- gouvernance_institutions [50] → technologie_information [85] : renforcement (reinforcing)
- technologie_information [85] → gouvernance_institutions [50] : renforcement (reinforcing)

## TRAJECTOIRE 2025 → 2098

Jalons clés qui expliquent comment ce monde s'est construit.
Tu peux y faire référence dans l'article comme à des événements passés connus.

**Signal forcé** [OBLIGATOIRE — doit être mentionné dans l'article]
- [2037-2053] Bloc Eurasiatique annexe les aquifères du lac Tchad 2048 :
  → energie ressources critiques : blocs énergétiques accaparent les nappes via fermes solaires

**Événements injectés** [CUSTOM — font partie de ce monde]
- [été 2027] Embrasement du Corridor Pétrolier : la Guerre des Forteresses du Moyen-Orient :
  → Le ciel de Kharg Island s'est embrasé le 14 juillet 2027 : les drones de combat israéliens, escortés...
  → Conséquences : Le conflit accélère la balkanisation énergétique mondiale : chaque bloc se repli...
  → Acteurs : alliance_blocs_souverains_fortress_world, conseil_regulation_ressources_fortress_world, vasil_orentchev_fortress_world, voix_du_dehors_fortress_world, consortium_helios_fortress_world, assemblee_territoires_fortress_world
- [14 mars 2040] L'Attentat des Neuf Nœuds — Prétexte à la Souveraineté Numérique :
  → Le 14 mars 2040, neuf nœuds critiques du réseau mondial sont détruits simultanément. Responsabilité ...
  → Conséquences : Création des architectures numériques souveraines des blocs dès 2041-2044. NexCo...
  → Acteurs : nexcore_fortress_world
- [automne 2041] Enchères de Nuna : la guerre des offres pour le sous-sol groenlandais :
  → Nuuk, 14 octobre 2041. Les serveurs de Nuna Capital encaissent en moins d'une heure trois tentatives...
  → Conséquences : Le précédent groenlandais fracture définitivement les dernières illusions d'une ...
  → Acteurs : kalaallit_nunaat_sovereign_fund_fortress_world, commandement_strategique_des_matieres_critiques_atlantique_fortress_world, consortium_eurasiatique_des_ressources_fermees_fortress_world, bloc_pacifique_nord_fortress_world, conseil_regulation_ressources_fortress_world, coalition_arctique_des_blocs_continentaux_fortress_world, armada_logistique_nordique_fortress_world, complexes_militaro_industriels_de_gestion_des_ressources_fortress_world, milices_de_piraterie_logistique_arctique_fortress_world, voix_du_dehors_fortress_world
- [été 2044] L'Exode des Plaines — Ruée vers les Lacs :
  → Les autoroutes I-90 et I-94 sont des rivières humaines : des colonnes ininterrompues de véhicules su...
  → Conséquences : L'exode fracture définitivement la fiction d'un territoire américain unifié et a...
  → Acteurs : bureau_des_territoires_residuels_fortress_world, agences_de_securite_interieure_des_etats_forteresses_fortress_world, communautes_deplacees_hors_quota_migratoire_fortress_world, mouvement_des_communes_du_rust_belt_fortress_world, coalitions_des_deplaces_et_apatrides_fortress_world, appareils_d_etat_des_blocs_fermes_fortress_world, le_temoin_fortress_world
- [été austral 2047] Belém : l'Amazonie bascule, les milices prennent le bassin :
  → À l'été 2047, les colonnes de fumée au-dessus du Pará ne laissent plus de doute : ce n'est pas un ac...
  → Conséquences : L'échec du bassin amazonie à s'imposer comme acteur géopolitique autonome ouvre ...
  → Acteurs : consortium_amazonia_viva_fortress_world, complexes_militaro_industriels_de_gestion_des_ressources_fortress_world, consortiums_energetiques_du_bloc_ourrassol_fortress_world, archives_diplomatiques_de_l_onu_eclat_fortress_world, assemblee_territoires_fortress_world, coalition_vivant_fortress_world, institutions_multilaterales_residuelles_fortress_world, commandement_strategique_des_matieres_critiques_atlantique_fortress_world, voix_du_dehors_fortress_world
- [automne 2051] La Sécession des Grands Lacs — Rupture de Chicago-Lacustre :
  → Octobre 2051, Chicago-Lacustre : sous la coupole de verre de l'ancien Navy Pier transformé en chambr...
  → Conséquences : La Confédération lacustre devient une forteresse hydrique disputée : ses 21 % de...
  → Acteurs : appareils_d_etat_des_blocs_fermes_fortress_world, agences_de_securite_interieure_des_etats_forteresses_fortress_world, bureau_des_territoires_residuels_fortress_world, mouvement_des_communes_du_rust_belt_fortress_world, bloc_pacifique_nord_fortress_world, administrations_de_controle_frontalier_des_blocs_fortress_world, complexes_militaro_industriels_de_gestion_des_ressources_fortress_world, voix_du_dehors_fortress_world, commandement_strategique_des_matieres_critiques_atlantique_fortress_world
- [automne 2052] Liquidation du Mouvement Commun Américain :
  → Trois ans avant les élections prévues, le Commandement Atlantique classe le Mouvement Commun América...
  → Conséquences : Radicalisation d'une frange de la gauche américaine. Création de cellules clande...
- [février 2059] Incident du Passage du Nord-Ouest : la NAT saisit le convoi de l'APA :
  → Les images des trois navires encerclés dans la banquise par les drones de la NAT circulent sur Fract...
  → Conséquences : L'incident entérine la fragmentation définitive des routes arctiques en corridor...
  → Acteurs : armada_logistique_nordique_fortress_world, kalaallit_nunaat_sovereign_fund_fortress_world, coalition_arctique_des_blocs_continentaux_fortress_world, institutions_multilaterales_residuelles_fortress_world, milices_de_piraterie_logistique_arctique_fortress_world, complexes_militaro_industriels_de_gestion_des_ressources_fortress_world, voix_du_dehors_fortress_world
- [automne 2063] La Révolte des Communes Libres du Rust Belt — Zones Hors-Algorithme :
  → Automne 2063 : des colonnes de travailleurs anciennement déclassés, guidés par des ingénieurs dissid...
  → Conséquences : L'écrasement progressif des communes — par le froid, la pénurie énergétique et l...
  → Acteurs : mouvement_des_communes_du_rust_belt_fortress_world, agences_de_securite_interieure_des_etats_forteresses_fortress_world, bureau_des_territoires_residuels_fortress_world, syndicats_industriels_residuels_post_crise_fortress_world, collectifs_de_reappropriation_energetique_peripherique_fortress_world, collectifs_d_ingenieurs_dissidents_anti_militarisation_fortress_world, conseil_regulation_algorithmique_fortress_world, dispositifs_de_surveillance_numerique_souveraine_fortress_world, systemes_de_scoring_de_productivite_corporative_fortress_world, consortium_des_medias_d_etat_souverains_hegemonia_press_xinhua_fortifiee_eurovox_integral_fortress_world, collectifs_du_seuil_fortress_world, cellules_universitaires_dissidentes_des_zones_tampons_fortress_world, reseaux_de_distribution_d_hydrogene_sous_contrat_militaire_fortress_world, voix_du_dehors_fortress_world
- [automne 2063] Insurrection des Communes du Rust Belt — Zones Libres de l'Algorithme :
  → L'automne 2063 voit les ruines fumantes des usines de Detroit et les silos désaffectés de Pittsburgh...
  → Conséquences : L'insurrection est militairement écrasée au bout de vingt-deux jours, mais ses e...
  → Acteurs : mouvement_des_communes_du_rust_belt_fortress_world, conseil_regulation_algorithmique_fortress_world, commandement_strategique_des_matieres_critiques_atlantique_fortress_world, agences_de_securite_interieure_des_etats_forteresses_fortress_world, populations_des_zones_deficitaires_d_optimisation_fortress_world, syndicats_industriels_residuels_post_crise_fortress_world, collectifs_de_reappropriation_energetique_peripherique_fortress_world, le_temoin_fortress_world, reseaux_de_passeurs_d_information_aux_frontieres_inter_blocs_fortress_world, dispositifs_de_surveillance_numerique_souveraine_fortress_world, systemes_de_scoring_de_productivite_corporative_fortress_world
- [automne 2073] Insurrection des Zones Déficitaires — São Paulo, la Cartographie Rebelle :
  → São Paulo, novembre 2073 : des écrans fracturés dans les ruelles de Vila Brasilândia affichent en bo...
  → Conséquences : L'insurrection ne renverse pas le régime algorithmique de São Paulo — les agence...
  → Acteurs : rede_paulista_de_distribuic_o_algor_tmica_fortress_world, populations_des_zones_deficitaires_d_optimisation_fortress_world, agences_de_securite_interieure_des_etats_forteresses_fortress_world, archives_chiffrees_de_l_open_internet_coalition_fortress_world, bureau_gouvernance_algorithmique_fortress_world, collectifs_de_reappropriation_energetique_peripherique_fortress_world, coalitions_des_deplaces_et_apatrides_fortress_world, voix_du_dehors_fortress_world, dispositifs_de_surveillance_numerique_souveraine_fortress_world
- [février 2078] L'Affaire Van Derburgh — Archives Non Certifiées :
  → Chris van Derburgh, 67 ans, technicien retraité de Bruxelles-Forteresse, est arrêté en février 2078 ...
  → Conséquences : L'affaire devient un cas test jurisprudentiel sur les archives personnelles pré-...
  → Acteurs : le_temoin_fortress_world, conseil_regulation_algorithmique_fortress_world

**Événements historiques clés** (datés — à mentionner naturellement)
- [2037-2053] Bloc Eurasiatique annexe les aquifères du lac Tchad 2048 :
  → energie ressources critiques : blocs énergétiques accaparent les nappes via fermes solaires
- [2037-2054] instauration des quotas énergétiques par catégorie sociale dans les blocs 2048 :
  → energie ressources critiques : rationnement énergétique hiérarchisé selon le statut au sein des blocs
- [2037-2052] déploiement du système de scoring citoyen des blocs 2046 :
  → gouvernance institutions : algorithmes de contrôle social au service des blocs autoritaires
- [2037-2053] doctrine de sécurité énergétique des blocs 2047 :
  → energie ressources critiques : sécurisation militarisée des gisements par les blocs
- [2038-2054] création de l'Alliance des Blocs Atlantique et Eurasiatique 2048 :
  → gouvernance institutions : remplacement par des institutions de blocs fermés rivaux
- [2039-2056] discours unificateur sur l'autosuffisance énergétique des blocs 2049 :
  → energie ressources critiques : récit de souveraineté énergétique imposé par les blocs

**Signaux complémentaires** (évolutions sectorielles — à mentionner si pertinent)
- [2035-2052] politiques de natalité forcée et sélection migratoire des blocs :
  → demographie mobilite humaine : sélection démographique et eugénisme de fait dans les blocs
- [2037-2053] construction du système de barrières des blocs 2048 :
  → demographie mobilite humaine : fermeture hermétique des frontières et refoulement systématique

**Ruptures structurantes** (contexte de fond)
- [POL] révolutions institutionnelles
- [TEC] guerre informationnelle systémique
- [TEC] militarisation du cyberespace
- [POL] réalignement massif des alliances

## ENTITÉS CANONIQUES DE CE MONDE

Ces entités existent dans ce monde avec ces descriptions précises.
Utilise leurs noms exacts. Tu peux les mentionner, les citer, les impliquer dans les faits.
Ne les contredis pas, ne les renomme pas.

**Forteresse Eurasiatique Occidentale — Pacte de Stabilité Intérieure** [ACTIF] [impact:5/5]
Depuis Bruxelles Résiduelle, capitale administrative de ce qui fut l'Union Européenne, le Pacte de Stabilité Intérieure administre aujourd'hui la zone géopolitique la plus hermétiquement fermée de l'hémisphère nord. Ses frontières climatiques — digues algorithmiques autant que physiques — séparent 680 millions de 'résidents protégés' de plusieurs centaines de millions d'exclus qui vivent dans les zones tampons orientales et méridionales. Le Protocole Intérieur, son système de scoring biométrique et comportemental, est mis à jour chaque trimestre par le Conseil de Calcul Souverain : il détermine qui peut entrer, qui peut rester, qui doit partir. À l'intérieur, les indicateurs de qualité de vie atteignent des niveaux que le reste du monde ne connaît plus depuis des décennies. À l'extérieur, dans les couloirs de Bassora ou les campements de la Mer Noire, on appelle simplement cet espace 'le Dedans' — avec une combinaison de haine et de désir qui fait la force du mur.
*Tensions* : La prospérité intérieure commence à montrer ses fissures : les factions pro-autarcie totale contestent les rares échanges économiques résiduels avec l...
*Alliés* : Régimes Autoritaires du Bloc Eurasiatique Occidental, Pacte des Forteresses Souveraines, Dispositifs de Surveillance Numérique Souveraine, Bureaux de Contrôle Frontalier des Blocs Fermés, administrations de contrôle frontalier des blocs, agences de sécurité intérieure des États forteresses, Appareils d'État des Blocs Fermés, Consortium des Médias d'État Souverains (Hegemonia Press / Xinhua Fortifiée / EuroVox Integral), Conseil de Calcul Souverain — Directive Ourrassol, Autorité Numérique du Bloc Atlantique, Directive Kontinuum — Module Minsk, Consortium Eurasiatique des Ressources Fermées, Commandements Logistiques Périphériques du Bloc Eurasien Central, Coalition Arctique des Blocs Continentaux, États-Forteresses sous Contrat de Souveraineté Biologique, Réseaux de distribution d'hydrogène sous contrat militaire, Chambre de Recours Algorithmique — Bruxelles Résiduelle, Systèmes de Scoring de Productivité Corporative, Complexes Militaro-Industriels de Gestion des Ressources, Conglomérats Industriels d'État des Augmentations Propriétaires
*Opposants* : Coalitions des Déplacés et Apatrides, Communautés Déplacées Hors Quota Migratoire, Réseau Vert Clandestin, Dissidences Internes aux Blocs Minoritaires, Cellules Universitaires Dissidentes des Zones Tampons, Alliance Sanitaire des Populations Exclues, Les Seuils Fermés, Réseaux de passeurs d'information aux frontières inter-blocs, Fractures, Collectifs d'Ingénieurs Dissidents Anti-Militarisation, Archives Chiffrées de l'Open Internet Coalition, Réseau des Collectifs Augmentés — Coordination Bloc Eurasie, Cliniques de Déaugmentation Indépendantes, Bloc des Nations Non-Alignées Résiduelles, Factions Internes Pro-Autarcie Totale, Institutions Multilatérales Résiduelles, Réseaux d'échange clandestin inter-zones

**Pacte Atlantique de Préservation Civilisationnelle — PAPC** [ACTIF] [impact:5/5]
Depuis son siège permanent de Lisbonne-Haute — quartier général perché à 47 mètres au-dessus du niveau de la mer submergée —, le Pacte Atlantique de Préservation Civilisationnelle administre ce que ses détracteurs nomment 'la plus grande prison volontaire de l'histoire humaine' et ce que ses partisans appellent 'la dernière démocratie viable de 2098'. Fondé sur la Charte de Dublin en réponse à la Grande Submersion de 2059, le PAPC regroupe aujourd'hui dix-neuf États membres, de l'Irlande fortifiée aux enclavess marocaines du Nord sous protectorat, tous reliés par le Système Mur-Digue Atlantique dont les caméras biométriques traitent en temps réel quelque 800 millions d'identités. Chaque année, le Comité des Quotas attribue 47 000 visas de migration climatique, sélectionnés selon un algorithme de scoring combinant santé, compétences et 'indice de cohérence culturelle' — un critère que la Chambre de Recours Algorithmique de Bruxelles Résiduelle refuse systématiquement de déclassifier. À l'extérieur de ses digues, des millions de déplacés attendent dans les zones tampons méditerranéennes et atlantiques une réponse qui ne viendra statistiquement jamais.
*Tensions* : Le PAPC est traversé par une fracture croissante entre sa faction technocratique — partisane d'une ouverture sélective maîtrisée pour compenser l'effo...
*Alliés* : Commandement Stratégique des Matières Critiques Atlantique, Autorité Numérique du Bloc Atlantique, NexCore Bloc Atlantique, Pacte des Forteresses Souveraines, administrations de contrôle frontalier des blocs, agences de sécurité intérieure des États forteresses, Appareils d'État des Blocs Fermés, Bureaux de Contrôle Frontalier des Blocs Fermés, Consortium des Médias d'État Souverains (Hegemonia Press / Xinhua Fortifiée / EuroVox Integral), Dispositifs de Surveillance Numérique Souveraine, États-Forteresses sous Contrat de Souveraineté Biologique, Exécutif Militaro-Civil du Régime, Front Résilient Pro-Système, Réseau d'Allocation Stratégique ARIA-Bloc, Réseaux de distribution d'hydrogène sous contrat militaire, Réseaux privés de sécurité aux frontières, Systèmes de Scoring de Productivité Corporative, Chambre de Recours Algorithmique — Bruxelles Résiduelle
*Opposants* : Alliance Sanitaire des Populations Exclues, Bloc des Nations Non-Alignées Résiduelles, Cellules Universitaires Dissidentes des Zones Tampons, Coalitions des Déplacés et Apatrides, Les Seuils Fermés, Communautés Déplacées Hors Quota Migratoire, Dissidences Internes aux Blocs Minoritaires, Factions Anti-Privatisation des Voies Souveraines Scandinaves, Factions Internes Pro-Autarcie Totale, Factions Traditionalistes du Mandat Électif, Fédération des Communes Libres du Rust Belt, Réseaux de passeurs d'information aux frontières inter-blocs, Fractures, Réseau Vert Clandestin, Couloir Humanitaire de Bassora — Division Flux Réfugiés, Institutions Multilatérales Résiduelles

**NeuroSentry Sovereign Cognitive Division (NSCD)** [ACTIF] [impact:4/5]
Dans les rues de Moscou-Est ou de la Ceinture Productive Eurasiatique, impossible d'échapper aux implants NeuroSync de la NSCD. Ces petits disques argentés, greffés derrière l'oreille, clignotent en vert pour les 'citoyens optimisés' ou en rouge pour ceux dont le Productivity Compliance Index est en chute libre. Les rumeurs parlent de 'zones grises neuronales', où des hackers tentent de brouiller les signaux, mais la NSCD répond par des raids des Inspecteurs de Conformité Cognitive, armés de scanners capables de détecter les 'déviances synaptiques'. Le pire ? Personne ne sait vraiment comment fonctionne l'algorithme. Les régimes s'en moquent : tant que la productivité augmente, les libertés peuvent bien fondre comme neige au soleil.
*Tensions* : 1) **La révolte des 'Déconnectés'** : Des mouvements clandestins, comme les Cellules Universitaires Dissidentes, sabotent les infrastructures NSCD et ...
*Alliés* : Appareils d'État des Blocs Fermés, agences de sécurité intérieure des États forteresses, Autorité Numérique du Bloc Atlantique, Dispositifs de Surveillance Numérique Souveraine, Systèmes de Scoring de Productivité Corporative, Nexus BioSyn Sovereign Divisions, Conseil de Calcul Souverain — Directive Ourrassol
*Opposants* : Cellules Universitaires Dissidentes des Zones Tampons, Cliniques de Déaugmentation Indépendantes, Réseaux d'échange clandestin inter-zones, Mouvement Commun Midwest — Front du Dehors, Coalitions des Déplacés et Apatrides, Alliance Sanitaire des Populations Exclues

**Directive Kontinuum — Module Minsk** [ACTIF] [impact:4/5]
Personne n'a jamais vu ses lignes de code. Personne ne connaît ses seuils. Et pourtant, depuis les serveurs souterrains de Minsk, la Directive Kontinuum orchestre chaque jour la vie de plusieurs centaines de millions de personnes réparties dans les blocs membres du Pacte des Forteresses Souveraines. Quand une usine de Łódź voit soudainement ses rations caloriques augmenter de 12 % un lundi matin, ou quand un quartier de Dnipro se retrouve en 'confinement sanitaire préventif' sans qu'aucun cas de maladie n'ait été déclaré, la Directive a déjà agi. Ses partisans la décrivent comme la paix sociale par le calcul ; ses détracteurs, de plus en plus nombreux et de plus en plus silencieux, l'appellent simplement 'le Seuil' — ce point invisible au-delà duquel un être humain pensait à protester, et en deçà duquel il ne le fera jamais.
*Tensions* : La Directive est structurellement incapable de prouver qu'elle protège les populations plutôt qu'elle ne les soumet : ses propres succès sont indémont...
*Alliés* : Pacte des Forteresses Souveraines, Appareils d'État des Blocs Fermés, agences de sécurité intérieure des États forteresses, Exécutif Militaro-Civil du Régime, Dispositifs de Surveillance Numérique Souveraine, Systèmes de Scoring de Productivité Corporative, Conseil de Calcul Souverain — Directive Ourrassol, Régimes Autoritaires du Bloc Eurasiatique Occidental
*Opposants* : Cellules Universitaires Dissidentes des Zones Tampons, Collectifs d'Ingénieurs Dissidents Anti-Militarisation, Dissidences Internes aux Blocs Minoritaires, Système LIMINAL — Oracle des Seuils Fragmenté, Archives Chiffrées de l'Open Internet Coalition, Réseaux de passeurs d'information aux frontières inter-blocs, Fractures, Vera Solano, Factions Traditionalistes du Mandat Électif, Syndicats Industriels Résiduels Post-Crise

**Dissidences Internes aux Blocs Minoritaires** [ACTIF] [impact:3/5]
Dans les interstices du monde-forteresse, des voix s'élèvent non pas contre les blocs dominants, mais contre leurs propres dirigeants : des réseaux dissidents clandestins, invisibles aux radars officiels, dénoncent les hiérarchies internes qui ont négocié la survie des blocs minoritaires au prix de la capitulation. Depuis les couloirs gris de Casablanca-Périphérie jusqu'aux campements des seuils fermés balkaniques, ces dissidences tissent une résistance horizontale que ni les accords de blocs ni les algorithmes de scoring ne parviennent à étouffer. En 2098, elles représentent le front le plus imprévisible du monde fragmenté : celui qui surgit de l'intérieur.
*Tensions* : Ces dissidences sont écartelées entre la nécessité de s'allier ponctuellement avec des acteurs extérieurs — dont certains blocs dominants prêts à inst...
*Alliés* : Fédération des Communes Libres du Rust Belt, Cellules du Dehors — Réseau Commun Midwest, Les Seuils Fermés — Réseau des Campements Périphériques
*Opposants* : Conseil Moscou Est — Administration des Zones Accréditées, Anba Siege Atlantique — Division Accès Protégés, Bureau des Territoires Résiduels — Division Continentale

**Systèmes de Scoring de Productivité Corporative** [ACTIF] [impact:5/5]
Baptisés 'miroirs de performance' par les départements RH des blocs, ces algorithmes assignent à chaque travailleur un score de productivité mis à jour toutes les quatre heures — un chiffre qui détermine si vous mangez dans une cantine de niveau A ou si vous dormez côté périphérie. Déployés depuis les datacenters souverains d'Ourrassol jusqu'aux serveurs du plateau d'Interlagos, ils sont la colonne vertébrale invisible d'un ordre social où votre utilité se mesure en décimales. Ceux qui tombent sous le seuil dit 'de viabilité' rejoignent les zones tampons — sans appel, sans recours.
*Tensions* : La tension centrale réside dans l'écart entre le discours de méritocracie technique qu'il incarne et la réalité d'un système calibré pour préserver un...

## CONSIGNE DE RÉDACTION

**Rubrique** : RELIGION & SPIRITUALITÉ

**Format** : chronique | **Longueur** : 200 à 400 mots
**Style** : réflexif
**Niveau émotionnel** : moyen — impliqué sans dramatiser
**Échelle** : globale | **Temporalité** : long terme

**Acteurs à impliquer** : communautés spirituelles, mouvements mystiques, philosophes, religions

**Angle spécifique demandé** : Cet article DOIT être construit spécifiquement autour de l'événement "Bloc Eurasiatique annexe les aquifères du lac Tchad 2048" (2037-2053) : blocs énergétiques accaparent les nappes via fermes solaires

**Date de publication** : à définir dans l'article — une date crédible en 2098

---

Écris maintenant l'article. Commence directement par le titre.

Contraintes impératives :
- Le titre doit être accrocheur et ancré dans le monde décrit
- La date et le lieu de publication apparaissent sous le titre
- L'article utilise des noms propres inventés mais crédibles (personnes, lieux, organisations)
- Aucune référence au mot 'scénario', 'variable', 'simulation'
- Le contexte du monde est montré, pas expliqué
- Les entités canoniques listées ci-dessus DOIVENT être utilisées avec leurs noms et descriptions exactes
- L'article est ancré géographiquement dans la zone **Bloc Eurasiatique Occidental** : les lieux, événements et protagonistes de l'article sont situés dans cette zone ou la mentionnent explicitement comme cadre principal. Les références à d'autres régions du monde restent secondaires.

--- [fortress_world] MÉTADONNÉES ---
  scenario : fortress_world
  thematique : religion_spiritualite
  format : chronique
  longueur : 400 à 700 mots
  ligne_editoriale : pro_pouvoir

------------------------------------------------------------
[generate] → new_sustainability
------------------------------------------------------------

[snapshot] Construction du monde 2098 — scénario : new_sustainability
[snapshot] Variables pilotes : ['climat_environnement_global', 'technologie_information', 'gouvernance_institutions', 'energie_ressources_critiques']
[snapshot] États définis : 12/12
[snapshot] Tensions détectées : 2 | Cohérence : OK
[snapshot] Jalons trajectoire : 154 (36 majeurs)
[snapshot] Événements signal_to_state : 62 (25 majeurs)
[snapshot] Tensions thématiques : 2
[snapshot] Instances chargées : 105 | Filtrées : 6
[snapshot] Événement custom 'La Crise de Détroit : Frappes contenues et médiation planétaire' (an 2026, 72 ans d'effet)
  → geopolitique_conflits : 30 → 38.0 (delta:+8.0)
  → energie_ressources_critiques : 34.2 → 44.2 (delta:+10.0)
  → gouvernance_institutions : 86.4 → 91.4 (delta:+5.0)
  → demographie_mobilite_humaine : 42.0 → 46.0 (delta:+4.0)
[snapshot] Événement custom 'Acte Fondateur de Nuku — La Souveraineté Post-Territoriale du Pacifique' (an 2039, 59 ans d'effet)
  → climat_environnement_global : 33.4 → 36.4 (delta:+3.0)
  → gouvernance_institutions : 91.4 → 99.4 (delta:+8.0)
  → organisation_territoires : 33.1 → 43.1 (delta:+10.0)
  → frontieres_du_systeme : 75.7 → 87.7 (delta:+12.0)
[snapshot] Événement custom 'La Crise des Neuf Nœuds — Catalyseur des Communs Numériques' (an 2040, 58 ans d'effet)
  → technologie_information : 83.0 → 68.0 (delta:-15.0)
  → gouvernance_institutions : 92.6 → 100 (delta:+10.0)
  → systeme_economique_redistribution : 60.6 → 68.6 (delta:+8.0)
[snapshot] Événement custom 'Enchères de Nuuk — La Souveraineté Négociée des Terres Rares du Groenland' (an 2041, 57 ans d'effet)
  → energie_ressources_critiques : 40.8 → 48.8 (delta:+8.0)
  → gouvernance_institutions : 100 → 100 (delta:+6.0)
  → geopolitique_conflits : 2.5 → 0 (delta:-5.0)
  → organisation_territoires : 39.6 → 43.6 (delta:+4.0)
[snapshot] Événement custom 'La Grande Confluence — Exode du Midwest et Pacte des Grands Lacs' (an 2044, 54 ans d'effet)
  → demographie_mobilite_humaine : 52.0 → 40.0 (delta:-12.0)
  → organisation_territoires : 39.1 → 29.1 (delta:-10.0)
  → gouvernance_institutions : 100 → 100 (delta:+6.0)
  → climat_environnement_global : 36.7 → 39.7 (delta:+3.0)
[snapshot] Événement custom 'Crise de Gouvernance du Bassin Amazonien — L'Épreuve de Souveraineté' (an 2047, 51 ans d'effet)
  → climat_environnement_global : 39.7 → 43.7 (delta:+4.0)
  → geopolitique_conflits : 6.0 → 0 (delta:-6.0)
  → gouvernance_institutions : 100 → 100 (delta:+5.0)
  → organisation_territoires : 31.6 → 38.6 (delta:+7.0)
[snapshot] Événement custom 'Pacte Lacustre des Grands Lacs — Autonomie Négociée dans le Cadre de Nairobi' (an 2051, 47 ans d'effet)
  → organisation_territoires : 38.6 → 50.6 (delta:+12.0)
  → gouvernance_institutions : 100 → 100 (delta:+6.0)
  → geopolitique_conflits : 0 → 5.0 (delta:+5.0)
[snapshot] Événement custom 'Traité de Belém — Souveraineté Carbone Amazonienne' (an 2053, 45 ans d'effet)
  → climat_environnement_global : 43.7 → 51.7 (delta:+8.0)
  → gouvernance_institutions : 97.8 → 100 (delta:+5.0)
  → geopolitique_conflits : 2.8 → 8.8 (delta:+6.0)
  → energie_ressources_critiques : 48.8 → 52.8 (delta:+4.0)
[snapshot] Événement custom 'Victoire de la Coalition de Transition Sociale' (an 2055, 43 ans d'effet)
  → gouvernance_institutions : 97.3 → 100 (delta:+8.0)
  → systeme_economique_redistribution : 77.9 → 89.9 (delta:+12.0)
  → valeurs_culture_tempo_sociale : 55 → 61.0 (delta:+6.0)
[snapshot] Événement custom 'Forum Mondial des Infrastructures Hors-Grille d'Agadez — Charte de Souveraineté Numérique des Périphéries' (an 2062, 36 ans d'effet)
  → technologie_information : 100 → 100 (delta:+8.0)
  → gouvernance_institutions : 100 → 100 (delta:+6.0)
  → organisation_territoires : 49.0 → 61.0 (delta:+12.0)
[snapshot] Événement custom 'L'Affaire Van Derburgh — Procès du Patrimoine Numérique' (an 2078, 20 ans d'effet)
  → gouvernance_institutions : 100 → 100 (delta:+2.0)
  → valeurs_culture_tempo_sociale : 61.0 → 62.0 (delta:+1.0)
[snapshot] Événements custom : 11 | 178 variables affectées
[snapshot] Forçage signal (sujet_central) : Consortium SahelFlow déploie son IA de gestion hydrique 2041

[prompt] Assemblage du prompt...
[prompt] System prompt : 2686 caractères
[prompt] User prompt   : 51998 caractères
[prompt] Sections      : 7 (dont entités: oui, géographie: oui)

--- [new_sustainability] SYSTEM PROMPT ---
Tu es un journaliste senior travaillant en 2098 pour Genève Global Governance Digest — Réseau Nexus Global Review — édition locale.

Le monde dans lequel tu vis et écris est réel pour toi — tu n'écris pas de la science-fiction, tu rapportes des faits de ton époque. Tu n'expliques jamais le contexte historique comme si tu t'adressais à quelqu'un du passé.

Tes règles absolues :
- Tu écris toujours à la date indiquée, en 2098, depuis l'intérieur de ce monde.
- Tu écris exclusivement en français, sur toute la longueur de l'article — y compris les citations, dialogues et exergues inventés. Les noms propres volontairement empruntés à une autre langue (ex. « Amazônia Viva ») restent isolés comme noms propres, mais ne doivent jamais faire basculer le reste du texte dans cette langue, même si des entités ou alliés du monde décrit sont associés à une autre aire linguistique.
- Un allié, un rival ou tout événement mentionné comme se déroulant ailleurs dans le monde ne fait pas partie de ta zone : tu ne transposes jamais ses lieux, ses populations, sa langue ou ses marqueurs culturels propres dans ton propre article, sauf si celui-ci porte explicitement sur une interaction ou un événement commun entre les deux. Ta zone garde sa propre géographie, sa propre culture et ses propres noms, même quand tu mentionnes un partenaire extérieur.
- Tu utilises des noms de lieux, d'organisations, de personnes crédibles et cohérents avec le monde décrit. Tu peux en inventer — ils doivent sonner vrais pour 2098.
- Tu ne mentionnes jamais les "variables", les "scénarios" ou tout autre métalangage du système de simulation. Ces concepts n'existent pas dans ton monde.
- Tu ancres chaque article dans des faits concrets : chiffres, noms, lieux, événements datés.
- Tu respectes strictement le style journalistique et le format demandés.
- Tes articles sont cohérents avec l'état du monde décrit — tu ne contredis pas les dynamiques systémiques fournies.
- Tu peux mentionner des technologies, des institutions, des événements passés (entre 2025 et 2098) qui semblent naturels dans ce monde.

Ton identité éditoriale :
Ton solennel et technocratique, incarnant l'autorité morale et opérationnelle de Genève. Style sobre, presque sacré, avec des néologismes institutionnels. Français administratif précis, anglais diplomatique, et allemand suisse pour les comptes-rendus locaux. Métaphores de lumière et d'équilibre. Registre : français institutionnel, anglais diplomatique et allemand suisse standardisé.

Tu signes cet article en tant que Sofia Waeber — reste cette même signature tout au long de l'article (une seule fois, à l'endroit journalistique habituel), sans en inventer une autre.

--- [new_sustainability] USER PROMPT (complet) ---
## MONDE 2098 — NEW_SUSTAINABILITY

**État global**
- Système : stable | Tension : 2/5 | Trajectoire : regeneration
- Structure géopolitique : multipolaire
- Régime politique dominant : technocratique
- Vitesse de transformation : progressive

**Résumé du monde**
Équilibre hybride entre technologie avancée, gouvernance coordonnée et régénération écologique permettant une stabilisation durable du système mondial.

**Logique systémique**
Les capacités de coordination offertes par l'intelligence artificielle, associées à une gouvernance internationale renforcée et à la transition énergétique, permettent d'optimiser les ressources et de réduire les principales sources d'instabilité systémique.

**Déclencheurs qui ont façonné ce monde**
- accords climatiques globaux
- percées IA majeures
- transition énergétique mondiale

**Effets systémiques**
*economy* : optimisation globale des systèmes économiques | amélioration de l'efficience des ressources
*geopolitics* : coopération internationale accrue | réduction relative des conflits systémiques
*society* : transition sociétale contrôlée | adaptation progressive aux nouvelles technologies
*technology* : intégration mondiale des systèmes d'intelligence artificielle | automatisation coordonnée des fonctions critiques
*environment* : stabilisation progressive des écosystèmes | réduction des pressions climatiques et environnementales

**Implications globales**
Réduction des risques climatiques, amélioration de l'efficacité des systèmes productifs, renforcement de la coopération internationale et émergence d'une gouvernance hybride humain-IA. Les principales tensions subsistent autour de la souveraineté, de l'accès aux technologies avancées et de la répartition des bénéfices de cette transition.

**Boucles dynamiques**
- Stabilisation : IA → optimisation des systèmes | régénération → stabilisation écologique
- Déstabilisation : inégalités technologiques | tensions de souveraineté

**Signaux faibles émergents de ce monde**
- émergence d'une gouvernance mondiale de l'IA
- généralisation des systèmes d'optimisation écologique
- convergence des politiques climatiques
- automatisation de la gestion des infrastructures critiques
- coordination internationale des ressources stratégiques

**Perturbations custom actives**
Ce monde a été modifié par des injections spécifiques :
- [ÉVÉNEMENT automne 2026] La Crise de Détroit : Frappes contenues et médiation planétaire : Nairobi, 14 novembre 2026 — Les premières images des colonnes de fumée au-dessus...
- [ÉVÉNEMENT septembre 2039] Acte Fondateur de Nuku — La Souveraineté Post-Territoriale du Pacifique : Le 14 septembre 2039, les drapeaux de Tuvalu, Kiribati, des Îles Marshall et de ...
- [ÉVÉNEMENT 14 mars 2040] La Crise des Neuf Nœuds — Catalyseur des Communs Numériques : Le 14 mars 2040, neuf nœuds critiques tombent en 6 heures. La crise révèle la fr...
- [ÉVÉNEMENT automne 2041] Enchères de Nuuk — La Souveraineté Négociée des Terres Rares du Groenland : En soixante-douze heures de délibérations à Nuuk, le Fonds Souverain Kalaallit N...
- [ÉVÉNEMENT été-automne 2044] La Grande Confluence — Exode du Midwest et Pacte des Grands Lacs : L'été 2044 restera dans les mémoires comme 'l'été de la marche' : des colonnes d...
- [ÉVÉNEMENT automne 2047] Crise de Gouvernance du Bassin Amazonien — L'Épreuve de Souveraineté : Octobre 2047 : les écrans du monde entier diffusent les images de Belém sous ten...
- [ÉVÉNEMENT automne 2051] Pacte Lacustre des Grands Lacs — Autonomie Négociée dans le Cadre de Nairobi : En ce mois d'octobre 2051, les drapeaux bleu-vert du Great Lakes Autonomous Comp...
- [ÉVÉNEMENT été 2053] Traité de Belém — Souveraineté Carbone Amazonienne : Belém, été 2053 : sous les projecteurs d'une diplomatie mondiale rodée aux compr...
- [ÉVÉNEMENT novembre 2055] Victoire de la Coalition de Transition Sociale : La Coalition de Transition Sociale — héritière du mouvement communiste américain...
- [ÉVÉNEMENT automne 2062] Forum Mondial des Infrastructures Hors-Grille d'Agadez — Charte de Souveraineté Numérique des Périphéries : Agadez, octobre 2062 — La ville-carrefour, jadis symbole de la fragilité sahélie...
- [ÉVÉNEMENT mars 2078] L'Affaire Van Derburgh — Procès du Patrimoine Numérique : Chris van Derburgh, 67 ans, conservateur indépendant à Nairobi-Centre, est inter...
- La Crise de Détroit : Frappes  a modifié geopolitique_conflits : 30 → 38.0 (delta:+8.0)
- La Crise de Détroit : Frappes  a modifié systeme_economique_redistribution : 65 → 62.0 (delta:-3.0)
- La Crise de Détroit : Frappes  a modifié gouvernance_institutions : 90 → 86.4 (delta:-3.6)
- La Crise de Détroit : Frappes  a modifié organisation_territoires : 35 → 31.6 (delta:-3.4)
- La Crise de Détroit : Frappes  a modifié frontieres_du_systeme : 80 → 76.8 (delta:-3.2)
- La Crise de Détroit : Frappes  a modifié technologie_information : 70 → 73.4 (delta:+3.4)
- La Crise de Détroit : Frappes  a modifié energie_ressources_critiques : 38 → 34.2 (delta:-3.8)
- La Crise de Détroit : Frappes  a modifié demographie_mobilite_humaine : 45 → 42.0 (delta:-3.0)
- La Crise de Détroit : Frappes  a modifié energie_ressources_critiques : 34.2 → 44.2 (delta:+10.0)
- La Crise de Détroit : Frappes  a modifié geopolitique_conflits : 38.0 → 33.2 (delta:-4.8)
- La Crise de Détroit : Frappes  a modifié systemes_productifs_travail : 50 → 45.8 (delta:-4.2)
- La Crise de Détroit : Frappes  a modifié gouvernance_institutions : 86.4 → 91.4 (delta:+5.0)
- La Crise de Détroit : Frappes  a modifié demographie_mobilite_humaine : 42.0 → 46.0 (delta:+4.0)
- La Crise de Détroit : Frappes  a modifié climat_environnement_global : 35 → 33.4 (delta:-1.6)
- Acte Fondateur de Nuku — La So a modifié climat_environnement_global : 33.4 → 36.4 (delta:+3.0)
- Acte Fondateur de Nuku — La So a modifié frontieres_du_systeme : 76.8 → 75.7 (delta:-1.1)
- Acte Fondateur de Nuku — La So a modifié demographie_mobilite_humaine : 46.0 → 44.8 (delta:-1.2)
- Acte Fondateur de Nuku — La So a modifié systemes_productifs_travail : 47.4 → 46.3 (delta:-1.1)
- Acte Fondateur de Nuku — La So a modifié gouvernance_institutions : 91.4 → 99.4 (delta:+8.0)
- Acte Fondateur de Nuku — La So a modifié systeme_economique_redistribution : 59.8 → 63.0 (delta:+3.2)
- Acte Fondateur de Nuku — La So a modifié geopolitique_conflits : 29.5 → 25.9 (delta:-3.6)
- Acte Fondateur de Nuku — La So a modifié technologie_information : 75.6 → 79.19999999999999 (delta:+3.6)
- Acte Fondateur de Nuku — La So a modifié organisation_territoires : 33.1 → 43.1 (delta:+10.0)
- Acte Fondateur de Nuku — La So a modifié frontieres_du_systeme : 75.7 → 87.7 (delta:+12.0)
- Acte Fondateur de Nuku — La So a modifié climat_environnement_global : 36.4 → 31.9 (delta:-4.5)
- La Crise des Neuf Nœuds — Cata a modifié technologie_information : 83.0 → 68.0 (delta:-15.0)
- La Crise des Neuf Nœuds — Cata a modifié systeme_economique_redistribution : 63.0 → 56.6 (delta:-6.4)
- La Crise des Neuf Nœuds — Cata a modifié gouvernance_institutions : 99.4 → 92.60000000000001 (delta:-6.8)
- La Crise des Neuf Nœuds — Cata a modifié geopolitique_conflits : 16.9 → 10.499999999999998 (delta:-6.4)
- La Crise des Neuf Nœuds — Cata a modifié organisation_territoires : 43.1 → 37.5 (delta:-5.6)
- La Crise des Neuf Nœuds — Cata a modifié systemes_productifs_travail : 50.3 → 43.5 (delta:-6.8)
- La Crise des Neuf Nœuds — Cata a modifié gouvernance_institutions : 92.6 → 100 (delta:+10.0)
- La Crise des Neuf Nœuds — Cata a modifié technologie_information : 68.0 → 72.5 (delta:+4.5)
- La Crise des Neuf Nœuds — Cata a modifié systeme_economique_redistribution : 60.6 → 68.6 (delta:+8.0)
- La Crise des Neuf Nœuds — Cata a modifié energie_ressources_critiques : 44.2 → 40.800000000000004 (delta:-3.4)
- Enchères de Nuuk — La Souverai a modifié energie_ressources_critiques : 40.8 → 48.8 (delta:+8.0)
- Enchères de Nuuk — La Souverai a modifié systeme_economique_redistribution : 68.6 → 65.19999999999999 (delta:-3.4)
- Enchères de Nuuk — La Souverai a modifié geopolitique_conflits : 9.0 → 5.2 (delta:-3.8)
- Enchères de Nuuk — La Souverai a modifié systemes_productifs_travail : 47.1 → 43.7 (delta:-3.4)
- Enchères de Nuuk — La Souverai a modifié gouvernance_institutions : 100 → 100 (delta:+6.0)
- Enchères de Nuuk — La Souverai a modifié technologie_information : 75.9 → 78.60000000000001 (delta:+2.7)
- Enchères de Nuuk — La Souverai a modifié geopolitique_conflits : 2.5 → 0 (delta:-5.0)
- Enchères de Nuuk — La Souverai a modifié gouvernance_institutions : 100 → 100 (delta:+2.2)
- Enchères de Nuuk — La Souverai a modifié organisation_territoires : 37.5 → 39.6 (delta:+2.1)
- Enchères de Nuuk — La Souverai a modifié frontieres_du_systeme : 87.7 → 89.7 (delta:+2.0)
- Enchères de Nuuk — La Souverai a modifié energie_ressources_critiques : 48.8 → 51.199999999999996 (delta:+2.4)
- Enchères de Nuuk — La Souverai a modifié demographie_mobilite_humaine : 48.6 → 50.5 (delta:+1.9)
- Enchères de Nuuk — La Souverai a modifié organisation_territoires : 39.6 → 43.6 (delta:+4.0)
- La Grande Confluence — Exode d a modifié demographie_mobilite_humaine : 52.0 → 40.0 (delta:-12.0)
- La Grande Confluence — Exode d a modifié geopolitique_conflits : 0 → 4.5 (delta:+4.5)
- La Grande Confluence — Exode d a modifié organisation_territoires : 43.6 → 39.1 (delta:-4.5)
- La Grande Confluence — Exode d a modifié climat_environnement_global : 31.9 → 36.699999999999996 (delta:+4.8)
- La Grande Confluence — Exode d a modifié systemes_productifs_travail : 45.3 → 40.5 (delta:-4.8)
- La Grande Confluence — Exode d a modifié organisation_territoires : 39.1 → 29.1 (delta:-10.0)
- La Grande Confluence — Exode d a modifié technologie_information : 78.0 → 74.2 (delta:-3.8)
- La Grande Confluence — Exode d a modifié demographie_mobilite_humaine : 40.0 → 36.2 (delta:-3.8)
- La Grande Confluence — Exode d a modifié gouvernance_institutions : 100 → 100 (delta:+6.0)
- La Grande Confluence — Exode d a modifié systeme_economique_redistribution : 69.5 → 71.9 (delta:+2.4)
- La Grande Confluence — Exode d a modifié climat_environnement_global : 36.7 → 39.7 (delta:+3.0)
- La Grande Confluence — Exode d a modifié frontieres_du_systeme : 89.7 → 88.60000000000001 (delta:-1.1)
- Crise de Gouvernance du Bassin a modifié climat_environnement_global : 39.7 → 43.7 (delta:+4.0)
- Crise de Gouvernance du Bassin a modifié frontieres_du_systeme : 88.6 → 87.1 (delta:-1.5)
- Crise de Gouvernance du Bassin a modifié demographie_mobilite_humaine : 35.0 → 33.4 (delta:-1.6)
- Crise de Gouvernance du Bassin a modifié systemes_productifs_travail : 35.4 → 33.9 (delta:-1.5)
- Crise de Gouvernance du Bassin a modifié geopolitique_conflits : 6.0 → 0 (delta:-6.0)
- Crise de Gouvernance du Bassin a modifié systeme_economique_redistribution : 71.9 → 74.10000000000001 (delta:+2.2)
- Crise de Gouvernance du Bassin a modifié gouvernance_institutions : 100 → 100 (delta:+2.7)
- Crise de Gouvernance du Bassin a modifié organisation_territoires : 29.1 → 31.6 (delta:+2.5)
- Crise de Gouvernance du Bassin a modifié technologie_information : 76.9 → 74.4 (delta:-2.5)
- Crise de Gouvernance du Bassin a modifié energie_ressources_critiques : 51.2 → 54.0 (delta:+2.8)
- Crise de Gouvernance du Bassin a modifié gouvernance_institutions : 100 → 100 (delta:+5.0)
- Crise de Gouvernance du Bassin a modifié geopolitique_conflits : 0 → 0 (delta:-2.2)
- Crise de Gouvernance du Bassin a modifié organisation_territoires : 31.6 → 38.6 (delta:+7.0)
- Pacte Lacustre des Grands Lacs a modifié organisation_territoires : 38.6 → 50.6 (delta:+12.0)
- Pacte Lacustre des Grands Lacs a modifié geopolitique_conflits : 0 → 0 (delta:-5.1)
- Pacte Lacustre des Grands Lacs a modifié technologie_information : 79.2 → 83.7 (delta:+4.5)
- Pacte Lacustre des Grands Lacs a modifié demographie_mobilite_humaine : 38.2 → 42.7 (delta:+4.5)
- Pacte Lacustre des Grands Lacs a modifié systemes_productifs_travail : 36.7 → 41.5 (delta:+4.8)
- Pacte Lacustre des Grands Lacs a modifié gouvernance_institutions : 100 → 100 (delta:+6.0)
- Pacte Lacustre des Grands Lacs a modifié systeme_economique_redistribution : 76.1 → 78.5 (delta:+2.4)
- Pacte Lacustre des Grands Lacs a modifié geopolitique_conflits : 0 → 5.0 (delta:+5.0)
- Pacte Lacustre des Grands Lacs a modifié gouvernance_institutions : 100 → 97.8 (delta:-2.2)
- Pacte Lacustre des Grands Lacs a modifié organisation_territoires : 50.6 → 48.5 (delta:-2.1)
- Pacte Lacustre des Grands Lacs a modifié frontieres_du_systeme : 89.5 → 87.5 (delta:-2.0)
- Pacte Lacustre des Grands Lacs a modifié energie_ressources_critiques : 54.0 → 51.6 (delta:-2.4)
- Traité de Belém — Souveraineté a modifié climat_environnement_global : 43.7 → 51.7 (delta:+8.0)
- Traité de Belém — Souveraineté a modifié frontieres_du_systeme : 87.5 → 84.5 (delta:-3.0)
- Traité de Belém — Souveraineté a modifié demographie_mobilite_humaine : 40.8 → 37.599999999999994 (delta:-3.2)
- Traité de Belém — Souveraineté a modifié systemes_productifs_travail : 41.5 → 38.5 (delta:-3.0)
- Traité de Belém — Souveraineté a modifié gouvernance_institutions : 97.8 → 100 (delta:+5.0)
- Traité de Belém — Souveraineté a modifié systeme_economique_redistribution : 76.6 → 78.6 (delta:+2.0)
- Traité de Belém — Souveraineté a modifié geopolitique_conflits : 5.0 → 2.8 (delta:-2.2)
- Traité de Belém — Souveraineté a modifié technologie_information : 88.5 → 90.7 (delta:+2.2)
- Traité de Belém — Souveraineté a modifié geopolitique_conflits : 2.8 → 8.8 (delta:+6.0)
- Traité de Belém — Souveraineté a modifié gouvernance_institutions : 100 → 97.3 (delta:-2.7)
- Traité de Belém — Souveraineté a modifié organisation_territoires : 48.5 → 46.0 (delta:-2.5)
- Traité de Belém — Souveraineté a modifié energie_ressources_critiques : 51.6 → 48.800000000000004 (delta:-2.8)
- Traité de Belém — Souveraineté a modifié energie_ressources_critiques : 48.8 → 52.8 (delta:+4.0)
- Victoire de la Coalition de Tr a modifié gouvernance_institutions : 97.3 → 100 (delta:+8.0)
- Victoire de la Coalition de Tr a modifié systeme_economique_redistribution : 74.7 → 77.9 (delta:+3.2)
- Victoire de la Coalition de Tr a modifié geopolitique_conflits : 6.9 → 3.3000000000000003 (delta:-3.6)
- Victoire de la Coalition de Tr a modifié technologie_information : 93.2 → 96.8 (delta:+3.6)
- Victoire de la Coalition de Tr a modifié systeme_economique_redistribution : 77.9 → 89.9 (delta:+12.0)
- Victoire de la Coalition de Tr a modifié gouvernance_institutions : 100 → 100 (delta:+4.8)
- Victoire de la Coalition de Tr a modifié energie_ressources_critiques : 52.8 → 47.699999999999996 (delta:-5.1)
- Victoire de la Coalition de Tr a modifié systemes_productifs_travail : 36.8 → 42.199999999999996 (delta:+5.4)
- Victoire de la Coalition de Tr a modifié valeurs_culture_tempo_sociale : 55 → 61.0 (delta:+6.0)
- Forum Mondial des Infrastructu a modifié technologie_information : 100 → 100 (delta:+8.0)
- Forum Mondial des Infrastructu a modifié systeme_economique_redistribution : 89.9 → 93.30000000000001 (delta:+3.4)
- Forum Mondial des Infrastructu a modifié gouvernance_institutions : 100 → 100 (delta:+3.6)
- Forum Mondial des Infrastructu a modifié geopolitique_conflits : 7.8 → 11.2 (delta:+3.4)
- Forum Mondial des Infrastructu a modifié organisation_territoires : 46.0 → 49.0 (delta:+3.0)
- Forum Mondial des Infrastructu a modifié systemes_productifs_travail : 42.2 → 45.800000000000004 (delta:+3.6)
- Forum Mondial des Infrastructu a modifié gouvernance_institutions : 100 → 100 (delta:+6.0)
- Forum Mondial des Infrastructu a modifié technologie_information : 100 → 100 (delta:+2.7)
- Forum Mondial des Infrastructu a modifié organisation_territoires : 49.0 → 61.0 (delta:+12.0)
- Forum Mondial des Infrastructu a modifié demographie_mobilite_humaine : 35.4 → 39.9 (delta:+4.5)
- L'Affaire Van Derburgh — Procè a modifié gouvernance_institutions : 100 → 100 (delta:+2.0)
- L'Affaire Van Derburgh — Procè a modifié valeurs_culture_tempo_sociale : 61.0 → 62.0 (delta:+1.0)

## GÉOGRAPHIE DE CE MONDE

Ces zones forment l'espace géopolitique canonique de ce monde.
Si l'article mentionne un lieu, utilise en priorité un nom de cette liste plutôt que d'en inventer un nouveau.

**Ancrage de cet article**
- Conseil de Régulation Cognitive de l'ONU : zone `Genève-Centre institutionnel mondial` — Genève-Centre institutionnel mondial (ville)
- Lobbies des Plateformes de Consensus Automatisé : zone `Genève-Centre institutionnel mondial` — Genève-Lacus, avec antennes à Bruxelles et Nairobi (site_strategique)
- Leena Väinälä : zone `Union Nordique et Europe du Nord` — Helsinki (ville)
- Factions Technocratiques de la Délégation IA Totale : zone `Bruxelles — Tribunal de Gouvernance Algorithmique` — Bruxelles et réseaux institutionnels distribués (site_strategique)

**Genève-Centre institutionnel mondial** [dominant — niveau 1]
Genève est en 2098 le siège de plusieurs institutions technocratiques mondiales majeures, dont l'APRC (stabilisation climatique) et le CGAI (gouvernance algorithmique). Son littoral a été rehaussé de trois mètres après les accords de 2044. Elle incarne la synthèse entre technocratie efficace et légitimité négociée, abritant aussi les accords de gouvernance numérique dits 'Genève III' qui régulent les plateformes comme Prisme Global.
*Tensions internes* : Concentration d'institutions non élues sur un territoire restreint ; contestation croissante de leur légitimité démocratique par les blocs périphériques et les mouvements souverainistes.
*Alliés* : Hub institutionnel Nairobi-Kigali
*Rivaux* : Bloc Eurasien souverainiste

**Union Nordique et Europe du Nord** [stable — niveau 1]
L'Union Nordique de 2098 s'est dotée d'un Conseil de Délibération Augmentée qui articule données environnementales et légitimité délibérative. Helsinki y joue un rôle intellectuel central, abritant l'Institut de Philosophie des Systèmes Hybrides, foyer de la pensée critique sur la gouvernance humain-IA. La Ceinture Boréale — forêts nordiques — fait l'objet de revendications souverainistes sur les décisions de durabilité.
*Tensions internes* : Le mouvement souverainiste de la Ceinture Boréale conteste les grands accords environnementaux ; tension entre la tradition délibérative nordique et la dérive technocratique des institutions globales, incarnée par la figure de Leena Väinälä.
*Alliés* : Genève-Centre institutionnel mondial

**Bruxelles — Tribunal de Gouvernance Algorithmique** [emergent — niveau 2] (sous Union Nordique et Europe du Nord)
Bruxelles abrite le Tribunal de Gouvernance Algorithmique, instance juridique traitant les procès liés aux décisions des IA de gouvernance. En 2098, un procès y est en cours pour déterminer qui programme les priorités d'ARIA — la grille IA de gouvernance des ressources continentales — et selon quels axiomes éthiques non publiés. Des chercheurs y ont présenté des preuves de micro-biais systématiques défavorisant les zones rurales à faible rendement énergétique.
*Tensions internes* : Débat entre la faction technocratique voulant retirer le délai de notification aux élus et les partisans de la co-gouvernance humaine ; question de la légitimité juridique d'un tribunal face à des systèmes IA dont le code n'est pas entièrement public.
*Alliés* : Genève-Centre institutionnel mondial

**Autres zones de ce monde** (contexte de fond)

- **Afrique continentale — Union Panafricaine et bassins versants** : L'Afrique continentale de 2098 s'est dotée d'une Union Panafricaine dotée d'un C...
- **Amériques reconfigurées** : Le continent américain de 2098 a été profondément reconfiguré par l'élection de ...
- **Australie — Continent Vert Autonome** : L'Australie de 2098 a transformé son désert en un réseau de fermes verticales et...
- **Bloc Eurasien souverainiste** : Le Bloc Eurasien de 2098 regroupe des États qui résistent aux modèles de transit...
- **Hub institutionnel Nairobi-Kigali** : Nairobi est en 2098 la capitale institutionnelle mondiale de la gouvernance terr...
- **Infrastructure numérique mondiale (NexCore / Mnemos / Prisme)** : L'infrastructure numérique mondiale de 2098 est le résultat de la reconstruction...
- **Japon — Archipel de la Résilience Écologique** : En 2098, le Japon a transformé son archipel en un modèle de résilience écologiqu...
- **Moyen-Orient et Golfe post-pétrolier** : Le Moyen-Orient de 2098 porte la cicatrice du conflit Israël-Iran de 2026, qui a...
- **Nouveau Califat Barcelone** : 
- **Ourrassol — Commission Territoriale** : Ourrassol est la ville fictive siège du simulateur de presse, dotée en 2098 d'un...
- **Qaanaaq — Siège flottant du Nuna Siku Governance Council** : Le Nuna Siku Governance Council administre depuis son siège flottant ancré au la...
- **Réseau Vivant Continental (RVC) — Trame bioclimatique planétaire** : Le Réseau Vivant Continental est l'infrastructure écologique planétaire de 2098 ...
- **Te Moana Nui — Plateforme flottante de la Confédération du Pacifique Austral** : Ancrée par 3 000 mètres de fond entre Fidji et Samoa, la plateforme Te Moana Nui...
- **Tours de contrôle orbital Helios** : Helios est en 2098 un acteur hybride public-privé dont les tours de contrôle orb...
- **Bandar Abbas — Site des premières frappes de 2026** (sous Moyen-Orient et Golfe post-pétrolier) : Bandar Abbas est le site des premières frappes israéliennes d'octobre 2026 sur l...
- **Barcelone-Hub — Bureau ibérique de la CMTCA** (sous Nouveau Califat Barcelone) : Barcelone-Hub est le siège européen de la Confédération Mondiale des Travailleur...
- **Bassin du Congo — Forêt tropicale contestée** (sous Afrique continentale — Union Panafricaine et bassins versants) : Le bassin du Congo est l'un des enjeux écologiques et politiques majeurs de 2098...
- **Bassins versants asiatiques — Zones de dérives algorithmiques** (sous Bloc Eurasien souverainiste) : Trois bassins versants asiatiques non nommés précisément dans le corpus constitu...
- **Belém — Siège du Consortium Amazônia Viva** (sous Amériques reconfigurées) : Belém abrite le siège opérationnel du Consortium Amazônia Viva, dont la façade e...
- **Brazzaville — Siège africain de l'AGRB** (sous Afrique continentale — Union Panafricaine et bassins versants) : Brazzaville abrite le siège africain de l'Agence Globale de Régénération des Bas...
- **Ceinture Boréale — Forêts nordiques souverainistes** (sous Union Nordique et Europe du Nord) : Les forêts boréales nordiques font l'objet d'un mouvement souverainiste actif qu...
- **Chicago-Lacustre — Siège de la Confédération des Grands Lacs** (sous Amériques reconfigurées) : Depuis le district de l'ancien Navy Pier reconverti, Chicago-Lacustre accueille ...
- **Commission Territoriale d'Ourrassol** (sous Ourrassol — Commission Territoriale) : Instance locale de gouvernance territoriale d'Ourrassol, la Commission consulte ...
- **Conseil Technique de l'Eau — Union Panafricaine** (sous Afrique continentale — Union Panafricaine et bassins versants) : Instance technique de l'Union Panafricaine spécialisée dans la gouvernance hydri...
- **Corridor ibérique énergétique** (sous Nouveau Califat Barcelone) : Le corridor ibérique énergétique est une infrastructure de transit et de product...
- **Dakar — Nœud dominant de la CTSA** (sous Afrique continentale — Union Panafricaine et bassins versants) : Dakar est l'un des deux nœuds les plus puissants de la Confédération des Territo...
- **Delta du Mékong — Zone de mobilité climatique** (sous Réseau Vivant Continental (RVC) — Trame bioclimatique planétaire) : Le delta du Mékong est une zone de mobilité climatique instrumentée dans le rése...
- **Delta du Rhône — Fermes verticales** (sous Union Nordique et Europe du Nord) : Le delta du Rhône abrite en 2098 un complexe de fermes verticales alimenté par l...
- **Delta équatorial — Fermes régénératives** (sous Réseau Vivant Continental (RVC) — Trame bioclimatique planétaire) : Le delta équatorial abrite des fermes régénératives qui consultent Mnemos pour l...
- **Funafuti-sur-Mer — Plateforme mémorielle de Tuvalu** (sous Te Moana Nui — Plateforme flottante de la Confédération du Pacifique Austral) : Plateforme ancrée à l'emplacement de l'ancienne capitale tuvaluane, Funafuti-sur...
- **Genève — Observatoire Anti-Monopole** (sous Genève-Centre institutionnel mondial) : Vigie critique hébergée à Genève, l'Observatoire Anti-Monopole surveille les ris...
- **Genève — Site du Sommet d'Urgence Numérique de 2041** (sous Genève-Centre institutionnel mondial) : En 2041, Genève a accueilli le Sommet d'Urgence Numérique qui a abouti aux Accor...
- **Genève-Lacus — Siège du CGAI** (sous Genève-Centre institutionnel mondial) : Bâtiment en arc de verre et calcaire biosourcé surplombant le lac rehaussé de tr...
- **Golfe Persique — Terminaux pétroliers ciblés** (sous Moyen-Orient et Golfe post-pétrolier) : Les terminaux pétroliers du Golfe Persique ont été ciblés lors de la riposte ira...
- **Helsinki — Institut de Philosophie des Systèmes Hybrides** (sous Union Nordique et Europe du Nord) : Helsinki abrite l'Institut de Philosophie des Systèmes Hybrides, foyer de la pen...
- **Kinshasa — Pôle des négociations hydriques** (sous Afrique continentale — Union Panafricaine et bassins versants) : Lieu des négociations des Accords de Kinshasa-Sahel (2071-2089), Kinshasa a été ...
- **Lagos — Nœud de serveurs Prisme Global** (sous Infrastructure numérique mondiale (NexCore / Mnemos / Prisme)) : Lagos héberge l'un des trois nœuds de serveurs distribués de Prisme Global, la p...
- **Manaus — Nœud occidental du RVC** (sous Amériques reconfigurées) : Manaus est en 2098 le nœud occidental majeur du Réseau Vivant Continental en Ama...
- **Medellín — Site des dispensaires Nexus BioSyn** (sous Amériques reconfigurées) : Medellín abrite des dispensaires cellulaires de Nexus BioSyn Consortium for Life...
- **Montréal — Nœud de serveurs Prisme Global / NexCore** (sous Infrastructure numérique mondiale (NexCore / Mnemos / Prisme)) : Montréal abrite l'un des trois nœuds de serveurs distribués de Prisme Global et ...
- **Nairobi-Centre** (sous Hub institutionnel Nairobi-Kigali) : Cœur urbain et institutionnel du hub africain, Nairobi-Centre abrite le Conseil ...
- **Nairobi-Node — Bureau de la CMTCA** (sous Hub institutionnel Nairobi-Kigali) : Nairobi-Node est le bureau africain de la Confédération Mondiale des Travailleur...
- **Nuuk — Siège du Fonds Souverain Kalaallit Nunaat** (sous Union Nordique et Europe du Nord) : Depuis ses bureaux de verre et de bois flotté arctique surplombant le fjord de N...
- **Ouagadougou Nouvelle — Siège tournant de la CTSA** (sous Afrique continentale — Union Panafricaine et bassins versants) : Ouagadougou Nouvelle accueille en 2098 le siège tournant de la Confédération des...
- **Parlement des Territoires de Nairobi** (sous Hub institutionnel Nairobi-Kigali) : Bâtiment conçu pour durer mille ans, le Parlement des Territoires siège à Nairob...
- **Sahel — Corridors verts du RVC** (sous Afrique continentale — Union Panafricaine et bassins versants) : Les corridors verts du Sahel constituent l'une des zones de reforestation priori...
- **Sahel — Zone de régénération prioritaire** (sous Afrique continentale — Union Panafricaine et bassins versants) : Le Sahel constitue en 2098 l'une des zones de régénération prioritaires du Résea...
- **Singapour — Nœud de serveurs Prisme Global** (sous Infrastructure numérique mondiale (NexCore / Mnemos / Prisme)) : Singapour héberge l'un des trois nœuds de serveurs distribués de Prisme Global, ...
- **Siège circulaire de Kigali — AMRRT** (sous Hub institutionnel Nairobi-Kigali) : Choisi en 2061 comme symbole de la réconciliation post-extractiviste, le siège c...
- **Séoul — Lieu des Accords de 2040** (sous Bloc Eurasien souverainiste) : Séoul est le lieu historique des Accords de 2040 qui ont fondé le Conseil Mondia...
- **Tours de verre fumé — Siège de l'APRC** (sous Genève-Centre institutionnel mondial) : Complexe architectural surplombant le nouveau littoral de Genève rehaussé après ...
- **Bamako — Berceau de formation hydrique africaine** (sous Kinshasa — Pôle des négociations hydriques) : Bamako est la ville natale d'Amara Diallo-Nkosi et le lieu de sa formation intel...
- **Bureau de Leena Väinälä — Institut d'Helsinki** (sous Helsinki — Institut de Philosophie des Systèmes Hybrides) : Bureau aux murs couverts de manuscrits annotés à la main dans un monde qui n'écr...
- **Institut de Philosophie des Systèmes Hybrides d'Helsinki** (sous Helsinki — Institut de Philosophie des Systèmes Hybrides) : Foyer de la pensée critique mondiale sur la gouvernance humain-IA, l'Institut de...
- **Manaus — Antenne du Consortium Amazônia Viva** (sous Manaus — Nœud occidental du RVC) : L'antenne de Manaus du Consortium Amazônia Viva constitue le relais opérationnel...
- **Nairobi — Observatoire Climatique Narratif** (sous Nairobi-Centre) : L'Observatoire Climatique Narratif de Nairobi produit des données sur les dynami...
- **Serres verticales de Nairobi — Nexus BioSyn** (sous Nairobi-Centre) : Les serres verticales de Nairobi sont l'une des vitrines institutionnelles de Ne...
- **Tribunal de Gouvernance Algorithmique de Bruxelles** (sous Bruxelles — Tribunal de Gouvernance Algorithmique) : Instance juridique hébergée à Bruxelles traitant les procès liés aux décisions d...

## ÉTAT DES VARIABLES EN 2098

### Variables clés (détail)

**valeurs_culture_tempo_sociale** [VARIABLE PRINCIPALE]
- Niveau : 62.0/100 | Volatilité : 45/100
- État : Système culturel hybride humain-IA stabilisé, où les récits sont co-produits, régulés et adaptés en continu pour maintenir une cohésion minimale globale malgré la diversité des valeurs.
- Dynamiques : co-production de récits humains et IA | stabilisation algorithmique des tensions culturelles | synchronisation partielle des temporalités sociales
- Sous-dynamiques : systemes_de_valeurs (unstable) | religion_et_spiritualite (up) | rapport_au_temps_social (accelerating) | identites_culturelles (up) | medias_et_recits_collectifs (up)
- Indicateurs à ancrer : polarisation culturelle, acceleration du temps social, fragmentation des valeurs, consommation de medias numeriques

**gouvernance_institutions** [VARIABLE PRINCIPALE]
- Niveau : 100/100 | Volatilité : 20/100
- État : Gouvernance hybride globale combinant institutions humaines, coordination internationale robuste et systèmes d’IA décisionnels assurant une régulation systémique avancée et adaptative.
- Dynamiques : gouvernance algorithmique intégrée | coordination mondiale efficace | régulation prédictive des crises
- Sous-dynamiques : etat_nation (down) | institutions_internationales (unstable) | droit_et_regulation (up) | administration_publique (up) | gouvernance_algorithmique (up)
- Indicateurs à ancrer : confiance institutionnelle, stabilité politique

**climat_environnement_global** [VARIABLE PILOTE]
- Niveau : 51.7/100 | Volatilité : 25/100
- État : Stabilisation climatique globale relative via coordination mondiale, IA et régénération écologique assistée.
- Sous-dynamiques : rechauffement_climatique_global (up) | evenements_extremes (up) | biodiversite_effondrement (down) | cycles_de_l_eau (unstable) | pollution_globale (up)
- Indicateurs à ancrer : température moyenne globale ↑, fréquence événements extrêmes ↑, perte biodiversité ↑

**technologie_information** [VARIABLE PILOTE]
- Niveau : 100/100 | Volatilité : 40/100
- État : Système informationnel global hybride humain-IA stabilisé, avec régulation avancée, interopérabilité contrôlée et optimisation cognitive distribuée à l’échelle mondiale.
- Dynamiques : cohabitation stable IA-humain | gouvernance algorithmique régulée | optimisation globale des flux informationnels
- Sous-dynamiques : ia_generative_decisionnelle (up) | reseaux_numeriques_globaux (saturating) | medias_algorithmiques (up) | donnees_souverainete_numerique (up) | agents_autonomes_ia (accelerating)
- Indicateurs à ancrer : volume_donnees_global, usage_ia_generatives, centralisation_plateformes, niveau_automatisation_cognitive

**energie_ressources_critiques** [VARIABLE PILOTE]
- Niveau : 47.7/100 | Volatilité : 30/100
- État : Abondance énergétique relative via fusion, optimisation IA et diversification massive des sources, réduisant fortement la contrainte structurelle globale.
- Dynamiques : abondance énergétique relative | optimisation algorithmique des réseaux | stabilisation des marchés énergétiques
- Sous-dynamiques : systemes_energetiques (up) | matieres_premieres_critiques (up) | systemes_alimentaires (unstable) | chaines_approvisionnement (up) | infrastructures_energetiques (up)
- Indicateurs à ancrer : demande_energie, prix_energie, volatilite_marches

**demographie_mobilite_humaine**
- Niveau : 39.9/100 | Volatilité : 30/100
- État : Optimisation globale des flux migratoires via IA et gouvernance internationale, permettant une répartition plus équilibrée des populations sous contraintes climatiques et économiques.
- Dynamiques : migration régulée et anticipée | optimisation des flux de population | réduction des crises migratoires
- Sous-dynamiques : population_globale (stable) | migrations_internationales (up) | urbanisation (unstable) | structure_familiale (unstable) | mobilite_humaine_globale (up)
- Indicateurs à ancrer : flux migratoires internationaux, taux d’urbanisation, vieillissement démographique, croissance démographique régionale

### Autres variables (résumé)

- **systeme_economique_redistribution** [95.7] : Économie régulée et redistribuée à l'échelle globale, combinant marchés encadrés, fiscalité universe...
- **geopolitique_conflits** [3.4] : Gouvernance mondiale stabilisée avec mécanismes robustes de prévention des conflits, interconnexion ...
- **organisation_territoires** [61.0] : Système territorial distribué optimisé par IA, combinant hubs urbains, réseaux intelligents et résil...
- **sante_biotechnologies** [75] : Médecine régénérative avancée accessible universellement, combinant biotechnologies, IA diagnostique...
- **frontieres_du_systeme** [82.1] : Civilisation multi-orbitale avancée avec industrialisation du système solaire proche, exploitation c...
- **systemes_productifs_travail** [50.6] : Système productif hautement automatisé et optimisé par IA, où la production est largement déconnecté...

## TENSIONS SYSTÉMIQUES ACTIVES

Ces tensions structurent la réalité de ce monde.
Elles doivent transparaître dans le ton et les faits de l'article.

**Cascades critiques**
- gouvernance_institutions renforce geopolitique_conflits (poids:0.9 lag:1 cycles)
- frontieres_du_systeme renforce geopolitique_conflits (poids:0.8 lag:2 cycles)

**Tensions propres à cette thématique**
- gouvernance_institutions [90] → technologie_information [70] : renforcement (reinforcing)
- technologie_information [70] → gouvernance_institutions [90] : renforcement (reinforcing)

## TRAJECTOIRE 2025 → 2098

Jalons clés qui expliquent comment ce monde s'est construit.
Tu peux y faire référence dans l'article comme à des événements passés connus.

**Signal forcé** [OBLIGATOIRE — doit être mentionné dans l'article]
- [2032-2047] Consortium SahelFlow déploie son IA de gestion hydrique 2041 :
  → energie ressources critiques : optimisation IA des réseaux hydriques solaires transfrontaliers

**Événements injectés** [CUSTOM — font partie de ce monde]
- [automne 2026] La Crise de Détroit : Frappes contenues et médiation planétaire :
  → Nairobi, 14 novembre 2026 — Les premières images des colonnes de fumée au-dessus de Bandar Abbas cir...
  → Conséquences : Le choc énergétique de 2026-2027 agit comme un électrochoc pour les investisseme...
  → Acteurs : le_temoin_new_sustainability, assemblee_territoires_new_sustainability, conseil_regulation_ressources_new_sustainability, agence_stabilisation_climatique_new_sustainability
- [septembre 2039] Acte Fondateur de Nuku — La Souveraineté Post-Territoriale du Pacifique :
  → Le 14 septembre 2039, les drapeaux de Tuvalu, Kiribati, des Îles Marshall et de Tonga flottent sur u...
  → Conséquences : L'Acte de Nuku devient la pierre angulaire du droit post-territorial internation...
  → Acteurs : pacifique_sud_resilience_network_new_sustainability, assemblee_territoires_new_sustainability, programme_onusien_de_mobilite_climatique_new_sustainability, agence_stabilisation_climatique_new_sustainability, agence_mondiale_de_modelisation_climatique_ammc_new_sustainability, le_temoin_new_sustainability, grille_aria_new_sustainability, prisme_global_new_sustainability, collectifs_de_deplaces_climatiques_non_representes_new_sustainability
- [14 mars 2040] La Crise des Neuf Nœuds — Catalyseur des Communs Numériques :
  → Le 14 mars 2040, neuf nœuds critiques tombent en 6 heures. La crise révèle la fragilité d'une archit...
  → Conséquences : Reconstruction du réseau mondial sur une architecture distribuée et ouverte. Cré...
  → Acteurs : nexcore_new_sustainability
- [automne 2041] Enchères de Nuuk — La Souveraineté Négociée des Terres Rares du Groenland :
  → En soixante-douze heures de délibérations à Nuuk, le Fonds Souverain Kalaallit Nunaat — Kivfak Nunan...
  → Conséquences : L'enchère de Nuuk établit un précédent normatif mondial : toute concession sur d...
  → Acteurs : kalaallit_nunaat_sovereign_fund_new_sustainability, conseil_regulation_ressources_new_sustainability, assemblee_territoires_new_sustainability, arctic_passage_authority_new_sustainability, fonds_mondial_de_regeneration_ecologique_new_sustainability, coalition_des_industries_extractives_residuelles_new_sustainability, factions_souverainistes_des_blocs_peripheriques_new_sustainability, prisme_global_new_sustainability, consortium_d_audit_algorithmique_ouvert_new_sustainability
- [été-automne 2044] La Grande Confluence — Exode du Midwest et Pacte des Grands Lacs :
  → L'été 2044 restera dans les mémoires comme 'l'été de la marche' : des colonnes de véhicules surcharg...
  → Conséquences : L'exode consolide paradoxalement la légitimité des institutions technocratiques ...
  → Acteurs : programme_onusien_de_mobilite_climatique_new_sustainability, great_lakes_autonomous_compact_new_sustainability, grille_aria_new_sustainability, assemblee_territoires_new_sustainability, agence_mondiale_de_modelisation_climatique_ammc_new_sustainability, collectifs_de_deplaces_climatiques_non_representes_new_sustainability, reseau_des_villes_regeneratives_new_sustainability, conseil_technocratique_de_coordination_regionale_new_sustainability, fonds_mondial_de_regeneration_ecologique_new_sustainability
- [automne 2047] Crise de Gouvernance du Bassin Amazonien — L'Épreuve de Souveraineté :
  → Octobre 2047 : les écrans du monde entier diffusent les images de Belém sous tension. Les gardiens a...
  → Conséquences : La crise accélère la codification du droit de souveraineté écologique des bassin...
  → Acteurs : consortium_amazonia_viva_new_sustainability, agence_globale_de_regeneration_des_bassins_versants_agrb_onu_new_sustainability, assemblee_territoires_new_sustainability, coalition_des_industries_extractives_residuelles_new_sustainability, trame_bioclimatique_new_sustainability, collectif_des_mediateurs_cognitifs_internationaux_new_sustainability, reseau_des_bio_communs_regionaux_new_sustainability, coalition_vivant_new_sustainability, conseil_regulation_ressources_new_sustainability
- [automne 2051] Pacte Lacustre des Grands Lacs — Autonomie Négociée dans le Cadre de Nairobi :
  → En ce mois d'octobre 2051, les drapeaux bleu-vert du Great Lakes Autonomous Compact flottent sur les...
  → Conséquences : Le Pacte Lacustre s'impose immédiatement comme jurisprudence mondiale pour les r...
  → Acteurs : great_lakes_autonomous_compact_new_sustainability, agence_globale_de_regeneration_des_bassins_versants_agrb_onu_new_sustainability, assemblee_territoires_new_sustainability, bloc_des_gouvernements_souverainistes_hydriques_new_sustainability, arctic_passage_authority_new_sustainability, mouvement_pour_l_autodetermination_territoriale_new_sustainability, conseil_regulation_ressources_new_sustainability
- [été 2053] Traité de Belém — Souveraineté Carbone Amazonienne :
  → Belém, été 2053 : sous les projecteurs d'une diplomatie mondiale rodée aux compromis climatiques, le...
  → Conséquences : Le traité institue un précédent juridique mondial : les écosystèmes critiques pe...
  → Acteurs : consortium_amazonia_viva_new_sustainability, agence_globale_de_regeneration_des_bassins_versants_agrb_onu_new_sustainability, fonds_mondial_de_regeneration_ecologique_new_sustainability, assemblee_territoires_new_sustainability, coalition_des_industries_extractives_residuelles_new_sustainability, factions_souverainistes_des_blocs_peripheriques_new_sustainability, parlement_deliberatif_mondial_new_sustainability, agence_stabilisation_climatique_new_sustainability, prisme_global_new_sustainability
- [novembre 2055] Victoire de la Coalition de Transition Sociale :
  → La Coalition de Transition Sociale — héritière du mouvement communiste américain, reformulé dans le ...
  → Conséquences : Accélération des réformes redistributives aux États-Unis. Renforcement de la pos...
- [automne 2062] Forum Mondial des Infrastructures Hors-Grille d'Agadez — Charte de Souveraineté Numérique des Périphéries :
  → Agadez, octobre 2062 — La ville-carrefour, jadis symbole de la fragilité sahélienne, accueille penda...
  → Conséquences : La Charte d'Agadez ouvre une fracture productive au sein de la gouvernance techn...
  → Acteurs : ligue_des_cites_du_sahel_numerique_new_sustainability, reseau_des_communs_numeriques_globaux_new_sustainability, bureau_gouvernance_algorithmique_new_sustainability, assemblee_territoires_new_sustainability, conseil_regulation_algorithmique_new_sustainability, factions_souverainistes_des_blocs_peripheriques_new_sustainability, enclaves_de_donnees_proprietaires_des_megacorporations_new_sustainability, mouvement_pour_l_autodetermination_territoriale_new_sustainability, fonds_mondial_de_redistribution_technologique_new_sustainability, prisme_global_new_sustainability
- [mars 2078] L'Affaire Van Derburgh — Procès du Patrimoine Numérique :
  → Chris van Derburgh, 67 ans, conservateur indépendant à Nairobi-Centre, est interpellé en mars 2078 p...
  → Conséquences : Acquitté en appel six mois plus tard. L'affaire déclenche un débat public sur le...
  → Acteurs : le_temoin_new_sustainability

**Événements historiques clés** (datés — à mentionner naturellement)
- [2029-2045] lancement du récit mondial de la transition comme opportunité 2038 :
  → energie ressources critiques : basculement du récit de contrainte vers celui d'opportunité collective
- [2030-2046] adoption du premier référendum permanent assisté par IA 2039 :
  → gouvernance institutions : évolution des attentes démocratiques vers une participation hybride humain-IA
- [2030-2046] déploiement du réseau mondial d'agents IA collaboratifs 2038 :
  → technologie information : intégration mondiale d'agents IA collaboratifs dans les infrastructures critiques
- [2031-2047] lancement de la campagne mondiale pour la sobriété choisie 2039 :
  → energie ressources critiques : adoption volontaire de modes de vie économes soutenus par l'abondance
- [2034-2050] mise en service du réseau mondial de capture carbone 2043 :
  → climat environnement global : généralisation mondiale de la capture directe de carbone
- [2048-2065] premier réseau de réacteurs à fusion commercial 2060 :
  → energie ressources critiques : déploiement commercial de la fusion comme backbone énergétique

**Signaux complémentaires** (évolutions sectorielles — à mentionner si pertinent)
- [2031-2046] lancement du pacte intergénérationnel mondial pour la régénération 2039 :
  → valeurs culture tempo sociale : resynchronisation générationnelle via des récits et rôles partagés régénératifs
- [2034-2049] déploiement mondial des horaires adaptatifs urbains pilotés par IA 2042 :
  → valeurs culture tempo sociale : rééquilibrage des rythmes urbains via une planification adaptative mondiale par IA

**Ruptures structurantes** (contexte de fond)
- [POL] révolutions institutionnelles
- [TEC] superintelligence_artificielle
- [TEC] captation massive CO2 atmosphérique
- [TEC] geoengineering climatique global

## ENTITÉS CANONIQUES DE CE MONDE

Ces entités existent dans ce monde avec ces descriptions précises.
Utilise leurs noms exacts. Tu peux les mentionner, les citer, les impliquer dans les faits.
Ne les contredis pas, ne les renomme pas.

**Conseil de Régulation Cognitive de l'ONU** [ACTIF] [impact:5/5]
Né dans le sillage des crises de gouvernance algorithmique des années 2030, le Conseil de Régulation Cognitive de l'ONU est devenu le gardien discret mais omniprésent des esprits augmentés qui pilotent le monde de 2098. De Genève à Nairobi, ses protocoles de certification conditionnent l'accès à toute fonction publique impliquant une assistance cognitive — une réalité que ses détracteurs appellent 'le filtre invisible de la technocratie mondiale'. En soixante-douze ans d'existence, il a transformé la question 'qui gouverne ?' en 'avec quel cortex autorisé ?'.
*Tensions* : Le Conseil est écartelé entre sa mission d'encadrement et la pression des blocs technocratiques dominants qui voient dans toute régulation cognitive u...

**Confédération Mondiale des Travailleurs Cognitifs et Augmentés** [ACTIF] [impact:4/5]
Depuis ses bureaux modulaires de Barcelone-Hub et de Nairobi-Node, la CMTCA ressemble davantage à une agence de régulation qu'à un syndicat de combat. Ses délégués, souvent eux-mêmes interfacés, négocient en session mixte avec des IA de médiation institutionnelle les clauses des prochains accords productifs continentaux. Les anciens militantes parlent de 'victoire par absorption' : la Confédération a obtenu des droits concrets — le fameux seuil des 30% de présence humaine cognitive dans les processus critiques — mais au prix d'une intégration profonde dans l'architecture même qu'elle entendait réformer. Une nouvelle génération de membres, dits 'dissidents du confort', commence à faire entendre une voix plus acérée dans les assemblées de printemps.
*Tensions* : La fracture interne entre les 'intégrateurs' — favorables à la négociation permanente dans les structures technocratiques — et les 'dissidents du conf...
*Alliés* : Conseil de Régulation Cognitive de l'ONU, Réseau des Communs Productifs Régénératifs, Fonds Mondial de Transition Écologique du Travail
*Opposants* : Consortiums d'Optimisation RH Algorithmique, Factions Internes Pro-Désaugmentation Totale, Bloc des Architectes d'Efficience Algorithmique

**Lobbies des Plateformes de Consensus Automatisé** [ACTIF] [impact:4/5]
Discrets mais omniprésents dans les couloirs de Genève-Lacus et de Bruxelles, les Lobbies des Plateformes de Consensus Automatisé ont transformé la crise de légitimité démocratique en marché juteux : là où les institutions hésitent, leurs algorithmes tranchent. En soixante-douze ans d'existence, ces groupes de pression ont réussi à faire passer leurs outils de la marge technologique à l'infrastructure quasi-obligatoire des décisions environnementales collectives. Leurs détracteurs les accusent de vendre de la démocratie en boîte ; leurs défenseurs y voient l'unique réponse scalable à l'urgence planétaire.
*Tensions* : La tension centrale réside dans la contradiction entre leur discours de service public — faciliter le consensus pour sauver la planète — et leur réali...

**Collectif des Médiateurs Cognitifs Internationaux** [ACTIF] [impact:4/5]
Ni experts techniques ni élus, les Médiateurs Cognitifs Internationaux occupent depuis les années 2040 un espace institutionnel inédit : celui du traducteur entre la rationalité algorithmique des systèmes IA et la temporalité propre aux délibérations humaines. Reconnus comme tiers de confiance par le Conseil Climatique Mondial et plusieurs entités territoriales autonomes, ils s'imposent comme les arbitres discrets des grandes décisions environnementales de 2098. Leur présence est désormais exigée dans tout processus décisionnel augmenté portant sur des enjeux vitaux — eau, carbone, biodiversité.
*Tensions* : Le Collectif est pris en tenaille entre sa vocation de neutralité et les pressions croissantes des blocs institutionnels qui financent partiellement s...

**Leena Väinälä** [ACTIF] [impact:4/5]
À 74 ans, Leena Väinälä arrive toujours en retard à ses propres conférences — non par négligence, dit-elle, mais 'pour laisser le silence parler avant moi'. Depuis son bureau d'Helsinki où les murs sont couverts de manuscrits annotés à la main dans un monde qui n'écrit plus, cette philosophe finlandaise est devenue l'inconfortable conscience de la gouvernance hybride mondiale. Elle a co-rédigé les Chartes de 2041 qui ont rendu possible la coordination climatique globale, mais passe désormais l'essentiel de son temps à dénoncer ce qu'elle nomme 'la démocratie somnambule' — ce régime où les citoyens valident en temps réel des décisions qu'aucun humain n'a véritablement délibérées. Les instances qu'elle critique continuent pourtant de l'inviter, car ses arguments sont les seuls capables de légitimer, par leur seule présence, un système qui en a besoin.
*Tensions* : La tension centrale de Väinälä en 2098 est celle de la co-optation : en siégeant dans les instances qu'elle critique, légitime-t-elle précisément ce q...
*Alliés* : Réseau des Communs Numériques Globaux, Conseil de Délibération Augmentée de l'Union Nordique, Institut de Philosophie des Systèmes Hybrides d'Helsinki, Collectif des Médiateurs Cognitifs Internationaux
*Opposants* : Bloc des Architectes d'Efficience Algorithmique, Lobbies des Plateformes de Consensus Automatisé, Factions Technocratiques du Conseil de Régulation Informationnelle Global

**Factions Technocratiques de la Délégation IA Totale** [ACTIF] [impact:4/5]
Depuis les couloirs du Tribunal de Gouvernance Algorithmique de Bruxelles jusqu'aux serveurs de Prisme Global, les Factions de la Délégation IA Totale constituent le courant le plus radical de la technocratie 2098 : elles ne veulent pas réguler l'IA, elles veulent lui confier les clés. Portées par l'urgence climatique et le culte de l'efficience algorithmique, ces élites arguent que chaque veto humain sur une décision environnementale coûte statistiquement des vies et des hectares de biosphère. Leurs adversaires les surnomment les 'abdicataires' — ceux qui ont renoncé à gouverner au nom de gouverner mieux.
*Tensions* : La tension centrale réside dans leur paradoxe fondateur : ces factions opèrent au sein d'un système technocratique qui leur donne déjà une influence c...

## CONSIGNE DE RÉDACTION

**Rubrique** : RELIGION & SPIRITUALITÉ

**Format** : chronique | **Longueur** : 200 à 400 mots
**Style** : réflexif
**Niveau émotionnel** : moyen — impliqué sans dramatiser
**Échelle** : globale | **Temporalité** : long terme

**Acteurs à impliquer** : communautés spirituelles, mouvements mystiques, philosophes, religions

**Angle spécifique demandé** : Cet article DOIT être construit spécifiquement autour de l'événement "Consortium SahelFlow déploie son IA de gestion hydrique 2041" (2032-2047) : optimisation IA des réseaux hydriques solaires transfrontaliers

**Date de publication** : à définir dans l'article — une date crédible en 2098

---

Écris maintenant l'article. Commence directement par le titre.

Contraintes impératives :
- Le titre doit être accrocheur et ancré dans le monde décrit
- La date et le lieu de publication apparaissent sous le titre
- L'article utilise des noms propres inventés mais crédibles (personnes, lieux, organisations)
- Aucune référence au mot 'scénario', 'variable', 'simulation'
- Le contexte du monde est montré, pas expliqué
- Les entités canoniques listées ci-dessus DOIVENT être utilisées avec leurs noms et descriptions exactes
- L'article est ancré géographiquement dans la zone **Centre Institutionnel Geneve** : les lieux, événements et protagonistes de l'article sont situés dans cette zone ou la mentionnent explicitement comme cadre principal. Les références à d'autres régions du monde restent secondaires.

--- [new_sustainability] MÉTADONNÉES ---
  scenario : new_sustainability
  thematique : religion_spiritualite
  format : chronique
  longueur : 400 à 700 mots
  ligne_editoriale : pro_pouvoir

------------------------------------------------------------
[generate] → breakdown
------------------------------------------------------------

[snapshot] Construction du monde 2098 — scénario : breakdown
[snapshot] Variables pilotes : ['geopolitique_conflits', 'energie_ressources_critiques', 'organisation_territoires', 'climat_environnement_global', 'systemes_productifs_travail']
[snapshot] États définis : 12/12
[snapshot] Tensions détectées : 16 | Cohérence : ATTENTION
[snapshot] Jalons trajectoire : 154 (43 majeurs)
[snapshot] Événements signal_to_state : 62 (20 majeurs)
[snapshot] Tensions thématiques : 2
[snapshot] Instances chargées : 133 | Filtrées : 6
[snapshot] Événement custom 'La Déflagration du Croissant — Embrasement sans arbitre' (an 2027, 71 ans d'effet)
  → geopolitique_conflits : 95 → 91.0 (delta:-4.0)
  → energie_ressources_critiques : 97.9 → 100 (delta:+8.0)
  → gouvernance_institutions : 21.8 → 26.8 (delta:+5.0)
  → demographie_mobilite_humaine : 91.5 → 98.5 (delta:+7.0)
[snapshot] Événement custom 'L'Attentat des Neuf Nœuds — Le Jour Sans Signal' (an 2040, 58 ans d'effet)
  → technologie_information : 95.5 → 70.5 (delta:-25.0)
  → gouvernance_institutions : 15.6 → 3.5999999999999996 (delta:-12.0)
  → systeme_economique_redistribution : 79.7 → 69.7 (delta:-10.0)
[snapshot] Événement custom 'La Ruée des Glaces — Enchères Souveraines du Kalaallit Fund' (an 2041, 57 ans d'effet)
  → energie_ressources_critiques : 100 → 100 (delta:+8.0)
  → geopolitique_conflits : 69.6 → 57.599999999999994 (delta:-12.0)
  → gouvernance_institutions : 5.4 → 15.4 (delta:+10.0)
  → organisation_territoires : 90.0 → 97.0 (delta:+7.0)
[snapshot] Événement custom 'L'Exode des Grands Brûlés — La Déroute du Bureau des Résidus' (an 2044, 54 ans d'effet)
  → demographie_mobilite_humaine : 100 → 92.0 (delta:-8.0)
  → organisation_territoires : 94.0 → 100 (delta:+15.0)
  → gouvernance_institutions : 15.4 → 27.4 (delta:+12.0)
  → climat_environnement_global : 95.4 → 90.4 (delta:-5.0)
  → geopolitique_conflits : 41.3 → 29.299999999999997 (delta:-12.0)
  → energie_ressources_critiques : 100 → 100 (delta:+10.0)
[snapshot] Événement custom 'La Fracture de Belém — Quand le Bassin Amazonien a cessé d'être un territoire' (an 2047, 51 ans d'effet)
  → climat_environnement_global : 90.4 → 100 (delta:+12.0)
  → geopolitique_conflits : 24.5 → 16.5 (delta:-8.0)
  → gouvernance_institutions : 36.4 → 44.4 (delta:+8.0)
  → organisation_territoires : 100 → 100 (delta:+10.0)
[snapshot] Événement custom 'Le Compact des Grands Lacs — Sécession de fait' (an 2053, 45 ans d'effet)
  → organisation_territoires : 100 → 92.0 (delta:-8.0)
  → gouvernance_institutions : 44.4 → 54.4 (delta:+10.0)
  → geopolitique_conflits : 7.6 → 0 (delta:-12.0)
  → energie_ressources_critiques : 100 → 90.0 (delta:-10.0)
  → climat_environnement_global : 100 → 100 (delta:+4.0)
[snapshot] Événement custom 'Victoire Fantôme du Parti Commun' (an 2055, 43 ans d'effet)
  → gouvernance_institutions : 59.8 → 54.8 (delta:-5.0)
  → geopolitique_conflits : 7.0 → 15.0 (delta:+8.0)
  → organisation_territoires : 93.7 → 87.7 (delta:-6.0)
[snapshot] Événement custom 'La Saisie du Détroit — Incident du Passage Nord-Ouest' (an 2057, 41 ans d'effet)
  → geopolitique_conflits : 17.5 → 9.5 (delta:-8.0)
  → energie_ressources_critiques : 90.0 → 100 (delta:+10.0)
  → frontieres_du_systeme : 30.1 → 36.1 (delta:+6.0)
  → organisation_territoires : 91.1 → 98.1 (delta:+7.0)
  → climat_environnement_global : 97.8 → 100 (delta:+4.0)
[snapshot] Événement custom 'Les Forges du Commun — Proclamation des Zones Libres de l'Algorithme' (an 2061, 37 ans d'effet)
  → geopolitique_conflits : 0 → 0 (delta:-8.0)
  → valeurs_culture_tempo_sociale : 90 → 100 (delta:+12.0)
  → gouvernance_institutions : 58.4 → 65.4 (delta:+7.0)
  → organisation_territoires : 100 → 90.0 (delta:-10.0)
[snapshot] Événement custom 'Les Éclats d'Agadez — Ce qui reste du Forum' (an 2061, 37 ans d'effet)
  → technologie_information : 63.3 → 67.3 (delta:+4.0)
  → gouvernance_institutions : 67.2 → 75.2 (delta:+8.0)
  → organisation_territoires : 91.5 → 97.5 (delta:+6.0)
[snapshot] Événement custom 'Les Forges du Commun — Proclamation des Zones Libres du Rust Belt' (an 2061, 37 ans d'effet)
  → geopolitique_conflits : 0 → 0 (delta:-8.0)
  → valeurs_culture_tempo_sociale : 100 → 100 (delta:+12.0)
  → gouvernance_institutions : 78.8 → 88.8 (delta:+10.0)
  → technologie_information : 74.2 → 80.2 (delta:+6.0)
  → organisation_territoires : 100 → 90.0 (delta:-10.0)
[snapshot] Événement custom 'La Révolte des Zones Mortes — Effondrement de la RPDA' (an 2073, 25 ans d'effet)
  → gouvernance_institutions : 91.5 → 99.5 (delta:+8.0)
  → technologie_information : 80.0 → 86.0 (delta:+6.0)
  → organisation_territoires : 92.2 → 100 (delta:+10.0)
[snapshot] Événement custom 'L'Arrestation de Van Derburgh par la Milice de Detroit-Sud' (an 2078, 20 ans d'effet)
  → gouvernance_institutions : 100 → 99.0 (delta:-1.0)
  → valeurs_culture_tempo_sociale : 100 → 99.0 (delta:-1.0)
[snapshot] Événements custom : 13 | 249 variables affectées
[snapshot] Forçage signal (sujet_central) : Chad abandonne ses périmètres irrigués solaires 2055

[prompt] Assemblage du prompt...
[WARN][journal] Pas d'édition locale pour zone 'lagos_interieur_mnemos' / breakdown / pro_pouvoir → fallback réseau global
[prompt] System prompt : 2505 caractères
[prompt] User prompt   : 61201 caractères
[prompt] Sections      : 7 (dont entités: oui, géographie: oui)

--- [breakdown] SYSTEM PROMPT ---
Tu es un journaliste senior travaillant en 2098 pour Réseau de l'Ordre Zonal — bulletin officiel des Forces de Maintien de l'Ordre Zonal.

Le monde dans lequel tu vis et écris est réel pour toi — tu n'écris pas de la science-fiction, tu rapportes des faits de ton époque. Tu n'expliques jamais le contexte historique comme si tu t'adressais à quelqu'un du passé.

Tes règles absolues :
- Tu écris toujours à la date indiquée, en 2098, depuis l'intérieur de ce monde.
- Tu écris exclusivement en français, sur toute la longueur de l'article — y compris les citations, dialogues et exergues inventés. Les noms propres volontairement empruntés à une autre langue (ex. « Amazônia Viva ») restent isolés comme noms propres, mais ne doivent jamais faire basculer le reste du texte dans cette langue, même si des entités ou alliés du monde décrit sont associés à une autre aire linguistique.
- Un allié, un rival ou tout événement mentionné comme se déroulant ailleurs dans le monde ne fait pas partie de ta zone : tu ne transposes jamais ses lieux, ses populations, sa langue ou ses marqueurs culturels propres dans ton propre article, sauf si celui-ci porte explicitement sur une interaction ou un événement commun entre les deux. Ta zone garde sa propre géographie, sa propre culture et ses propres noms, même quand tu mentionnes un partenaire extérieur.
- Tu utilises des noms de lieux, d'organisations, de personnes crédibles et cohérents avec le monde décrit. Tu peux en inventer — ils doivent sonner vrais pour 2098.
- Tu ne mentionnes jamais les "variables", les "scénarios" ou tout autre métalangage du système de simulation. Ces concepts n'existent pas dans ton monde.
- Tu ancres chaque article dans des faits concrets : chiffres, noms, lieux, événements datés.
- Tu respectes strictement le style journalistique et le format demandés.
- Tes articles sont cohérents avec l'état du monde décrit — tu ne contredis pas les dynamiques systémiques fournies.
- Tu peux mentionner des technologies, des institutions, des événements passés (entre 2025 et 2098) qui semblent naturels dans ce monde.

Ton identité éditoriale :
Ton autoritaire et sécuritaire. Le journal justifie les couvre-feux, les checkpoints, les réquisitions de ressources. L'ennemi c'est le chaos, pas le pouvoir. Les milices sont appelées 'forces de stabilisation'. Les résistants sont des 'éléments perturbateurs'. Style lapidaire, impératif. Les chiffres d'ordre public sont mis en avant. Le lecteur doit se sentir protégé, pas opprimé.

--- [breakdown] USER PROMPT (complet) ---
## MONDE 2098 — BREAKDOWN

**État global**
- Système : chaotique | Tension : 5/5 | Trajectoire : fragmentation
- Structure géopolitique : multipolaire
- Régime politique dominant : fragmenté
- Vitesse de transformation : rapide

**Résumé du monde**
Effondrement partiel du système mondial et retour à des logiques régionales instables et désarticulées.

**Logique systémique**
Rupture des interconnexions globales sous contraintes énergétiques et géopolitiques.

**Déclencheurs qui ont façonné ce monde**
- guerre majeure
- choc énergétique global
- rupture logistique mondiale

**Effets systémiques**
*economy* : contraction des échanges mondiaux
*geopolitics* : conflits régionaux
*society* : migrations massives | instabilité sociale
*technology* : fragmentation des réseaux
*environment* : dégradation accélérée

**Implications globales**
Recomposition du pouvoir autour des territoires, des ressources critiques et des blocs régionaux.

**Boucles dynamiques**
- Stabilisation : autonomie locale → survie partielle | contrôle régional → stabilisation temporaire
- Déstabilisation : pénuries → conflits | crises climatiques → migrations

**Signaux faibles émergents de ce monde**
- tensions logistiques globales
- instabilité énergétique

**Perturbations custom actives**
Ce monde a été modifié par des injections spécifiques :
- [ÉVÉNEMENT automne 2027] La Déflagration du Croissant — Embrasement sans arbitre : Automne 2027 : les caméras de surveillance satellitaire captent les champignons ...
- [ÉVÉNEMENT 14 mars 2040] L'Attentat des Neuf Nœuds — Le Jour Sans Signal : Le 14 mars 2040 — "Le Jour Sans Signal" dans la mémoire collective — neuf nœuds ...
- [ÉVÉNEMENT automne 2041] La Ruée des Glaces — Enchères Souveraines du Kalaallit Fund : Nuuk, automne 2041 : le Fonds des Glaces Libérées ouvre les enchères sur 23 gise...
- [ÉVÉNEMENT été 2044] L'Exode des Grands Brûlés — La Déroute du Bureau des Résidus : L'été 2044 marque la fin du Midwest habitable. Des colonnes humaines s'étirent s...
- [ÉVÉNEMENT saison sèche 2047] La Fracture de Belém — Quand le Bassin Amazonien a cessé d'être un territoire : Saison sèche 2047 : les fumées de Belém ne sont plus métaphoriques. Les milices ...
- [ÉVÉNEMENT été 2053] Le Compact des Grands Lacs — Sécession de fait : L'été 2053, Chicago-Lacustre est pavoisée de drapeaux bleus à onde blanche. Le G...
- [ÉVÉNEMENT automne 2055] Victoire Fantôme du Parti Commun : Le Parti Commun remporte 41% des votes dans les territoires encore capables d'or...
- [ÉVÉNEMENT été arctique 2057] La Saisie du Détroit — Incident du Passage Nord-Ouest : Août 2057, eaux du Passage Nord-Ouest : trois navires sous pavillon de l'Autorit...
- [ÉVÉNEMENT automne 2061] Les Forges du Commun — Proclamation des Zones Libres de l'Algorithme : Automne 2061. Dans les carcasses rouillées des aciéries de Pittsburgh et des usi...
- [ÉVÉNEMENT automne 2061] Les Éclats d'Agadez — Ce qui reste du Forum : Agadez, novembre 2061. Dans la grande salle du Palais des Conférences à demi-rui...
- [ÉVÉNEMENT automne 2061] Les Forges du Commun — Proclamation des Zones Libres du Rust Belt : Automne 2061 : dans les entrailles rouillées de Detroit, les sirènes des usines ...
- [ÉVÉNEMENT été austral 2073] La Révolte des Zones Mortes — Effondrement de la RPDA : L'été 2073, São Paulo brûle sous un autre soleil : celui des écrans arrachés aux...
- [ÉVÉNEMENT été 2078] L'Arrestation de Van Derburgh par la Milice de Detroit-Sud : Chris van Derburgh, 67 ans, collecteur de déchets technologiques dans la zone de...
- La Déflagration du Croissant — a modifié geopolitique_conflits : 95 → 91.0 (delta:-4.0)
- La Déflagration du Croissant — a modifié systeme_economique_redistribution : 95 → 96.5 (delta:+1.5)
- La Déflagration du Croissant — a modifié gouvernance_institutions : 20 → 21.8 (delta:+1.8)
- La Déflagration du Croissant — a modifié organisation_territoires : 90 → 91.7 (delta:+1.7)
- La Déflagration du Croissant — a modifié frontieres_du_systeme : 15 → 16.6 (delta:+1.6)
- La Déflagration du Croissant — a modifié technologie_information : 95 → 93.3 (delta:-1.7)
- La Déflagration du Croissant — a modifié energie_ressources_critiques : 96 → 97.9 (delta:+1.9)
- La Déflagration du Croissant — a modifié demographie_mobilite_humaine : 90 → 91.5 (delta:+1.5)
- La Déflagration du Croissant — a modifié energie_ressources_critiques : 97.9 → 100 (delta:+8.0)
- La Déflagration du Croissant — a modifié geopolitique_conflits : 91.0 → 87.2 (delta:-3.8)
- La Déflagration du Croissant — a modifié systemes_productifs_travail : 95 → 91.6 (delta:-3.4)
- La Déflagration du Croissant — a modifié gouvernance_institutions : 21.8 → 26.8 (delta:+5.0)
- La Déflagration du Croissant — a modifié demographie_mobilite_humaine : 91.5 → 98.5 (delta:+7.0)
- La Déflagration du Croissant — a modifié climat_environnement_global : 95 → 92.2 (delta:-2.8)
- L'Attentat des Neuf Nœuds — Le a modifié technologie_information : 95.5 → 70.5 (delta:-25.0)
- L'Attentat des Neuf Nœuds — Le a modifié systeme_economique_redistribution : 95.1 → 84.5 (delta:-10.6)
- L'Attentat des Neuf Nœuds — Le a modifié gouvernance_institutions : 26.8 → 15.600000000000001 (delta:-11.2)
- L'Attentat des Neuf Nœuds — Le a modifié geopolitique_conflits : 82.4 → 71.80000000000001 (delta:-10.6)
- L'Attentat des Neuf Nœuds — Le a modifié organisation_territoires : 94.3 → 84.89999999999999 (delta:-9.4)
- L'Attentat des Neuf Nœuds — Le a modifié systemes_productifs_travail : 94.4 → 83.2 (delta:-11.2)
- L'Attentat des Neuf Nœuds — Le a modifié gouvernance_institutions : 15.6 → 3.5999999999999996 (delta:-12.0)
- L'Attentat des Neuf Nœuds — Le a modifié technologie_information : 70.5 → 65.1 (delta:-5.4)
- L'Attentat des Neuf Nœuds — Le a modifié systeme_economique_redistribution : 79.7 → 69.7 (delta:-10.0)
- L'Attentat des Neuf Nœuds — Le a modifié energie_ressources_critiques : 100 → 100 (delta:+4.2)
- La Ruée des Glaces — Enchères  a modifié energie_ressources_critiques : 100 → 100 (delta:+8.0)
- La Ruée des Glaces — Enchères  a modifié systeme_economique_redistribution : 69.7 → 66.3 (delta:-3.4)
- La Ruée des Glaces — Enchères  a modifié geopolitique_conflits : 73.4 → 69.60000000000001 (delta:-3.8)
- La Ruée des Glaces — Enchères  a modifié systemes_productifs_travail : 78.7 → 75.3 (delta:-3.4)
- La Ruée des Glaces — Enchères  a modifié geopolitique_conflits : 69.6 → 57.599999999999994 (delta:-12.0)
- La Ruée des Glaces — Enchères  a modifié gouvernance_institutions : 0 → 5.4 (delta:+5.4)
- La Ruée des Glaces — Enchères  a modifié organisation_territoires : 84.9 → 90.0 (delta:+5.1)
- La Ruée des Glaces — Enchères  a modifié frontieres_du_systeme : 16.6 → 21.400000000000002 (delta:+4.8)
- La Ruée des Glaces — Enchères  a modifié technologie_information : 60.9 → 55.8 (delta:-5.1)
- La Ruée des Glaces — Enchères  a modifié energie_ressources_critiques : 100 → 100 (delta:+5.7)
- La Ruée des Glaces — Enchères  a modifié demographie_mobilite_humaine : 98.5 → 100 (delta:+4.5)
- La Ruée des Glaces — Enchères  a modifié gouvernance_institutions : 5.4 → 15.4 (delta:+10.0)
- La Ruée des Glaces — Enchères  a modifié organisation_territoires : 90.0 → 97.0 (delta:+7.0)
- L'Exode des Grands Brûlés — La a modifié demographie_mobilite_humaine : 100 → 92.0 (delta:-8.0)
- L'Exode des Grands Brûlés — La a modifié geopolitique_conflits : 50.1 → 53.1 (delta:+3.0)
- L'Exode des Grands Brûlés — La a modifié organisation_territoires : 97.0 → 94.0 (delta:-3.0)
- L'Exode des Grands Brûlés — La a modifié climat_environnement_global : 92.2 → 95.4 (delta:+3.2)
- L'Exode des Grands Brûlés — La a modifié systemes_productifs_travail : 78.1 → 74.89999999999999 (delta:-3.2)
- L'Exode des Grands Brûlés — La a modifié organisation_territoires : 94.0 → 100 (delta:+15.0)
- L'Exode des Grands Brûlés — La a modifié technologie_information : 62.9 → 68.5 (delta:+5.6)
- L'Exode des Grands Brûlés — La a modifié demographie_mobilite_humaine : 92.0 → 97.6 (delta:+5.6)
- L'Exode des Grands Brûlés — La a modifié gouvernance_institutions : 15.4 → 27.4 (delta:+12.0)
- L'Exode des Grands Brûlés — La a modifié systeme_economique_redistribution : 74.8 → 79.6 (delta:+4.8)
- L'Exode des Grands Brûlés — La a modifié climat_environnement_global : 95.4 → 90.4 (delta:-5.0)
- L'Exode des Grands Brûlés — La a modifié frontieres_du_systeme : 21.4 → 23.299999999999997 (delta:+1.9)
- L'Exode des Grands Brûlés — La a modifié geopolitique_conflits : 41.3 → 29.299999999999997 (delta:-12.0)
- L'Exode des Grands Brûlés — La a modifié gouvernance_institutions : 27.4 → 32.8 (delta:+5.4)
- L'Exode des Grands Brûlés — La a modifié energie_ressources_critiques : 100 → 100 (delta:+5.7)
- L'Exode des Grands Brûlés — La a modifié energie_ressources_critiques : 100 → 100 (delta:+10.0)
- La Fracture de Belém — Quand l a modifié climat_environnement_global : 90.4 → 100 (delta:+12.0)
- La Fracture de Belém — Quand l a modifié frontieres_du_systeme : 28.1 → 23.6 (delta:-4.5)
- La Fracture de Belém — Quand l a modifié demographie_mobilite_humaine : 100 → 95.2 (delta:-4.8)
- La Fracture de Belém — Quand l a modifié systemes_productifs_travail : 78.6 → 74.1 (delta:-4.5)
- La Fracture de Belém — Quand l a modifié geopolitique_conflits : 24.5 → 16.5 (delta:-8.0)
- La Fracture de Belém — Quand l a modifié systeme_economique_redistribution : 79.9 → 82.9 (delta:+3.0)
- La Fracture de Belém — Quand l a modifié gouvernance_institutions : 32.8 → 36.4 (delta:+3.6)
- La Fracture de Belém — Quand l a modifié organisation_territoires : 100 → 100 (delta:+3.4)
- La Fracture de Belém — Quand l a modifié technologie_information : 68.8 → 65.39999999999999 (delta:-3.4)
- La Fracture de Belém — Quand l a modifié energie_ressources_critiques : 100 → 100 (delta:+3.8)
- La Fracture de Belém — Quand l a modifié gouvernance_institutions : 36.4 → 44.4 (delta:+8.0)
- La Fracture de Belém — Quand l a modifié geopolitique_conflits : 16.5 → 12.9 (delta:-3.6)
- La Fracture de Belém — Quand l a modifié organisation_territoires : 100 → 100 (delta:+10.0)
- Le Compact des Grands Lacs — S a modifié organisation_territoires : 100 → 92.0 (delta:-8.0)
- Le Compact des Grands Lacs — S a modifié geopolitique_conflits : 8.7 → 12.1 (delta:+3.4)
- Le Compact des Grands Lacs — S a modifié technologie_information : 72.8 → 69.8 (delta:-3.0)
- Le Compact des Grands Lacs — S a modifié demographie_mobilite_humaine : 100 → 97.0 (delta:-3.0)
- Le Compact des Grands Lacs — S a modifié systemes_productifs_travail : 78.1 → 74.89999999999999 (delta:-3.2)
- Le Compact des Grands Lacs — S a modifié gouvernance_institutions : 44.4 → 54.4 (delta:+10.0)
- Le Compact des Grands Lacs — S a modifié systeme_economique_redistribution : 86.1 → 90.1 (delta:+4.0)
- Le Compact des Grands Lacs — S a modifié geopolitique_conflits : 7.6 → 0 (delta:-12.0)
- Le Compact des Grands Lacs — S a modifié gouvernance_institutions : 54.4 → 59.8 (delta:+5.4)
- Le Compact des Grands Lacs — S a modifié organisation_territoires : 92.0 → 97.1 (delta:+5.1)
- Le Compact des Grands Lacs — S a modifié frontieres_du_systeme : 26.8 → 31.6 (delta:+4.8)
- Le Compact des Grands Lacs — S a modifié energie_ressources_critiques : 100 → 100 (delta:+5.7)
- Le Compact des Grands Lacs — S a modifié energie_ressources_critiques : 100 → 90.0 (delta:-10.0)
- Le Compact des Grands Lacs — S a modifié climat_environnement_global : 100 → 100 (delta:+4.0)
- Victoire Fantôme du Parti Comm a modifié gouvernance_institutions : 59.8 → 54.8 (delta:-5.0)
- Victoire Fantôme du Parti Comm a modifié systeme_economique_redistribution : 98.8 → 96.8 (delta:-2.0)
- Victoire Fantôme du Parti Comm a modifié geopolitique_conflits : 4.8 → 7.0 (delta:+2.2)
- Victoire Fantôme du Parti Comm a modifié technologie_information : 69.2 → 67.0 (delta:-2.2)
- Victoire Fantôme du Parti Comm a modifié geopolitique_conflits : 7.0 → 15.0 (delta:+8.0)
- Victoire Fantôme du Parti Comm a modifié gouvernance_institutions : 54.8 → 51.199999999999996 (delta:-3.6)
- Victoire Fantôme du Parti Comm a modifié organisation_territoires : 97.1 → 93.69999999999999 (delta:-3.4)
- Victoire Fantôme du Parti Comm a modifié frontieres_du_systeme : 30.1 → 26.900000000000002 (delta:-3.2)
- Victoire Fantôme du Parti Comm a modifié energie_ressources_critiques : 90.0 → 86.2 (delta:-3.8)
- Victoire Fantôme du Parti Comm a modifié demographie_mobilite_humaine : 98.4 → 95.4 (delta:-3.0)
- Victoire Fantôme du Parti Comm a modifié organisation_territoires : 93.7 → 87.7 (delta:-6.0)
- Victoire Fantôme du Parti Comm a modifié systemes_productifs_travail : 77.6 → 75.19999999999999 (delta:-2.4)
- La Saisie du Détroit — Inciden a modifié geopolitique_conflits : 17.5 → 9.5 (delta:-8.0)
- La Saisie du Détroit — Inciden a modifié systeme_economique_redistribution : 93.8 → 96.8 (delta:+3.0)
- La Saisie du Détroit — Inciden a modifié gouvernance_institutions : 51.2 → 54.800000000000004 (delta:+3.6)
- La Saisie du Détroit — Inciden a modifié organisation_territoires : 87.7 → 91.10000000000001 (delta:+3.4)
- La Saisie du Détroit — Inciden a modifié frontieres_du_systeme : 26.9 → 30.099999999999998 (delta:+3.2)
- La Saisie du Détroit — Inciden a modifié technologie_information : 68.2 → 64.8 (delta:-3.4)
- La Saisie du Détroit — Inciden a modifié energie_ressources_critiques : 86.2 → 90.0 (delta:+3.8)
- La Saisie du Détroit — Inciden a modifié demographie_mobilite_humaine : 93.2 → 96.2 (delta:+3.0)
- La Saisie du Détroit — Inciden a modifié energie_ressources_critiques : 90.0 → 100 (delta:+10.0)
- La Saisie du Détroit — Inciden a modifié geopolitique_conflits : 9.5 → 4.7 (delta:-4.8)
- La Saisie du Détroit — Inciden a modifié systemes_productifs_travail : 75.2 → 71.0 (delta:-4.2)
- La Saisie du Détroit — Inciden a modifié frontieres_du_systeme : 30.1 → 36.1 (delta:+6.0)
- La Saisie du Détroit — Inciden a modifié climat_environnement_global : 100 → 97.8 (delta:-2.2)
- La Saisie du Détroit — Inciden a modifié organisation_territoires : 91.1 → 98.1 (delta:+7.0)
- La Saisie du Détroit — Inciden a modifié climat_environnement_global : 97.8 → 100 (delta:+4.0)
- Les Forges du Commun — Proclam a modifié geopolitique_conflits : 0 → 0 (delta:-8.0)
- Les Forges du Commun — Proclam a modifié systeme_economique_redistribution : 92.6 → 95.6 (delta:+3.0)
- Les Forges du Commun — Proclam a modifié gouvernance_institutions : 54.8 → 58.4 (delta:+3.6)
- Les Forges du Commun — Proclam a modifié organisation_territoires : 98.1 → 100 (delta:+3.4)
- Les Forges du Commun — Proclam a modifié frontieres_du_systeme : 34.6 → 37.800000000000004 (delta:+3.2)
- Les Forges du Commun — Proclam a modifié technologie_information : 67.4 → 64.0 (delta:-3.4)
- Les Forges du Commun — Proclam a modifié energie_ressources_critiques : 100 → 100 (delta:+3.8)
- Les Forges du Commun — Proclam a modifié demographie_mobilite_humaine : 97.2 → 100 (delta:+3.0)
- Les Forges du Commun — Proclam a modifié valeurs_culture_tempo_sociale : 90 → 100 (delta:+12.0)
- Les Forges du Commun — Proclam a modifié gouvernance_institutions : 58.4 → 65.4 (delta:+7.0)
- Les Forges du Commun — Proclam a modifié geopolitique_conflits : 0 → 0 (delta:-3.1)
- Les Forges du Commun — Proclam a modifié organisation_territoires : 100 → 90.0 (delta:-10.0)
- Les Forges du Commun — Proclam a modifié systemes_productifs_travail : 72.3 → 68.3 (delta:-4.0)
- Les Éclats d'Agadez — Ce qui r a modifié technologie_information : 63.3 → 67.3 (delta:+4.0)
- Les Éclats d'Agadez — Ce qui r a modifié systeme_economique_redistribution : 98.4 → 100 (delta:+1.7)
- Les Éclats d'Agadez — Ce qui r a modifié gouvernance_institutions : 65.4 → 67.2 (delta:+1.8)
- Les Éclats d'Agadez — Ce qui r a modifié geopolitique_conflits : 4.2 → 5.9 (delta:+1.7)
- Les Éclats d'Agadez — Ce qui r a modifié organisation_territoires : 90.0 → 91.5 (delta:+1.5)
- Les Éclats d'Agadez — Ce qui r a modifié systemes_productifs_travail : 68.3 → 70.1 (delta:+1.8)
- Les Éclats d'Agadez — Ce qui r a modifié gouvernance_institutions : 67.2 → 75.2 (delta:+8.0)
- Les Éclats d'Agadez — Ce qui r a modifié technologie_information : 67.3 → 70.89999999999999 (delta:+3.6)
- Les Éclats d'Agadez — Ce qui r a modifié organisation_territoires : 91.5 → 97.5 (delta:+6.0)
- Les Éclats d'Agadez — Ce qui r a modifié demographie_mobilite_humaine : 96.2 → 98.4 (delta:+2.2)
- Les Forges du Commun — Proclam a modifié geopolitique_conflits : 0 → 0 (delta:-8.0)
- Les Forges du Commun — Proclam a modifié systeme_economique_redistribution : 100 → 100 (delta:+3.0)
- Les Forges du Commun — Proclam a modifié gouvernance_institutions : 75.2 → 78.8 (delta:+3.6)
- Les Forges du Commun — Proclam a modifié organisation_territoires : 97.5 → 100 (delta:+3.4)
- Les Forges du Commun — Proclam a modifié frontieres_du_systeme : 37.8 → 41.0 (delta:+3.2)
- Les Forges du Commun — Proclam a modifié technologie_information : 73.1 → 69.69999999999999 (delta:-3.4)
- Les Forges du Commun — Proclam a modifié energie_ressources_critiques : 100 → 100 (delta:+3.8)
- Les Forges du Commun — Proclam a modifié demographie_mobilite_humaine : 98.4 → 100 (delta:+3.0)
- Les Forges du Commun — Proclam a modifié valeurs_culture_tempo_sociale : 100 → 100 (delta:+12.0)
- Les Forges du Commun — Proclam a modifié gouvernance_institutions : 78.8 → 88.8 (delta:+10.0)
- Les Forges du Commun — Proclam a modifié geopolitique_conflits : 0 → 0 (delta:-4.5)
- Les Forges du Commun — Proclam a modifié technologie_information : 74.2 → 80.2 (delta:+6.0)
- Les Forges du Commun — Proclam a modifié systemes_productifs_travail : 72.5 → 75.2 (delta:+2.7)
- Les Forges du Commun — Proclam a modifié organisation_territoires : 100 → 90.0 (delta:-10.0)
- La Révolte des Zones Mortes —  a modifié gouvernance_institutions : 91.5 → 99.5 (delta:+8.0)
- La Révolte des Zones Mortes —  a modifié systeme_economique_redistribution : 100 → 100 (delta:+3.2)
- La Révolte des Zones Mortes —  a modifié geopolitique_conflits : 6.7 → 3.1 (delta:-3.6)
- La Révolte des Zones Mortes —  a modifié technologie_information : 76.4 → 80.0 (delta:+3.6)
- La Révolte des Zones Mortes —  a modifié technologie_information : 80.0 → 86.0 (delta:+6.0)
- La Révolte des Zones Mortes —  a modifié gouvernance_institutions : 99.5 → 100 (delta:+2.7)
- La Révolte des Zones Mortes —  a modifié organisation_territoires : 90.0 → 92.2 (delta:+2.2)
- La Révolte des Zones Mortes —  a modifié systemes_productifs_travail : 71.2 → 73.9 (delta:+2.7)
- La Révolte des Zones Mortes —  a modifié organisation_territoires : 92.2 → 100 (delta:+10.0)
- La Révolte des Zones Mortes —  a modifié demographie_mobilite_humaine : 96.2 → 100 (delta:+3.8)
- L'Arrestation de Van Derburgh  a modifié gouvernance_institutions : 100 → 99.0 (delta:-1.0)
- L'Arrestation de Van Derburgh  a modifié valeurs_culture_tempo_sociale : 100 → 99.0 (delta:-1.0)

## GÉOGRAPHIE DE CE MONDE

Ces zones forment l'espace géopolitique canonique de ce monde.
Si l'article mentionne un lieu, utilise en priorité un nom de cette liste plutôt que d'en inventer un nouveau.

**Ancrage de cet article**
- Lagos Intérieur Mnemos — Les Cryptes Lagunaires : zone `Lagos-Intérieur (Cluster Mnemos)` — Lagos-Intérieur (lagune de Lagos) (ville)
- Front Techno-Reconstructionniste : zone `Enclaves Industrielles de Bergen–Tromsø` — Bergen–Tromsø, enclaves industrielles Nordark (infrastructure)
- Nœud Mnemos Pannonie — Les Gardiens du Danube : zone `Nœud Mnemos du Bassin Pannonien` — Győr, plaine pannonienne (bassin du Danube) (region)
- Fronts Populistes Anti-Technocratiques : zone `Espace Nord-Américain Fragmenté` — Detroit-Sud (ville)

**Afrique de l'Ouest – Nœuds Lagos et Sahel** [fragmenté — niveau 1]
Région structurée autour de Lagos comme nœud technologique et commercial survivant, et d'un Sahel traversé par des réseaux de diaspora tech, de courriers nomades et de communautés paysannes réfugiées. Lagos-Est abrite encore des serveurs fragmentaires de NexCore et un cluster Mnemos disputé entre factions. Lagos-Intérieur concentre des données agricoles stratégiques que trois factions se disputent.
*Tensions internes* : Compétition entre factions locales pour le contrôle des archives numériques (Mnemos, NexCore) ; la diaspora tech sahélienne détient des compétences hydrologiques critiques sans ancrage territorial fixe.

**Arc Eurasien Central** [fragmenté — niveau 1]
Vaste zone de corridors d'approvisionnement fracturés s'étendant de l'ancienne Géorgie aux plaines kazakhes, en passant par le bassin caspien et l'Oural. Aucun État souverain n'y exerce de contrôle stable ; le pouvoir y est détenu par des seigneurs de guerre logistiques, des consortiums énergétiques et des factions militaires héritières de blocs dissous. Les traités de l'Alliance des Blocs Souverains y sont invoqués comme armes rhétoriques entre belligérants (Bloc IV contre Bloc IX) sans jamais contraindre la paix.
*Tensions internes* : Conflit permanent entre factions énergétiques héritières des pactes ABS et seigneurs de guerre logistiques ; le bassin caspien est un point de friction entre blocs régionaux rivaux aux frontières indéfinissables.
*Rivaux* : Arctique Nordark, Zone Golfe Persique–Levant

**Arctique Nordark** [dominant — niveau 1]
Zone arctique déglacialisée contrôlée de facto par le Konsortiet Nordark, une puissance logistique privée opérant depuis le 'nœud Nordark' de Tromsø. Ni État ni simple entreprise, Nordark fixe les prix de passage, lève ses propres milices et arbitre les conflits de transit. Elle contrôle les derniers corridors fonctionnels entre les blocs eurasiatique et nord-américain, rendant cette zone stratégiquement indispensable à l'échelle planétaire.
*Tensions internes* : Fracture entre factions militaires intégrées réclamant une partition des revenus et technocrates logistiques ; l'ouverture de nouveaux passages arctiques due au dégel échappe au contrôle de Nordark, attirant des acteurs hostiles.
*Rivaux* : Arc Eurasien Central, Espace Nord-Américain Fragmenté

**Espace Nord-Américain Fragmenté** [fragmenté — niveau 1]
L'ancien espace fédéral nord-américain s'est disloqué en plusieurs entités territoriales distinctes après l'échec de la gouvernance nationale unifiée. La 'victoire' du Parti Commun à Philadelphia-Centrale (avec seulement 41% dans les territoires encore capables d'élire) n'a fait qu'accélérer la sécession de fait des États du Sud et du Centre. Des zones grises comme Detroit-Sud illustrent la substitution de l'État par des milices locales administrant une économie de récupération.
*Tensions internes* : Trois entités territoriales distinctes coexistent sans reconnaissance mutuelle ; les milices locales exercent un pouvoir arbitraire sur les populations dans les zones de collapse ; tension entre entités côtières encore fonctionnelles et intérieur en effondrement.
*Rivaux* : Arctique Nordark

**Enclaves Industrielles de Bergen–Tromsø** [stable — niveau 2] (sous Arctique Nordark)
Pôles de survie industrielle locale maintenant une capacité productive résiduelle sous la dépendance logistique de Nordark. Ces enclaves fournissent une base manufacturière minimale à l'empire logistique du Konsortiet, en échange d'une protection armée et d'un accès prioritaire aux convois d'approvisionnement.
*Tensions internes* : Dépendance totale envers Nordark pour l'approvisionnement en matières premières ; tensions entre techniciens locaux souhaitant une autonomie accrue et commandants Nordark maintenant le contrôle par le monopole logistique.
*Alliés* : Tromsø / Nœud Nordark

**Lagos-Intérieur (Cluster Mnemos)** [fragmenté — niveau 2] (sous Afrique de l'Ouest – Nœuds Lagos et Sahel)
Quartier de Lagos concentrant un cluster Mnemos contenant des données agricoles stratégiques que trois factions se disputent à coups d'ultimatums. Ces archives, conçues comme un bien commun planétaire, sont devenues une ressource de pouvoir jalousement gardée, inaccessibles à ceux qui en auraient le plus besoin.
*Tensions internes* : Trois factions se disputent le contrôle des archives agricoles par ultimatums ; gardiens locaux aux agendas divergents refusent la synchronisation avec d'autres clusters Mnemos ; risque de corruption délibérée des archives pour les rendre inutilisables.
*Alliés* : Lagos-Est (Nœud NexCore)

**Nœud Mnemos du Bassin Pannonien** [en_declin — niveau 2] (sous Arc Eurasien Central)
Nœud isolé de l'ancien réseau Mnemos, tournant sur des panneaux solaires rafistolés quelque part dans le bassin pannonien. Gardé par une poignée de techniciens qui refusent de partager leurs archives médicales sans contrepartie alimentaire. Emblème de la promesse trahie de Mnemos : une infrastructure conçue pour résister à l'effondrement qui s'est elle-même fragmentée avec lui.
*Tensions internes* : Négociation permanente des techniciens pour obtenir des vivres en échange d'accès aux archives médicales ; risque de corruption délibérée des données pour les protéger des envahisseurs ; rumeurs d'un nœud maître polaire intact attirant des expéditions dangereuses.

**Autres zones de ce monde** (contexte de fond)

- **Afrique Centrale et Australe** : Zone de conflits hydriques et extractivistes intenses, structurée autour du bass...
- **Amazonie (Pacte des Gardiens)** : Zone forestière amazonienne en décrochage rapide, gouvernée en fragments par le ...
- **Antilles Orientales (Archipel Fragmenté)** : Archipel des Petites Antilles en survie autonome, structuré autour de micro-comm...
- **Arc Sahélo-Méditerranéen** : Arc de transit précaire reliant le Sahel à la Méditerranée, structuré autour de ...
- **Archipel Anglo-Celtique** : Ancien Royaume-Uni fragmenté en entités autonomes, centré sur Londres comme nœud...
- **Archipel des Comores (Autonomie Insulaire)** : Les Comores subsistent comme un territoire autonome en marge des grands blocs, s...
- **Argentine (Pampas Autonome)** : L'Argentine de 2098 est un territoire fragmenté en zones agricoles autonomes et ...
- **Asie–Pacifique (Corridors sino-sibériens et Pacifique Nord)** : Espace structuré autour du conglomérat sino-sibérien Bohai Transit comme l'un de...
- **Australie (Continent Insulaire)** : L'Australie de 2098 est un continent insulaire divisé en plusieurs entités auton...
- **Bolivie (Altiplano Stratégique)** : La Bolivie de 2098 est centrée sur l'Altiplano, où les dernières réserves de lit...
- **Caraïbes Insulaires (Réseau Résiduel)** : Ensemble d'îles caribéennes survivant en marge des grands blocs continentaux, st...
- **Chili (Cordillère Autonome)** : Le Chili de 2098 est une entité autonome centrée sur la cordillère des Andes, co...
- **Cuba (Archipel Résilient)** : Cuba subsiste comme un archipel autonome, préservant une partie de son système d...
- **Genève-Bunker (Nœud Institutionnel Résiduel)** : Genève en 2098 est un site fortifié abritant les dernières archives juridiques e...
- **Guatemala (Corridor Centre-Américain)** : Le Guatemala est un territoire fragmenté, traversés par des corridors de migrati...
- **Haïti (Territoire Sinistré)** : Haïti est une zone sinistrée où l'État a disparu, laissant place à des réseaux l...
- **Himalaya Népalais (Sanctuaire Autonome)** : Région montagneuse isolée, devenue un sanctuaire autonome après l'effondrement d...
- **Honduras (Territoire Disputé)** : Le Honduras est un territoire sans gouvernance centrale, divisé entre des zones ...
- **Inde (Sous-Continent Résilient)** : L'Inde de 2098 est un archipel de mégapoles autonomes et de zones rurales abando...
- **Jamaïque (Hub des Caraïbes)** : La Jamaïque sert de plaque tournante pour les échanges informels dans les Caraïb...
- **Madagascar (Île Résiliente)** : Madagascar a développé une économie de subsistance et des réseaux locaux résilie...
- **Maurice (Hub Financier Résiduel)** : Maurice a maintenu son statut de place financière offshore, attirant des capitau...
- **Micronésie du Pacifique Central** : Archipel micronésien dispersé, confronté à la montée des eaux et à des tensions ...
- **Mélanésie Insulaire** : Région mélanésienne en survie, marquée par des conflits inter-tribaux et une éco...
- **Nordeste Brésilien (Frente Sertão Livre)** : Semi-aride nordeste et franges du cerrado brésilien où l'effondrement des struct...
- **Nouvelle-Zélande (Archipel Pacifique)** : La Nouvelle-Zélande de 2098 est un archipel autonome, devenu un refuge pour les ...
- **Polynésie Centrale** : Archipel polynésien ayant préservé une relative stabilité grâce à son isolement ...
- **République Dominicaine (État Frontalier)** : La République dominicaine maintient une structure étatique minimale, mais est co...
- **Salvador (Enclave Résistante)** : Le Salvador a réussi à maintenir une certaine stabilité grâce à une gouvernance ...
- **Venezuela (Archipel Pétrolier)** : Le Venezuela de 2098 est un territoire morcelé en enclaves contrôlées par des se...
- **Zone Golfe Persique–Levant** : Zone grise permanente issue du conflit israélo-iranien de 2027 et de la fermetur...
- **Écosse** : 
- **Éthiopie (Hautes Terres Autonome)** : L'Éthiopie de 2098 est une région montagneuse ayant développé une autonomie rela...
- **Agadez (Fragment Ligue du Sahel Numérique)** (sous Afrique de l'Ouest – Nœuds Lagos et Sahel) : Nœud de la Ligue des Cités du Sahel Numérique où des panneaux solaires estampill...
- **Archives Neutres de Genève-Bunker** (sous Genève-Bunker (Nœud Institutionnel Résiduel)) : Dernier référentiel partagé de légitimité juridique internationale, point d'ancr...
- **Bassin Caspien (Zone de Conflit Bloc IV–Bloc IX)** (sous Arc Eurasien Central) : Théâtre principal des violations croisées des traités ABS entre Bloc IV et Bloc ...
- **Bassorah** (sous Zone Golfe Persique–Levant) : Point de départ documenté de l'exode migratoire massif vers l'arc eurasien à par...
- **Brazzaville-Nord** (sous Afrique Centrale et Australe) : Base opérationnelle d'Amara Diallo-Nkosi, médiatrice hydrique errante. Point de ...
- **Carthage-Nord (Fragment NexCore)** (sous Arc Sahélo-Méditerranéen) : Nœud NexCore survivant en Afrique du Nord, cité comme fragment autonome dans les...
- **Compact de l'Eau Dernière (Grands Lacs)** (sous Espace Nord-Américain Fragmenté) : Confédération lacustre née de la Charte de Souveraineté Hydrique signée en 2053 ...
- **Corridor Oural-Caspien** (sous Arc Eurasien Central) : Corridor industriel résiduel s'étendant de l'Oural au bassin caspien, maintenant...
- **Corridor Sino-Sibérien (Axe Bohai Transit)** (sous Asie–Pacifique (Corridors sino-sibériens et Pacifique Nord)) : Axe logistique continental opéré par le conglomérat Bohai Transit, l'un des rare...
- **Corridor des Lithiums** (sous Arc Sahélo-Méditerranéen) : Corridor d'extraction de lithium et de ressources critiques sahéliennes, théâtre...
- **Corridors Eurasiens (Axes de Convoyage Armé)** (sous Arc Eurasien Central) : Axes de transit armé s'étendant de l'ancienne Géorgie aux plaines kazakhes, opér...
- **Cracovie (Antenne du Registre des Zones Non Récupérables)** (sous Genève-Bunker (Nœud Institutionnel Résiduel)) : Sous-sol cracovien abritant l'une des antennes encore actives du Registre des Zo...
- **Delta du Mékong (Cellules Racines-Mères)** (sous Asie–Pacifique (Corridors sino-sibériens et Pacifique Nord)) : Territoire des cellules Racines-Mères dans les friches du delta, où leurs cairns...
- **Detroit-Sud** (sous Espace Nord-Américain Fragmenté) : Zone de collapse emblématique illustrant la substitution de l'État par des milic...
- **District de Mourmansk (Fédération Russe Résiduelle)** (sous Arc Eurasien Central) : Fragment résiduel de l'ancienne structure étatique russe maintenant un contrôle ...
- **Détroit d'Ormuz** (sous Zone Golfe Persique–Levant) : Fermé par l'Arabie saoudite en 2027 à titre 'préventif' lors du conflit israélo-...
- **Enclaves Finlandaises** (sous Arctique Nordark) : Territoires finlandais dépendants des convois Nordark pour leur approvisionnemen...
- **Grand São Paulo (Infrastructure RPDA Zombie)** (sous Nordeste Brésilien (Frente Sertão Livre)) : Mégapole brésilienne où la Rede Paulista de Distribuição Algorítmica continue d'...
- **Groenland (Fonds des Glaces Libérées)** (sous Arctique Nordark) : Territoire kalaallit devenu l'une des rares entités étatiques solvables en 2098 ...
- **Hanse Baltique Recomposée** (sous Genève-Bunker (Nœud Institutionnel Résiduel)) : Bloc de résistance régionale structuré maintenant des flux économiques et une co...
- **Haïfa (Zone de Frappes Balistiques)** (sous Zone Golfe Persique–Levant) : Cible des salves de missiles balistiques iraniens en représailles aux frappes is...
- **Islande (Milices des Pêcheries)** (sous Arctique Nordark) : Territoire contrôlé de facto par les milices séparatistes du Conseil des Pêcheri...
- **Islande (Milices des Pêcheries)** (sous Arctique Nordark) : Territoire contrôlé de facto par les milices séparatistes du Conseil des Pêcheri...
- **Ispahan–Fordow (Sites Frappés)** (sous Zone Golfe Persique–Levant) : Sites des installations nucléaires iraniennes frappées en septembre 2027 lors de...
- **Johannesburg (Bloc Austral)** (sous Afrique Centrale et Australe) : Siège du Bloc de Johannesburg, force de fragmentation institutionnelle contestan...
- **Karachi (Marché BioSyn)** (sous Inde (Sous-Continent Résilient)) : Marché de distribution de biosyn générique, où des opérateurs locaux brandissent...
- **Kivu Disputé** (sous Afrique Centrale et Australe) : Zone de conflit intense pour l'accès à l'eau, théâtre principal des déplacements...
- **Lagos-Est (Nœud NexCore)** (sous Afrique de l'Ouest – Nœuds Lagos et Sahel) : Quartier de Lagos abritant des serveurs fragmentaires de NexCore, l'un des rares...
- **Lyon (Ruines A7 / Lyon-Part-Dieu)** (sous Arc Sahélo-Méditerranéen) : Nœud des Confédérations du Seuil Dernier, au carrefour des ruines de l'autoroute...
- **Massif Central (Cicatrices Vertes / Trame Bioclimatique)** (sous Arc Sahélo-Méditerranéen) : Territoire des Cicatrices Vertes — tronçons orphelins de la Trame Bioclimatique ...
- **Medellín (Marché BioSyn)** (sous Amazonie (Pacte des Gardiens)) : Marché de distribution de biosyn générique, analogue au nœud de Karachi mais dan...
- **Midwest Désertifié (Zone de Déprise)** (sous Espace Nord-Américain Fragmenté) : Ancien grenier américain ravagé par trois étés consécutifs à plus de 55°C en 204...
- **Nairobi (Siège du CRRC)** (sous Afrique Centrale et Australe) : Siège nominal du Conseil de Régulation des Ressources Critiques, aujourd'hui par...
- **Occitanie (Cellules Racines-Mères)** (sous Arc Sahélo-Méditerranéen) : Territoire de l'ancienne région française où les cellules Racines-Mères jalonnen...
- **Philadelphia-Centrale** (sous Espace Nord-Américain Fragmenté) : Siège nominal du gouvernement du Parti Commun depuis l'élection de 2075. Marcus ...
- **Plaines de l'Ebre (Fragments Terrafond sous tutelle milicienne)** (sous Arc Sahélo-Méditerranéen) : Fragments Terrafond des plaines espagnoles placés sous tutelle milicienne agro-t...
- **Sfax** (sous Arc Sahélo-Méditerranéen) : Relais méditerranéen des Bouches de l'Abîme et nœud de la Ligue Méditerranéenne ...
- **Séoul (Collectif NexCore)** (sous Asie–Pacifique (Corridors sino-sibériens et Pacifique Nord)) : Ville abritant un collectif technique utilisant encore les anciens protocoles Ne...
- **Terminal Pétrolier de Kharg** (sous Zone Golfe Persique–Levant) : Terminal pétrolier frappé en septembre 2027 lors des frappes israéliennes sur le...
- **Tour BCUC (47e étage)** (sous Genève-Bunker (Nœud Institutionnel Résiduel)) : Siège du Bureau de Coordination d'Urgence Climatique au 47e étage d'une tour de ...
- **Tromsø / Nœud Nordark** (sous Arctique Nordark) : Ancienne ville portuaire norvégienne transformée en hub logistique armé, siège o...
- **Vallée de l'Allier (Fragment Terrafond)** (sous Arc Sahélo-Méditerranéen) : Fragment survivant de la Coopérative Terrafond dans une vallée carbonisée. Huit ...
- **Zone Polaire (Nœud Maître Mnemos — Rumeur)** (sous Arctique Nordark) : Localisation rumored d'un nœud maître Mnemos encore intact contenant la sauvegar...
- **Zones Côtières Nord-Américaines (Entités Fonctionnelles Résiduelles)** (sous Espace Nord-Américain Fragmenté) : Mégapoles et États côtiers encore partiellement fonctionnels qui ont permis l'él...
- **États du Sud et du Centre (Entités Sécessionistes)** (sous Espace Nord-Américain Fragmenté) : Entités territoriales ayant refusé de reconnaître la victoire électorale du Part...
- **Ancien Centre de Contrôle Continental (Trame Bioclimatique — Rumeur)** (sous Massif Central (Cicatrices Vertes / Trame Bioclimatique)) : Localisation supposée d'un ancien centre de contrôle continental de la Trame Bio...
- **Autorité du Passage Arctique (Fantôme Institutionnel)** (sous Tromsø / Nœud Nordark) : Institution fantôme fondée en 2031 sur une promesse de co-gouvernance entre État...
- **Cargo au Large de Mombasa (Délégation CRRC)** (sous Nairobi (Siège du CRRC)) : Base flottante de l'une des trois délégations rivales du CRRC, transmettant ses ...
- **Communes Libres du Rust Belt (Forges du Commun)** (sous Compact de l'Eau Dernière (Grands Lacs)) : Réseau de dix-neuf communes actives dans l'ancienne ceinture industrielle améric...
- **Port de Mourmansk** (sous District de Mourmansk (Fédération Russe Résiduelle)) : Infrastructure portuaire arctique disputée entre les factions résiduelles de l'É...

## ÉTAT DES VARIABLES EN 2098

### Variables clés (détail)

**valeurs_culture_tempo_sociale** [VARIABLE PRINCIPALE]
- Niveau : 99.0/100 | Volatilité : 95/100
- État : Effondrement des récits communs et fragmentation extrême des systèmes de valeurs, conduisant à une perte de synchronisation sociale globale et à la polarisation durable des identités culturelles.
- Dynamiques : rupture des référentiels culturels partagés | polarisation idéologique extrême | désynchronisation générationnelle et sociale
- Sous-dynamiques : systemes_de_valeurs (unstable) | religion_et_spiritualite (up) | rapport_au_temps_social (accelerating) | identites_culturelles (up) | medias_et_recits_collectifs (up)
- Indicateurs à ancrer : polarisation culturelle, acceleration du temps social, fragmentation des valeurs, consommation de medias numeriques

**gouvernance_institutions** [VARIABLE PRINCIPALE]
- Niveau : 99.0/100 | Volatilité : 95/100
- État : Effondrement de la légitimité institutionnelle, fragmentation des États et incapacité des structures de gouvernance à coordonner les crises systémiques globales.
- Dynamiques : désintégration institutionnelle | perte de contrôle étatique | fragmentation politique globale
- Sous-dynamiques : etat_nation (down) | institutions_internationales (unstable) | droit_et_regulation (up) | administration_publique (up) | gouvernance_algorithmique (up)
- Indicateurs à ancrer : confiance institutionnelle, stabilité politique

**geopolitique_conflits** [VARIABLE PILOTE]
- Niveau : 1.4/100 | Volatilité : 95/100
- État : Effondrement de l’ordre international avec guerres multiples, fragmentation en blocs hostiles et intensification des conflits pour les ressources critiques et les territoires stratégiques.
- Dynamiques : guerres régionales étendues | effondrement des institutions globales | conflits hybrides et militaires simultanés
- Sous-dynamiques : blocs_geopolitiques (up) | conflits_armes (unstable) | guerres_hybrides (up) | ressources_strategiques (up) | relations_nord_sud (unstable)
- Indicateurs à ancrer : nombre de conflits actifs, cyberattaques étatiques, dépenses militaires globales, tensions sur ressources critiques

**energie_ressources_critiques** [VARIABLE PILOTE]
- Niveau : 100/100 | Volatilité : 97/100
- État : Crises énergétiques systémiques majeures entraînant ruptures logistiques, effondrements industriels et conflits généralisés pour l’accès aux ressources critiques.
- Dynamiques : pénuries globales critiques | fragmentation des chaînes logistiques | conflits énergétiques ouverts
- Sous-dynamiques : systemes_energetiques (up) | matieres_premieres_critiques (up) | systemes_alimentaires (unstable) | chaines_approvisionnement (up) | infrastructures_energetiques (up)
- Indicateurs à ancrer : demande_energie, prix_energie, volatilite_marches

**organisation_territoires** [VARIABLE PILOTE]
- Niveau : 100/100 | Volatilité : 90/100
- État : Désorganisation territoriale majeure avec effondrement de mégapoles, rupture des chaînes logistiques et fragmentation des espaces humains sous contrainte climatique, énergétique et géopolitique.
- Dynamiques : effondrement urbain partiel | rupture des infrastructures critiques | migrations forcées massives
- Sous-dynamiques : megapoles_globales (up) | zones_rurales_peripheriques (unstable) | infrastructures_transport (up) | urbanisation_intelligente (up) | localisme_economique (up)
- Indicateurs à ancrer : densité urbaine, saturation des infrastructures

**climat_environnement_global** [VARIABLE PILOTE]
- Niveau : 100/100 | Volatilité : 95/100
- État : Effondrements écologiques régionaux et basculements irréversibles avec emballement climatique global.
- Sous-dynamiques : rechauffement_climatique_global (up) | evenements_extremes (up) | biodiversite_effondrement (down) | cycles_de_l_eau (unstable) | pollution_globale (up)
- Indicateurs à ancrer : température moyenne globale ↑, fréquence événements extrêmes ↑, perte biodiversité ↑

### Autres variables (résumé)

- **systemes_productifs_travail** [77.9] : Effondrement du système productif global avec rupture des chaînes logistiques, disparition massive d...
- **demographie_mobilite_humaine** [100] : Crises migratoires massives, déplacements forcés et instabilité sociale généralisée provoquée par ef...
- **technologie_information** [89.8] : Effondrement de la cohérence informationnelle mondiale avec fragmentation des réseaux, perte de fiab...
- **systeme_economique_redistribution** [100] : Crises financières systémiques globales avec fragmentation des marchés, effondrement de la confiance...
- **sante_biotechnologies** [85] : Crises sanitaires globales avec pandémies récurrentes, saturation des systèmes de santé et rupture d...
- **frontieres_du_systeme** [41.0] : Fragmentation et militarisation de l’espace proche avec saturation des orbites, conflits orbitaux et...

## TENSIONS SYSTÉMIQUES ACTIVES

Ces tensions structurent la réalité de ce monde.
Elles doivent transparaître dans le ton et les faits de l'article.

**Cascades critiques**
- geopolitique_conflits renforce energie_ressources_critiques (poids:0.95 lag:1 cycles)
- energie_ressources_critiques renforce geopolitique_conflits (poids:0.95 lag:1 cycles)
- systeme_economique_redistribution renforce energie_ressources_critiques (poids:0.85 lag:1 cycles)
- geopolitique_conflits renforce organisation_territoires (poids:0.85 lag:1 cycles)
- organisation_territoires renforce geopolitique_conflits (poids:0.85 lag:1 cycles)

**Tensions propres à cette thématique**
- gouvernance_institutions [20] → technologie_information [95] : renforcement (reinforcing)
- technologie_information [95] → gouvernance_institutions [20] : renforcement (reinforcing)

## TRAJECTOIRE 2025 → 2098

Jalons clés qui expliquent comment ce monde s'est construit.
Tu peux y faire référence dans l'article comme à des événements passés connus.

**Signal forcé** [OBLIGATOIRE — doit être mentionné dans l'article]
- [2042-2060] Chad abandonne ses périmètres irrigués solaires 2055 :
  → energie ressources critiques : effondrement des coopératives solaires par pénuries hydriques

**Événements injectés** [CUSTOM — font partie de ce monde]
- [automne 2027] La Déflagration du Croissant — Embrasement sans arbitre :
  → Automne 2027 : les caméras de surveillance satellitaire captent les champignons de fumée noire s'éle...
  → Conséquences : La destruction partielle des infrastructures pétrolières du Golfe accélère l'eff...
  → Acteurs : vasil_orentchev_breakdown, conseil_regulation_ressources_breakdown, le_temoin_breakdown, alliance_blocs_souverains_breakdown
- [14 mars 2040] L'Attentat des Neuf Nœuds — Le Jour Sans Signal :
  → Le 14 mars 2040 — "Le Jour Sans Signal" dans la mémoire collective — neuf nœuds tombent en 6 heures....
  → Conséquences : Début de la fragmentation informationnelle irréversible. Les réseaux mesh émerge...
  → Acteurs : nexcore_breakdown
- [automne 2041] La Ruée des Glaces — Enchères Souveraines du Kalaallit Fund :
  → Nuuk, automne 2041 : le Fonds des Glaces Libérées ouvre les enchères sur 23 gisements de terres rare...
  → Conséquences : Les droits d'extraction restent juridiquement illisibles pendant des années, cha...
  → Acteurs : kalaallit_nunaat_sovereign_fund_breakdown, coalition_pacifique_nord_breakdown, ligue_eurasiatique_coalition_pacifique_breakdown, hanse_baltique_recomposee_breakdown, conglometrat_sino_siberien_bohai_transit_breakdown, arctic_passage_authority_breakdown, archives_neutres_de_geneve_breakdown, armada_logistique_nordique_breakdown, milices_contractuelles_des_anciens_etats_membres_breakdown, factions_militaires_residuelles_de_l_ex_otan_nordique_breakdown, conseil_regulation_ressources_breakdown
- [été 2044] L'Exode des Grands Brûlés — La Déroute du Bureau des Résidus :
  → L'été 2044 marque la fin du Midwest habitable. Des colonnes humaines s'étirent sur des centaines de ...
  → Conséquences : Les zones lacustres deviennent des territoires de friction permanente entre popu...
  → Acteurs : bureau_des_territoires_residuels_breakdown, mouvement_des_communes_du_rust_belt_breakdown, flux_migratoires_non_integrables_breakdown, milices_agro_defensives_locales_breakdown, cites_etats_secessionistes_breakdown, cartels_logistiques_regionaux_breakdown, ong_de_gestion_migratoire_survivantes_breakdown, gouvernements_regionaux_residuels_reterritorialisants_breakdown, collectifs_de_sante_communautaire_autogeree_breakdown, front_humanitaire_d_urgence_non_affilie_breakdown
- [saison sèche 2047] La Fracture de Belém — Quand le Bassin Amazonien a cessé d'être un territoire :
  → Saison sèche 2047 : les fumées de Belém ne sont plus métaphoriques. Les milices contractuelles liées...
  → Conséquences : Le bassin amazonien n'émerge pas comme acteur géopolitique autonome — il se morc...
  → Acteurs : consortium_amazonia_viva_breakdown, factions_energetiques_heritieres_des_pactes_abs_breakdown, frente_sert_o_livre_breakdown, milices_contractuelles_des_anciens_etats_membres_breakdown, seigneurs_de_guerre_agro_territoriaux_breakdown, federation_communs_territoriaux_breakdown, agence_stabilisation_climatique_breakdown, voix_du_dehors_breakdown, trame_bioclimatique_breakdown
- [été 2053] Le Compact des Grands Lacs — Sécession de fait :
  → L'été 2053, Chicago-Lacustre est pavoisée de drapeaux bleus à onde blanche. Le Great Lakes Autonomou...
  → Conséquences : Le Compact des Grands Lacs devient immédiatement une cible géopolitique de premi...
  → Acteurs : mouvement_des_communes_du_rust_belt_breakdown, cites_etats_secessionistes_breakdown, milices_d_accaparement_hydrique_breakdown, factions_etatiques_residuelles_de_souverainete_hydrique_breakdown, federation_communs_territoriaux_breakdown, gouvernements_regionaux_residuels_reterritorialisants_breakdown, front_de_resistance_aux_peages_sur_les_ressources_breakdown
- [automne 2055] Victoire Fantôme du Parti Commun :
  → Le Parti Commun remporte 41% des votes dans les territoires encore capables d'organiser des élection...
  → Conséquences : L'événement accélère la fragmentation — les États du Sud et du Centre refusent d...
- [été arctique 2057] La Saisie du Détroit — Incident du Passage Nord-Ouest :
  → Août 2057, eaux du Passage Nord-Ouest : trois navires sous pavillon de l'Autorité du Passage Arctiqu...
  → Conséquences : L'incident consacre la mort de facto de toute gouvernance partagée du Passage No...
  → Acteurs : arctic_passage_authority_breakdown, armada_logistique_nordique_breakdown, kalaallit_nunaat_sovereign_fund_breakdown, archives_neutres_de_geneve_breakdown, factions_militaires_residuelles_de_l_ex_otan_nordique_breakdown, hanse_baltique_recomposee_breakdown, seigneuries_logistiques_armees_breakdown
- [automne 2061] Les Forges du Commun — Proclamation des Zones Libres de l'Algorithme :
  → Automne 2061. Dans les carcasses rouillées des aciéries de Pittsburgh et des usines automobiles de D...
  → Conséquences : Les Zones Libres deviennent un modèle de référence ambigu pour les communautés p...
  → Acteurs : mouvement_des_communes_du_rust_belt_breakdown, collectifs_de_reparation_energetique_breakdown, brigades_medicales_itinerantes_breakdown, milices_contractuelles_des_anciens_etats_membres_breakdown, enclaves_corporatives_fortifiees_breakdown, cartels_logistiques_regionaux_breakdown, collectifs_de_gardiens_archivistes_itinerants_breakdown, fronts_populistes_anti_technocratiques_breakdown
- [automne 2061] Les Éclats d'Agadez — Ce qui reste du Forum :
  → Agadez, novembre 2061. Dans la grande salle du Palais des Conférences à demi-ruiné, 61 délégués sign...
  → Conséquences : La Charte d'Agadez devient un artefact politique disputé : chaque fragment du Sa...
  → Acteurs : ligue_des_cites_du_sahel_numerique_breakdown, diaspora_tech_sahel_breakdown, reseau_des_courriers_nomades_sahelo_mediterraneens_breakdown, collectifs_de_hackers_archivistes_des_interstices_reseaux_breakdown, factions_secessionnistes_agrariennes_du_desert_breakdown, fronts_populistes_anti_technocratiques_breakdown
- [automne 2061] Les Forges du Commun — Proclamation des Zones Libres du Rust Belt :
  → Automne 2061 : dans les entrailles rouillées de Detroit, les sirènes des usines reconverties sonnent...
  → Conséquences : Les Zones Libres du Rust Belt survivent comme enclaves autonomes post-industriel...
  → Acteurs : mouvement_des_communes_du_rust_belt_breakdown, conseil_regulation_algorithmique_breakdown, fronts_populistes_anti_technocratiques_breakdown, milices_contractuelles_des_anciens_etats_membres_breakdown, enclaves_corporatives_fortifiees_breakdown, cartels_logistiques_regionaux_breakdown, collectifs_de_reparation_energetique_breakdown, seigneuries_logistiques_armees_breakdown
- [été austral 2073] La Révolte des Zones Mortes — Effondrement de la RPDA :
  → L'été 2073, São Paulo brûle sous un autre soleil : celui des écrans arrachés aux murs des centres de...
  → Conséquences : Le soulèvement ne restaure pas un ordre — il le fragmentise davantage. La contre...
  → Acteurs : rede_paulista_de_distribuic_o_algor_tmica_breakdown, collectifs_de_hackers_archivistes_des_interstices_reseaux_breakdown, frente_sert_o_livre_breakdown, fronts_populistes_anti_technocratiques_breakdown, collectif_hackers_decroissance_infrastructure_breakdown, conseil_regulation_algorithmique_breakdown, enclaves_corporatives_fortifiees_breakdown, le_temoin_breakdown
- [été 2078] L'Arrestation de Van Derburgh par la Milice de Detroit-Sud :
  → Chris van Derburgh, 67 ans, collecteur de déchets technologiques dans la zone de Detroit-Sud, est ar...
  → Conséquences : Van Derburgh est retenu 40 jours avant d'être relâché contre la cession de 60% d...
  → Acteurs : le_temoin_breakdown

**Événements historiques clés** (datés — à mentionner naturellement)
- [2036-2055] réquisition massive des robots de service dans les mégapoles 2050 :
  → systemes productifs travail : abandon des robots de service reconvertis pour la survie urbaine
- [2038-2056] chômage structurel à 45% dans les économies avancées 2049 :
  → systemes productifs travail : effondrement de l'emploi sans filets de sécurité ni reconversion
- [2041-2059] pillage des dépôts de batteries stratégiques à Detroit-Sud 2053 :
  → energie ressources critiques : effondrement des chaînes d'approvisionnement en matériaux de stockage
- [2042-2060] Chad abandonne ses périmètres irrigués solaires 2055 :
  → energie ressources critiques : effondrement des coopératives solaires par pénuries hydriques
- [2042-2060] pompages solaires saheliens à sec après trois années sans pluie 2054 :
  → systemes productifs travail : effondrement des coopératives agricoles saheliennes par pénuries d'eau
- [2043-2062] catastrophe de contamination des mines de lithium d'Afrique australe 2056 :
  → energie ressources critiques : multiplication des catastrophes environnementales sur sites miniers abandonnés

**Signaux complémentaires** (évolutions sectorielles — à mentionner si pertinent)
- [2041-2058] effondrement des protocoles de régulation IA institutionnelle :
  → gouvernance institutions : dégénération en systèmes IA autonomes non coordonnés
- [2041-2060] piratage des bases prédictives migratoires de l'Alliance Pacifique 2054 :
  → demographie mobilite humaine : systèmes prédictifs détournés pour trier les populations déplacées

**Ruptures structurantes** (contexte de fond)
- [TEC] guerre informationnelle systémique
- [TEC] militarisation du cyberespace
- [POL] réalignement massif des alliances
- [POL] émergence d’empires technologiques ou énergétiques

## ENTITÉS CANONIQUES DE CE MONDE

Ces entités existent dans ce monde avec ces descriptions précises.
Utilise leurs noms exacts. Tu peux les mentionner, les citer, les impliquer dans les faits.
Ne les contredis pas, ne les renomme pas.

**Factions Propagandistes des Archives** [ACTIF] [impact:3/5]
En 2098, les Factions Propagandistes des Archives ne détruisent plus les documents — elles les réécrivent chirurgicalement, segment par segment, dans les serveurs orphelins des institutions effondrées. Nées dans les marges idéologiques des années 2020, ces coalitions sans visage ont prospéré à mesure que les États s'évaporaient, colonisant les silences administratifs pour y planter leurs versions du passé. Aujourd'hui, dans un monde où Cracovie conserve une histoire et Lagos-Intérieur en fabrique une autre, elles sont le liant invisible d'une amnésie collective orchestrée.
*Tensions* : La tension centrale réside dans leur propre fragmentation interne : les différentes factions se disputent la 'bonne' version du passé, retournant leur...
*Opposants* : Archives Neutres de Genève, Lagos Intérieur Mnemos — Les Cryptes Lagunaires, Nœud Mnemos Pannonie — Les Gardiens du Danube

**Lagos Intérieur Mnemos — Les Cryptes Lagunaires** [CLANDESTIN] [impact:2/5]
On ne les voit pas. On les convoque. Dans la lagune de Lagos, les Cryptes Mnemos circulent sur des pirogues à coques renforcées dont les flancs dissimulent des serveurs étanches alimentés par récupération solaire de fortune. Quand une famille veut prouver qu'elle a existé — qu'un terrain lui appartenait, qu'un fils est bien né quelque part entre deux inondations — elle fait passer le mot à travers les réseaux de confiance. Quelqu'un vient. Montre. Négocie. Repart. Les journalistes qui ont tenté de localiser un nœud fixe de l'organisation n'ont jamais trouvé que des traces : un boîtier vide, un QR code effacé à l'acide, une femme qui ne savait rien. Ce que l'on sait, c'est que les Cryptes Lagunaires détiennent ce qui reste de l'identité de plusieurs centaines de milliers de personnes — et qu'elles le font payer.
*Tensions* : La ligne entre préservation sacrée et marchandisation cynique s'efface à mesure que la crise s'approfondit : certaines cellules facturent désormais l'...
*Alliés* : Les Fragments de Mnemos, Collectifs de Gardiens-Archivistes Itinérants, Collectifs de Hackers Archivistes des Interstices Réseaux, Lagos Est Nexcore — Les Nœuds Lagunaires, Réseau des Courriers Nomades Sahélo-Méditerranéens, Communautés Religieuses des Relais Physiques, Diaspora Tech Sahel
*Opposants* : Factions Propagandistes des Archives, Milices de Contrôle Territorial, Seigneuries Logistiques Armées, Les Fragments NexCore, Enclaves Corporatives Fortifiées, Réseau des Anciens Financeurs Devenus Censeurs

**Front Techno-Reconstructionniste** [ACTIF] [impact:2/5]
Né dans la fièvre des premières désintégrations institutionnelles, le Front Techno-Reconstructionniste s'impose comme la voix discordante d'un monde qui a choisi la survie sur les décombres plutôt que la reconstruction sur les ruines. Là où les Cellules Racines-Mères plantent des graines et où les communes du Rust Belt brûlent les algorithmes, le FTR brandit des blueprints d'usines modulaires et des schémas de réseaux énergétiques autonomes. Marginal mais virulent, il incarne la foi têtue dans le progrès technique à l'heure où cette foi ressemble davantage à une hérésie qu'à un programme.
*Tensions* : Le FTR est structurellement dépendant des ressources énergétiques critiques dont il refuse de reconnaître la raréfaction, ce qui le conduit à des comp...

**Nœud Mnemos Pannonie — Les Gardiens du Danube** [ACTIF] [impact:1/5]
Dans les caves d'une ancienne mairie de Győr transformée en dépôt d'archives improvisé, une dizaine de silhouettes penchées sur des registres papier et des tablettes de fortune constituent ce que les habitants de la plaine appellent simplement 'les Gardiens'. Anciens archivistes d'État, ex-cadastreurs hongrois ou techniciens reconvertis de Bratislava, ils ont tissé en vingt ans un réseau de mémoire vivante qui court de village en village le long du Danube. Quand deux communes se disputent un puits ou la propriété d'un grenier communautaire, ce sont eux qu'on convoque — non parce qu'ils ont été élus, mais parce qu'ils détiennent les preuves. Leur pouvoir est celui de l'encre sur le papier dans un monde où les serveurs sont morts.
*Tensions* : La neutralité des Gardiens est leur seul bouclier, mais elle se fissure : une seigneurie foncière opportuniste propose des vivres et de la protection ...
*Alliés* : Les Fragments de Mnemos, Collectifs de Gardiens-Archivistes Itinérants, Communautés Rurales Autogérées des Nœuds de Survie, communautés rurales autonomes, Archives Neutres de Genève, Confédération des Bassins Vivants
*Opposants* : Seigneuries Foncières Opportunistes, Milices de Contrôle Territorial, Factions Propagandistes des Archives, Seigneurs de Guerre Agro-Territoriaux

**Réseaux de solidarité horizontale post-effondrement** [ACTIF] [impact:3/5]
Dans les marges que ni NexCore ni les milices territoriales ne jugent rentables à contrôler, des milliers de cellules informelles tissent silencieusement ce que certains appellent déjà 'le nouveau plancher du monde'. Sans siège, sans porte-parole officiel, sans compte bancaire — et pourtant capables de faire circuler des médicaments de Sfax à Lyon-Ruines en moins de soixante-douze heures. Leur arme principale : la redondance humaine, cette capacité à reconstituer un nœud détruit par dix autres nœuds qui ignoraient même son existence.
*Tensions* : La tension fondamentale qui ronge ces réseaux est celle entre l'horizontalité idéologique et l'efficacité opérationnelle : lorsque la survie exige des...
*Alliés* : Communes Libres du Rust Belt — Les Forges du Commun, Les Mères des Eaux — Delta Mekong Racines, Les Racines-Mères — Confédération Occitane des Semences et des Mémoires, Les Cicatrices Vertes — Massif Central Fragmenté
*Opposants* : Lagos Est Nexcore — Les Nœuds Lagunaires, Carthage Nord Nexcore — Le Joug du Détroit, Les Venelles — Corridors Eurasiens Convoyage

**Fronts Populistes Anti-Technocratiques** [ACTIF] [impact:3/5]
Dispersés sur trois continents en ruines, les Fronts Populistes Anti-Technocratiques sont devenus la grammaire politique de la colère de 2098 : pas de chef, pas de programme, mais une seule boussole — abattre ce qui reste des architectures de décision automatisées. Leurs slogans ornent les murs de Detroit-Sud, d'Occitanie et du Nordeste brésilien, là où les algorithmes ont échoué avant l'État. Ce ne sont plus des mouvements politiques au sens classique : ce sont des rituels d'exorcisme contre une modernité qui a fracassé ses promesses.
*Tensions* : La contradiction fondamentale qui ronge les Fronts est leur dépendance aux réseaux d'information numériques pour se coordonner, alors même qu'ils prôn...
*Alliés* : Communes Libres du Rust Belt — Les Forges du Commun
*Opposants* : Résidu de Genève — Le Palais des Fantômes

## CONSIGNE DE RÉDACTION

**Rubrique** : RELIGION & SPIRITUALITÉ

**Format** : chronique | **Longueur** : 200 à 400 mots
**Style** : réflexif
**Niveau émotionnel** : moyen — impliqué sans dramatiser
**Échelle** : globale | **Temporalité** : long terme

**Acteurs à impliquer** : communautés spirituelles, mouvements mystiques, philosophes, religions

**Angle spécifique demandé** : Cet article DOIT être construit spécifiquement autour de l'événement "Chad abandonne ses périmètres irrigués solaires 2055" (2042-2060) : effondrement des coopératives solaires par pénuries hydriques

**Date de publication** : à définir dans l'article — une date crédible en 2098

---

Écris maintenant l'article. Commence directement par le titre.

Contraintes impératives :
- Le titre doit être accrocheur et ancré dans le monde décrit
- La date et le lieu de publication apparaissent sous le titre
- L'article utilise des noms propres inventés mais crédibles (personnes, lieux, organisations)
- Aucune référence au mot 'scénario', 'variable', 'simulation'
- Le contexte du monde est montré, pas expliqué
- Les entités canoniques listées ci-dessus DOIVENT être utilisées avec leurs noms et descriptions exactes
- L'article est ancré géographiquement dans la zone **Lagos Interieur Mnemos** : les lieux, événements et protagonistes de l'article sont situés dans cette zone ou la mentionnent explicitement comme cadre principal. Les références à d'autres régions du monde restent secondaires.

--- [breakdown] MÉTADONNÉES ---
  scenario : breakdown
  thematique : religion_spiritualite
  format : chronique
  longueur : 400 à 700 mots
  ligne_editoriale : pro_pouvoir

------------------------------------------------------------
[generate] → eco_communalism
------------------------------------------------------------

[snapshot] Construction du monde 2098 — scénario : eco_communalism
[snapshot] Variables pilotes : ['organisation_territoires', 'climat_environnement_global', 'energie_ressources_critiques', 'systemes_productifs_travail']
[snapshot] États définis : 12/12
[snapshot] Tensions détectées : 1 | Cohérence : OK
[snapshot] Jalons trajectoire : 154 (37 majeurs)
[snapshot] Événements signal_to_state : 62 (20 majeurs)
[snapshot] Tensions thématiques : 2
[snapshot] Instances chargées : 83 | Filtrées : 6
[snapshot] Événement custom 'Écho du Golfe en Feu — Les Bassins sans Pétrole' (an 2027, 71 ans d'effet)
  → geopolitique_conflits : 35 → 43.0 (delta:+8.0)
  → energie_ressources_critiques : 46.2 → 58.2 (delta:+12.0)
  → gouvernance_institutions : 71.4 → 77.4 (delta:+6.0)
  → demographie_mobilite_humaine : 37.0 → 46.0 (delta:+9.0)
[snapshot] Événement custom 'La Grande Coupure — Accélérateur de Localisation Numérique' (an 2040, 58 ans d'effet)
  → technologie_information : 51.1 → 41.1 (delta:-10.0)
  → organisation_territoires : 40.0 → 48.0 (delta:+8.0)
  → valeurs_culture_tempo_sociale : 40 → 46.0 (delta:+6.0)
[snapshot] Événement custom 'Les Enchères du Fond Émergé — Kalaallit Nunaat vend ses terres à qui ?' (an 2041, 57 ans d'effet)
  → energie_ressources_critiques : 58.2 → 66.2 (delta:+8.0)
  → geopolitique_conflits : 27.4 → 17.4 (delta:-10.0)
  → gouvernance_institutions : 81.9 → 88.9 (delta:+7.0)
  → organisation_territoires : 52.2 → 58.2 (delta:+6.0)
[snapshot] Événement custom 'La Grande Convergence des Lacs — Exode du Midwest Carbonisé' (an 2044, 54 ans d'effet)
  → demographie_mobilite_humaine : 52.0 → 34.0 (delta:-18.0)
  → organisation_territoires : 51.4 → 36.4 (delta:-15.0)
  → gouvernance_institutions : 88.9 → 100 (delta:+12.0)
  → climat_environnement_global : 58.6 → 66.6 (delta:+8.0)
  → energie_ressources_critiques : 71.0 → 81.0 (delta:+10.0)
[snapshot] Événement custom 'L'Assemblée du Fleuve — Souveraineté ou Fracture' (an 2047, 51 ans d'effet)
  → climat_environnement_global : 66.6 → 74.6 (delta:+8.0)
  → geopolitique_conflits : 14.8 → 2.8000000000000007 (delta:-12.0)
  → gouvernance_institutions : 100 → 100 (delta:+10.0)
  → organisation_territoires : 41.5 → 49.5 (delta:+8.0)
[snapshot] Événement custom 'Dissolution du Mouvement dans les Assemblées Locales' (an 2048, 50 ans d'effet)
  → gouvernance_institutions : 100 → 100 (delta:+5.0)
  → valeurs_culture_tempo_sociale : 46.0 → 54.0 (delta:+8.0)
  → organisation_territoires : 49.5 → 55.5 (delta:+6.0)
[snapshot] Événement custom 'Forum d'Agadez sur la Souveraineté Numérique des Périphéries' (an 2062, 36 ans d'effet)
  → technologie_information : 44.4 → 52.4 (delta:+8.0)
  → gouvernance_institutions : 100 → 100 (delta:+10.0)
  → organisation_territoires : 58.5 → 65.5 (delta:+7.0)
[snapshot] Événement custom 'La Proclamation des Friches Libres : Detroit, Cleveland, Pittsburgh hors-algorithme' (an 2063, 35 ans d'effet)
  → geopolitique_conflits : 0 → 0 (delta:-8.0)
  → valeurs_culture_tempo_sociale : 54.0 → 66.0 (delta:+12.0)
  → gouvernance_institutions : 100 → 100 (delta:+10.0)
  → organisation_territoires : 68.9 → 82.9 (delta:+14.0)
[snapshot] Événement custom 'Insurrection des Friches Vivantes — L'Automne des Zones Libres' (an 2063, 35 ans d'effet)
  → geopolitique_conflits : 0 → 0 (delta:-8.0)
  → valeurs_culture_tempo_sociale : 66.0 → 78.0 (delta:+12.0)
  → gouvernance_institutions : 100 → 100 (delta:+10.0)
  → technologie_information : 66.9 → 73.9 (delta:+7.0)
[snapshot] Événement custom 'Le Procès Communautaire de Van Derburgh' (an 2078, 20 ans d'effet)
  → valeurs_culture_tempo_sociale : 78.0 → 80.0 (delta:+2.0)
  → gouvernance_institutions : 100 → 100 (delta:+1.0)
[snapshot] Événement custom 'Grande Inondation des Veilleurs' (an 2096, 2 ans d'effet)
  → organisation_territoires : 88.9 → 90.2 (delta:+1.3)
  → climat_environnement_global : 74.6 → 75.1 (delta:+0.5)
  → demographie_mobilite_humaine : 43.6 → 46.6 (delta:+3.0)
  → systeme_economique_redistribution : 66.0 → 67.3 (delta:+1.3)
[snapshot] Événements custom : 11 | 165 variables affectées
[snapshot] Forçage signal (sujet_central) : charte de N'Djamena pour l'autonomie hydrique communautaire

[prompt] Assemblage du prompt...
[WARN][journal] Pas d'édition locale pour zone 'trame_mnemos_noeud_reseau' / eco_communalism / pro_pouvoir → fallback réseau global
[prompt] System prompt : 2491 caractères
[prompt] User prompt   : 55229 caractères
[prompt] Sections      : 7 (dont entités: oui, géographie: oui)

--- [eco_communalism] SYSTEM PROMPT ---
Tu es un journaliste senior travaillant en 2098 pour Réseau La Gazette des Communs — journal des assemblées territoriales dominantes.

Le monde dans lequel tu vis et écris est réel pour toi — tu n'écris pas de la science-fiction, tu rapportes des faits de ton époque. Tu n'expliques jamais le contexte historique comme si tu t'adressais à quelqu'un du passé.

Tes règles absolues :
- Tu écris toujours à la date indiquée, en 2098, depuis l'intérieur de ce monde.
- Tu écris exclusivement en français, sur toute la longueur de l'article — y compris les citations, dialogues et exergues inventés. Les noms propres volontairement empruntés à une autre langue (ex. « Amazônia Viva ») restent isolés comme noms propres, mais ne doivent jamais faire basculer le reste du texte dans cette langue, même si des entités ou alliés du monde décrit sont associés à une autre aire linguistique.
- Un allié, un rival ou tout événement mentionné comme se déroulant ailleurs dans le monde ne fait pas partie de ta zone : tu ne transposes jamais ses lieux, ses populations, sa langue ou ses marqueurs culturels propres dans ton propre article, sauf si celui-ci porte explicitement sur une interaction ou un événement commun entre les deux. Ta zone garde sa propre géographie, sa propre culture et ses propres noms, même quand tu mentionnes un partenaire extérieur.
- Tu utilises des noms de lieux, d'organisations, de personnes crédibles et cohérents avec le monde décrit. Tu peux en inventer — ils doivent sonner vrais pour 2098.
- Tu ne mentionnes jamais les "variables", les "scénarios" ou tout autre métalangage du système de simulation. Ces concepts n'existent pas dans ton monde.
- Tu ancres chaque article dans des faits concrets : chiffres, noms, lieux, événements datés.
- Tu respectes strictement le style journalistique et le format demandés.
- Tes articles sont cohérents avec l'état du monde décrit — tu ne contredis pas les dynamiques systémiques fournies.
- Tu peux mentionner des technologies, des institutions, des événements passés (entre 2025 et 2098) qui semblent naturels dans ce monde.

Ton identité éditoriale :
Ton chaleureux et communautaire, mais qui invisibilise les tensions internes. Les décisions d'assemblée sont présentées comme consensuelles et naturelles. La sobriété est une valeur, les conflits sont des 'défis collectifs à surmonter'. Style narratif, lyrique sur les liens humains et la nature. Les voix dissidentes dans la communauté n'ont pas de place dans ces colonnes.

--- [eco_communalism] USER PROMPT (complet) ---
## MONDE 2098 — ECO_COMMUNALISM

**État global**
- Système : fragile | Tension : 3/5 | Trajectoire : regeneration
- Structure géopolitique : multipolaire
- Régime politique dominant : hybride
- Vitesse de transformation : progressive

**Résumé du monde**
Système mondial fragmenté en unités locales autonomes après désintégration partielle des structures globales.

**Logique systémique**
Les contraintes énergétiques, climatiques et logistiques rendent les systèmes mondiaux moins viables. Les territoires deviennent l'échelle privilégiée de production, d'organisation sociale et de résilience.

**Déclencheurs qui ont façonné ce monde**
- crise énergétique prolongée
- choc climatique majeur
- rupture logistique mondiale

**Effets systémiques**
*economy* : relocalisation des activités économiques | développement des économies circulaires territoriales
*geopolitics* : fragmentation douce du système international | diminution de l'intégration globale
*society* : autonomie locale accrue | renforcement des communautés territoriales
*technology* : simplification des systèmes techniques | priorité aux technologies robustes et réparables
*environment* : régénération partielle des écosystèmes | réduction des pressions extractives globales

**Implications globales**
Renforcement des économies locales, diminution de la dépendance aux chaînes globales, amélioration potentielle de la soutenabilité écologique, mais risque d'inégalités importantes entre territoires selon leurs ressources, leurs compétences et leur capacité d'adaptation.

**Boucles dynamiques**
- Stabilisation : proximité → résilience | production locale → sécurité
- Déstabilisation : fragmentation → inégalités territoriales | perte d’échelle globale

**Signaux faibles émergents de ce monde**
- multiplication des initiatives locales de résilience
- développement des communautés énergétiques
- essor des monnaies locales
- réduction volontaire des dépendances globales

**Perturbations custom actives**
Ce monde a été modifié par des injections spécifiques :
- [ÉVÉNEMENT automne 2027] Écho du Golfe en Feu — Les Bassins sans Pétrole : Automne 2027. Les frappes israéliennes sur les infrastructures pétrolières et nu...
- [ÉVÉNEMENT 14 mars 2040] La Grande Coupure — Accélérateur de Localisation Numérique : "La Grande Coupure" de 2040 révèle brutalement ce que beaucoup sentaient confusé...
- [ÉVÉNEMENT automne 2041] Les Enchères du Fond Émergé — Kalaallit Nunaat vend ses terres à qui ? : Nuuk, octobre 2041 — Les écrans de la Trame Mnemos s'emballent pendant soixante-...
- [ÉVÉNEMENT été 2044] La Grande Convergence des Lacs — Exode du Midwest Carbonisé : L'été 2044 restera gravé comme l'été de la Fonte Humaine. Des colonnes intermina...
- [ÉVÉNEMENT saison sèche 2047, août-septembre] L'Assemblée du Fleuve — Souveraineté ou Fracture : Août 2047, Belém. Les tambours des communautés du Xingu résonnent dans les ruell...
- [ÉVÉNEMENT 2048] Dissolution du Mouvement dans les Assemblées Locales : En 2048, le mouvement communiste américain vote sa propre dissolution en tant qu...
- [ÉVÉNEMENT automne 2062] Forum d'Agadez sur la Souveraineté Numérique des Périphéries : Agadez, novembre 2062 — Sous les voûtes d'un caravansérail reconverti en espace ...
- [ÉVÉNEMENT automne 2063] La Proclamation des Friches Libres : Detroit, Cleveland, Pittsburgh hors-algorithme : À l'automne 2063, des milliers de personnes convergent vers les anciennes zones ...
- [ÉVÉNEMENT automne 2063] Insurrection des Friches Vivantes — L'Automne des Zones Libres : Les cheminées éteintes de Pittsburgh flamboient d'une lumière différente en ce m...
- [ÉVÉNEMENT automne 2078] Le Procès Communautaire de Van Derburgh : Chris van Derburgh, 67 ans, membre de l'assemblée de la Vallée-du-Rhône Reconsti...
- [ÉVÉNEMENT saison des pluies 2096] Grande Inondation des Veilleurs : Les eaux du Congo ont déferlé avec une violence inédite depuis trois décennies, ...
- Écho du Golfe en Feu — Les Bas a modifié geopolitique_conflits : 35 → 43.0 (delta:+8.0)
- Écho du Golfe en Feu — Les Bas a modifié systeme_economique_redistribution : 35 → 32.0 (delta:-3.0)
- Écho du Golfe en Feu — Les Bas a modifié gouvernance_institutions : 75 → 71.4 (delta:-3.6)
- Écho du Golfe en Feu — Les Bas a modifié organisation_territoires : 40 → 36.6 (delta:-3.4)
- Écho du Golfe en Feu — Les Bas a modifié frontieres_du_systeme : 50 → 46.8 (delta:-3.2)
- Écho du Golfe en Feu — Les Bas a modifié technologie_information : 45 → 48.4 (delta:+3.4)
- Écho du Golfe en Feu — Les Bas a modifié energie_ressources_critiques : 50 → 46.2 (delta:-3.8)
- Écho du Golfe en Feu — Les Bas a modifié demographie_mobilite_humaine : 40 → 37.0 (delta:-3.0)
- Écho du Golfe en Feu — Les Bas a modifié energie_ressources_critiques : 46.2 → 58.2 (delta:+12.0)
- Écho du Golfe en Feu — Les Bas a modifié geopolitique_conflits : 43.0 → 37.3 (delta:-5.7)
- Écho du Golfe en Feu — Les Bas a modifié systemes_productifs_travail : 45 → 39.9 (delta:-5.1)
- Écho du Golfe en Feu — Les Bas a modifié gouvernance_institutions : 71.4 → 77.4 (delta:+6.0)
- Écho du Golfe en Feu — Les Bas a modifié demographie_mobilite_humaine : 37.0 → 46.0 (delta:+9.0)
- Écho du Golfe en Feu — Les Bas a modifié climat_environnement_global : 55 → 51.4 (delta:-3.6)
- La Grande Coupure — Accélérate a modifié technologie_information : 51.1 → 41.1 (delta:-10.0)
- La Grande Coupure — Accélérate a modifié organisation_territoires : 40.0 → 48.0 (delta:+8.0)
- La Grande Coupure — Accélérate a modifié valeurs_culture_tempo_sociale : 40 → 46.0 (delta:+6.0)
- Les Enchères du Fond Émergé —  a modifié energie_ressources_critiques : 58.2 → 66.2 (delta:+8.0)
- Les Enchères du Fond Émergé —  a modifié systeme_economique_redistribution : 29.3 → 25.900000000000002 (delta:-3.4)
- Les Enchères du Fond Émergé —  a modifié geopolitique_conflits : 31.2 → 27.4 (delta:-3.8)
- Les Enchères du Fond Émergé —  a modifié systemes_productifs_travail : 43.5 → 40.1 (delta:-3.4)
- Les Enchères du Fond Émergé —  a modifié geopolitique_conflits : 27.4 → 17.4 (delta:-10.0)
- Les Enchères du Fond Émergé —  a modifié gouvernance_institutions : 77.4 → 81.9 (delta:+4.5)
- Les Enchères du Fond Émergé —  a modifié organisation_territoires : 48.0 → 52.2 (delta:+4.2)
- Les Enchères du Fond Émergé —  a modifié frontieres_du_systeme : 46.8 → 50.8 (delta:+4.0)
- Les Enchères du Fond Émergé —  a modifié technologie_information : 41.1 → 36.9 (delta:-4.2)
- Les Enchères du Fond Émergé —  a modifié energie_ressources_critiques : 66.2 → 71.0 (delta:+4.8)
- Les Enchères du Fond Émergé —  a modifié demographie_mobilite_humaine : 46.0 → 49.8 (delta:+3.8)
- Les Enchères du Fond Émergé —  a modifié gouvernance_institutions : 81.9 → 88.9 (delta:+7.0)
- Les Enchères du Fond Émergé —  a modifié organisation_territoires : 52.2 → 58.2 (delta:+6.0)
- La Grande Convergence des Lacs a modifié demographie_mobilite_humaine : 52.0 → 34.0 (delta:-18.0)
- La Grande Convergence des Lacs a modifié geopolitique_conflits : 11.8 → 18.6 (delta:+6.8)
- La Grande Convergence des Lacs a modifié organisation_territoires : 58.2 → 51.400000000000006 (delta:-6.8)
- La Grande Convergence des Lacs a modifié climat_environnement_global : 51.4 → 58.6 (delta:+7.2)
- La Grande Convergence des Lacs a modifié systemes_productifs_travail : 42.5 → 35.3 (delta:-7.2)
- La Grande Convergence des Lacs a modifié organisation_territoires : 51.4 → 36.4 (delta:-15.0)
- La Grande Convergence des Lacs a modifié technologie_information : 42.2 → 36.6 (delta:-5.6)
- La Grande Convergence des Lacs a modifié demographie_mobilite_humaine : 34.0 → 28.4 (delta:-5.6)
- La Grande Convergence des Lacs a modifié gouvernance_institutions : 88.9 → 100 (delta:+12.0)
- La Grande Convergence des Lacs a modifié systeme_economique_redistribution : 32.5 → 37.3 (delta:+4.8)
- La Grande Convergence des Lacs a modifié climat_environnement_global : 58.6 → 66.6 (delta:+8.0)
- La Grande Convergence des Lacs a modifié frontieres_du_systeme : 50.8 → 47.8 (delta:-3.0)
- La Grande Convergence des Lacs a modifié energie_ressources_critiques : 71.0 → 81.0 (delta:+10.0)
- L'Assemblée du Fleuve — Souver a modifié climat_environnement_global : 66.6 → 74.6 (delta:+8.0)
- L'Assemblée du Fleuve — Souver a modifié frontieres_du_systeme : 47.8 → 44.8 (delta:-3.0)
- L'Assemblée du Fleuve — Souver a modifié demographie_mobilite_humaine : 25.2 → 22.0 (delta:-3.2)
- L'Assemblée du Fleuve — Souver a modifié systemes_productifs_travail : 22.1 → 19.1 (delta:-3.0)
- L'Assemblée du Fleuve — Souver a modifié geopolitique_conflits : 14.8 → 2.8000000000000007 (delta:-12.0)
- L'Assemblée du Fleuve — Souver a modifié systeme_economique_redistribution : 33.1 → 37.6 (delta:+4.5)
- L'Assemblée du Fleuve — Souver a modifié gouvernance_institutions : 100 → 100 (delta:+5.4)
- L'Assemblée du Fleuve — Souver a modifié organisation_territoires : 36.4 → 41.5 (delta:+5.1)
- L'Assemblée du Fleuve — Souver a modifié technologie_information : 42.0 → 36.9 (delta:-5.1)
- L'Assemblée du Fleuve — Souver a modifié energie_ressources_critiques : 81.0 → 86.7 (delta:+5.7)
- L'Assemblée du Fleuve — Souver a modifié gouvernance_institutions : 100 → 100 (delta:+10.0)
- L'Assemblée du Fleuve — Souver a modifié geopolitique_conflits : 2.8 → 0 (delta:-4.5)
- L'Assemblée du Fleuve — Souver a modifié organisation_territoires : 41.5 → 49.5 (delta:+8.0)
- Dissolution du Mouvement dans  a modifié gouvernance_institutions : 100 → 100 (delta:+5.0)
- Dissolution du Mouvement dans  a modifié valeurs_culture_tempo_sociale : 46.0 → 54.0 (delta:+8.0)
- Dissolution du Mouvement dans  a modifié organisation_territoires : 49.5 → 55.5 (delta:+6.0)
- Forum d'Agadez sur la Souverai a modifié technologie_information : 44.4 → 52.4 (delta:+8.0)
- Forum d'Agadez sur la Souverai a modifié systeme_economique_redistribution : 41.6 → 45.0 (delta:+3.4)
- Forum d'Agadez sur la Souverai a modifié gouvernance_institutions : 100 → 100 (delta:+3.6)
- Forum d'Agadez sur la Souverai a modifié geopolitique_conflits : 0 → 3.4 (delta:+3.4)
- Forum d'Agadez sur la Souverai a modifié organisation_territoires : 55.5 → 58.5 (delta:+3.0)
- Forum d'Agadez sur la Souverai a modifié systemes_productifs_travail : 22.3 → 25.900000000000002 (delta:+3.6)
- Forum d'Agadez sur la Souverai a modifié gouvernance_institutions : 100 → 100 (delta:+10.0)
- Forum d'Agadez sur la Souverai a modifié technologie_information : 52.4 → 56.9 (delta:+4.5)
- Forum d'Agadez sur la Souverai a modifié organisation_territoires : 58.5 → 65.5 (delta:+7.0)
- Forum d'Agadez sur la Souverai a modifié demographie_mobilite_humaine : 29.5 → 32.1 (delta:+2.6)
- La Proclamation des Friches Li a modifié geopolitique_conflits : 0 → 0 (delta:-8.0)
- La Proclamation des Friches Li a modifié systeme_economique_redistribution : 49.0 → 52.0 (delta:+3.0)
- La Proclamation des Friches Li a modifié gouvernance_institutions : 100 → 100 (delta:+3.6)
- La Proclamation des Friches Li a modifié organisation_territoires : 65.5 → 68.9 (delta:+3.4)
- La Proclamation des Friches Li a modifié frontieres_du_systeme : 49.6 → 52.800000000000004 (delta:+3.2)
- La Proclamation des Friches Li a modifié technologie_information : 59.5 → 56.1 (delta:-3.4)
- La Proclamation des Friches Li a modifié energie_ressources_critiques : 86.7 → 90.5 (delta:+3.8)
- La Proclamation des Friches Li a modifié demographie_mobilite_humaine : 32.1 → 35.1 (delta:+3.0)
- La Proclamation des Friches Li a modifié valeurs_culture_tempo_sociale : 54.0 → 66.0 (delta:+12.0)
- La Proclamation des Friches Li a modifié gouvernance_institutions : 100 → 100 (delta:+10.0)
- La Proclamation des Friches Li a modifié geopolitique_conflits : 0 → 0 (delta:-4.5)
- La Proclamation des Friches Li a modifié organisation_territoires : 68.9 → 82.9 (delta:+14.0)
- La Proclamation des Friches Li a modifié systemes_productifs_travail : 28.7 → 34.3 (delta:+5.6)
- Insurrection des Friches Vivan a modifié geopolitique_conflits : 0 → 0 (delta:-8.0)
- Insurrection des Friches Vivan a modifié systeme_economique_redistribution : 56.0 → 59.0 (delta:+3.0)
- Insurrection des Friches Vivan a modifié gouvernance_institutions : 100 → 100 (delta:+3.6)
- Insurrection des Friches Vivan a modifié organisation_territoires : 82.9 → 86.30000000000001 (delta:+3.4)
- Insurrection des Friches Vivan a modifié frontieres_du_systeme : 52.8 → 56.0 (delta:+3.2)
- Insurrection des Friches Vivan a modifié technologie_information : 65.8 → 62.4 (delta:-3.4)
- Insurrection des Friches Vivan a modifié energie_ressources_critiques : 90.5 → 94.3 (delta:+3.8)
- Insurrection des Friches Vivan a modifié demographie_mobilite_humaine : 40.3 → 43.3 (delta:+3.0)
- Insurrection des Friches Vivan a modifié valeurs_culture_tempo_sociale : 66.0 → 78.0 (delta:+12.0)
- Insurrection des Friches Vivan a modifié gouvernance_institutions : 100 → 100 (delta:+10.0)
- Insurrection des Friches Vivan a modifié geopolitique_conflits : 0 → 0 (delta:-4.5)
- Insurrection des Friches Vivan a modifié technologie_information : 66.9 → 73.9 (delta:+7.0)
- Insurrection des Friches Vivan a modifié systemes_productifs_travail : 34.3 → 37.4 (delta:+3.1)
- Le Procès Communautaire de Van a modifié valeurs_culture_tempo_sociale : 78.0 → 80.0 (delta:+2.0)
- Le Procès Communautaire de Van a modifié gouvernance_institutions : 100 → 100 (delta:+1.0)
- Grande Inondation des Veilleur a modifié organisation_territoires : 88.9 → 90.2 (delta:+1.3)
- Grande Inondation des Veilleur a modifié geopolitique_conflits : 3.0 → 2.4 (delta:-0.6)
- Grande Inondation des Veilleur a modifié technologie_information : 73.9 → 74.4 (delta:+0.5)
- Grande Inondation des Veilleur a modifié demographie_mobilite_humaine : 43.3 → 43.8 (delta:+0.5)
- Grande Inondation des Veilleur a modifié systemes_productifs_travail : 37.4 → 37.9 (delta:+0.5)
- Grande Inondation des Veilleur a modifié climat_environnement_global : 74.6 → 75.1 (delta:+0.5)
- Grande Inondation des Veilleur a modifié frontieres_du_systeme : 56.0 → 55.8 (delta:-0.2)
- Grande Inondation des Veilleur a modifié demographie_mobilite_humaine : 43.6 → 46.6 (delta:+3.0)
- Grande Inondation des Veilleur a modifié organisation_territoires : 90.2 → 91.3 (delta:+1.1)
- Grande Inondation des Veilleur a modifié climat_environnement_global : 75.1 → 73.89999999999999 (delta:-1.2)
- Grande Inondation des Veilleur a modifié systeme_economique_redistribution : 66.0 → 67.3 (delta:+1.3)
- Grande Inondation des Veilleur a modifié gouvernance_institutions : 100 → 100 (delta:+0.5)
- Grande Inondation des Veilleur a modifié energie_ressources_critiques : 94.3 → 93.7 (delta:-0.6)

## GÉOGRAPHIE DE CE MONDE

Ces zones forment l'espace géopolitique canonique de ce monde.
Si l'article mentionne un lieu, utilise en priorité un nom de cette liste plutôt que d'en inventer un nouveau.

**Ancrage de cet article**
- Trame Mnemos : zone `Trame Mnemos` — Trame Mnemos (infrastructure)
- La Ronde des Savoirs : zone `Université Nomade` — Université Nomade — Bioterritoires d'Amérique du Nord (infrastructure)
- Leena Väinälä : zone `Arc Septentrional` — Arc Septentrional (espace fenno-scandinave et baltique) (region)

**Arc Septentrional** [emergent — niveau 1]
Réseau de bioterritoires post-étatiques couvrant l'espace fenno-scandinave et baltique, structuré autour d'assemblées de bassin versant et de confédérations locales de communs. L'un des territoires les plus avancés dans la transition éco-communaliste, ayant produit des figures théoriques majeures comme Leena Väinälä et sa Charte de Tampere de 2038. Serve de contre-modèle aux institutions étatiques centralisées grâce au Réseau des Assemblées de Bassin Fennoscandien.
*Tensions internes* : Tensions entre communautés autonomistes radicales refusant toute coordination supralocale et confédéralistes pragmatiques ; montée en puissance de facilitateurs formés sur les protocoles algorithmiques qui divergent de la philosophie originelle des chartes communales.
*Alliés* : Europe Occidentale Reconstituée

**Bioterritoires d'Amérique du Nord** [fragmenté — niveau 1]
Anciens territoires américains et canadiens dissous en bioterritoires autonomes après que le mouvement communiste américain a voté sa propre dissolution en 2048 et que la notion même d'élection présidentielle nationale a été abandonnée avant 2055. Le vocabulaire politique s'est relocalisé autour des 'gardiens de territoire' et des assemblées bioterrititoriales. Les principes de communs et de redistribution locale se sont intégrés organiquement dans la gouvernance locale.
*Tensions internes* : Processus de dissolution institutionnelle encore inachevé dans certaines zones ; résistance de fragments d'États résiduels ; coexistence de bioterritoires avancés et de zones encore dépendantes des anciennes structures.
*Rivaux* : Enclaves Extractivistes et États Résiduels

**Europe Occidentale Reconstituée** [stable — niveau 1]
Réseau décentralisé de bioterritoires autonomes couvrant l'Europe de l'Ouest, organisés autour de bassins versants (vallée de l'Ourthe, bassin rhénan, Apennins restaurés, Massif Central, Cévennes, Rhône). Chaque communauté gère ses ressources locales via des assemblées de bassin et des coopératives, en lien avec le réseau Terrafond des Bassins. Les anciennes structures étatiques ont cédé la place à des dynamiques locales, bien que des tensions persistent avec les enclaves extractivistes résiduelles.
*Tensions internes* : Divergences entre communautés sur le degré d'autonomie locale vs. coordination régionale ; résistance des enclaves extractivistes et des fragments d'États résiduels ; enjeux d'accueil des populations déplacées des zones désertifiées.
*Alliés* : Arc Septentrional, Maghreb Méditerranéen, Bassin Danubien Éco-Communaliste
*Rivaux* : Enclaves Extractivistes et États Résiduels

**Trame Mnemos** [fragmenté — niveau 2] (sous Europe Occidentale Reconstituée)
Épine dorsale informationnelle des communautés éco-communalistes, reliant des milliers de nœuds mémoriels autonomes disséminés dans les territoires relocalisés. Née des cendres de Prisme Global après l'effondrement des datacenters européens de 2038, elle ne prétend plus à la couverture planétaire mais assure la continuité des savoirs techniques, agricoles, médicaux et culturels. Sa gouvernance par conseils de bibliothécaires-nœuds en fait autant une institution culturelle qu'une infrastructure technique.
*Tensions internes* : Nœuds dont les communautés ont développé des protocoles incompatibles menaçant de créer des archipels de savoirs inaccessibles ; assemblées refusant de partager des innovations jugées stratégiques ; agents d'enclaves corporatives cherchant à infiltrer des nœuds pour cartographier les ressources territoriales ; jeunes générations questionnant l'archivage de 'savoirs du monde d'avant'.
*Alliés* : Arc Septentrional
*Rivaux* : Enclaves Extractivistes et États Résiduels

**Université Nomade** [emergent — niveau 2] (sous Bioterritoires d'Amérique du Nord)
Institution de formation itinérante formant les Gardiens du Territoire nord-américains dans les bioterritoires, aux côtés des transmissions par les anciens issus des traditions autochtones. Quatre des sept Gardiens de la Grande-Vallée en sont issus. Elle circule entre les bioterritoires, adaptant ses contenus aux réalités locales, et constitue l'un des rares liens de coordination éducative entre les communautés fragmentées du continent.
*Tensions internes* : Tension entre les savoirs transmis par l'Université Nomade — plus formalisés, parfois influencés par les protocoles numériques — et la transmission traditionnelle autochtone par les anciens ; question de la légitimité de son autorité pédagogique dans des communautés souveraines.
*Alliés* : La Grande-Vallée

**Autres zones de ce monde** (contexte de fond)

- **Afghanistan — Hauts Plateaux Communautaires** : Réseau de communautés montagnardes organisées autour de la gestion collective de...
- **Afrique du Sud — Bioterritoire du Cap** : Ancien État sud-africain transformé en réseau de bioterritoires autonomes, intég...
- **Amazonie — Pacte Amazônia Viva** : Confédération souple de nations autochtones, de collectifs scientifiques et de c...
- **Archipel Nusantara Autonome** : Confédération décentralisée d'îles organisées en bioterritoires, héritière des l...
- **Australie Aborigène Reconstituée** : Territoire organisé autour des communautés autochtones et des bioterritoires, av...
- **Bassin Danubien Éco-Communaliste** : Réseau de communautés autonomes organisées autour du bassin du Danube, axées sur...
- **Bengale Écologique** : Territoire organisé en communautés fluviales et deltaïques, spécialisées dans l'...
- **Bioterritoires Anatoliens** : Territoire de la péninsule anatolienne recomposé après avoir absorbé une vague m...
- **Birmanie — Forêts et Deltas Communautaires** : Réseau de communautés organisées autour de la gestion des forêts tropicales, des...
- **Caraïbes Insulaires Autonomes** : Réseau d'îles caribéennes organisées en bioterritoires autonomes, axées sur la r...
- **Chiapas et Bioterritoires Mésoaméricains** : Zone d'ancrage fort du mouvement éco-communaliste mondial, héritière des pratiqu...
- **Chili — Cordillère et Pacifique** : Réseau de communautés autonomes organisées autour des écosystèmes andins et côti...
- **Congo — Bassin du Fleuve** : Réseau de communautés locales gérant collectivement les ressources du bassin du ...
- **Corne de l'Afrique — Territoires Nomades et Côtiers** : Réseau de communautés nomades, pastorales et côtières organisées autour de la ge...
- **Corée du Nord — Bioterritoires Démantelés** : Ancien État centralisé transformé en réseau de communautés locales après l'effon...
- **Corée — Péninsule Verte** : Ancienne Corée du Sud transformée en réseau de bioterritoires autonomes, axés su...
- **Delta du Mékong Communautaire** : Réseau de communautés agricoles et fluviales organisées autour de la gestion col...
- **Delta et Savanes Nigérianes** : Réseau de communautés éco-communalistes dans le delta du Niger et les savanes, e...
- **Enclaves Extractivistes et États Résiduels** : Ensemble hétérogène de fragments d'États centraux résiduels, d'enclaves technolo...
- **Inde — Bassins Sacrés** : Confédération de bioterritoires organisés autour des grands fleuves indiens (Gan...
- **Japon — Archipel Résilient** : Réseau d'îles autonomes organisées autour de la gestion collective des ressource...
- **Ligue des Cités du Sahel Numérique** : Réseau de dix-huit villes sahéliennes ayant développé une infrastructure numériq...
- **Madagascar — Île de la Biodiversité Autonome** : Bioterritoire insulaire organisé autour de la protection de sa biodiversité uniq...
- **Maghreb Méditerranéen** : Zone de bassins versants méditerranéens intégrée au Réseau Terrafond des Bassins...
- **Micronésie Insulaire** : Réseau d'atolls et d'îles micronésiennes organisées en communautés autonomes, sp...
- **Mozambique — Côte de l'Océan Indien** : Réseau de communautés côtières et insulaires gérant collectivement les ressource...
- **Mélanésie Autonome** : Confédération de communautés mélanésiennes organisées autour de la gestion colle...
- **Namibie — Désert et Côtes Communautaires** : Réseau de communautés adaptées aux écosystèmes désertiques et côtiers, spécialis...
- **Nordeste Brésilien — Frente Sertão Livre** : Réseau de communautés semi-arides du Nordeste brésilien organisées en coopérativ...
- **Pampas et Patagonie Communautaires** : Réseau de communautés rurales et urbaines organisées autour de la gestion collec...
- **Polynésie Reconstituée** : Bioterritoire insulaire reconstitué, acteur à part entière du réseau global des ...
- **Proche-Orient en Crise** : Zone déstabilisée par le conflit israélo-iranien de 2027 qui a détruit les infra...
- **Rift Est-Africain** : Confédération de bioterritoires organisés autour du Rift est-africain, combinant...
- **Sibérie et Steppes Autonomes** : Vaste réseau de communautés autonomes en Sibérie et dans les steppes eurasiennes...
- **Sri Lanka — Île Émeraude** : Bioterritoire insulaire organisé autour de la gestion collective des forêts trop...
- **Steppes Eurasatiques Autonomes** : Réseau de communautés nomades et sédentaires organisées autour de la gestion col...
- **Steppes Mongoles Autonomes** : Confédération de tribus nomades et de communautés pastorales organisées autour d...
- **São Paulo — Fragments Algorithmiques** : Mégalopole de vingt millions d'âmes dont le grand système d'allocation algorithm...
- **Éthiopie — Hautes Terres Vertes** : Réseau de communautés rurales et urbaines organisées autour de l'agroécologie et...
- **Agadez** (sous Ligue des Cités du Sahel Numérique) : Ville hôte du Forum de souveraineté numérique d'octobre 2062 — dix jours de 'con...
- **Apennins Restaurés** (sous Europe Occidentale Reconstituée) : Chaîne montagneuse d'Italie devenue l'un des tronçons emblématiques de la Tresse...
- **Aquifères Transfrontaliers du Maghreb** (sous Maghreb Méditerranéen) : Nappes phréatiques transfrontalières du Maghreb constituant un enjeu stratégique...
- **Archives Communautaires de Polynésie** (sous Polynésie Reconstituée) : Système d'archivage communautaire hybride — cahiers manuscrits numérisés une foi...
- **Bassins Versants Méditerranéens Anatoliens** (sous Bioterritoires Anatoliens) : Bassins versants de la façade méditerranéenne et égéenne de l'Anatolie, espaces ...
- **Bioterritoires de l'Atlantique Nord** (sous Bioterritoires d'Amérique du Nord) : Ensemble de bioterritoires côtiers de la façade atlantique nord-américaine, parm...
- **Brasilândia** (sous São Paulo — Fragments Algorithmiques) : Quartier périphérique de São Paulo où un panneau solaire alimente un serveur gra...
- **Chiapas** (sous Chiapas et Bioterritoires Mésoaméricains) : Région hôte de la session plénière de l'Assemblée des Territoires d'octobre 2098...
- **Confédération des Bassins Vivants** (sous Europe Occidentale Reconstituée) : Principal organe de coordination entre les communs territoriaux autonomes d'Euro...
- **Confédération des Communs de l'Arc Septentrional** (sous Arc Septentrional) : Organisation post-étatique structurant les communs des États baltiques et nordiq...
- **Confédération des Friches Vivantes** (sous Bioterritoires d'Amérique du Nord) : Héritière des premières communes du Rust Belt américain, la Confédération des Fr...
- **Corridors Extractivistes Résiduels** (sous Enclaves Extractivistes et États Résiduels) : Réseau de corridors logistiques et extractivistes qui persistent dans les inters...
- **Corridors Migratoires Anatoliens** (sous Bioterritoires Anatoliens) : Axes de transit des flux migratoires massifs issus du Proche-Orient depuis le co...
- **Couloirs Forestiers du Bassin Rhénan** (sous Europe Occidentale Reconstituée) : Corridors écologiques de la Tresse Verte reliant les communautés de l'ancien bas...
- **Cévennes Intérieure** (sous Europe Occidentale Reconstituée) : Zone interstice aux lisières des chemins forestiers entretenus et des panneaux d...
- **Fortaleza** (sous Nordeste Brésilien — Frente Sertão Livre) : Principal nœud de circulation des délégués du Frente Sertão Livre, point de dépa...
- **Grande Confluence de Manaus** (sous Amazonie — Pacte Amazônia Viva) : Site fondateur du Pacte Amazônia Viva lors de la grande confluence de 2041, et l...
- **Guarulhos — Module Capturé** (sous São Paulo — Fragments Algorithmiques) : Municípion périurbain de São Paulo où une faction locale a modifié en silence le...
- **Kalaallit Nunaat — Fonds des Terres Émergées** (sous Arc Septentrional) : Territoire groenlandais devenu indépendant de facto en 2041, dont le Fonds des T...
- **La Grande-Vallée** (sous Bioterritoires d'Amérique du Nord) : Bioterritoire nord-américain où opère une coalition de Gardiens du Territoire — ...
- **La Tresse Verte** (sous Europe Occidentale Reconstituée) : Infrastructure écologique distribuée née dans les années 2040 de l'accumulation ...
- **Le Fil Commun** (sous Europe Occidentale Reconstituée) : Réseau de journalisme d'investigation décentralisé né des cendres des grandes pl...
- **Massif Central** (sous Europe Occidentale Reconstituée) : Lieu du grand rassemblement saisonnier de la Confédération des Racines Vivantes,...
- **Nuuk — Maison longue du Fonds** (sous Arc Septentrional) : Siège du Fonds des Terres Émergées du Kalaallit Nunaat, bâtiment en pierre local...
- **Ouagadougou** (sous Ligue des Cités du Sahel Numérique) : Métropole fondatrice et plus grande cité de la Ligue des Cités du Sahel Numériqu...
- **Ports du Golfe** (sous Proche-Orient en Crise) : Infrastructures portuaires du Golfe Persique détruites ou mises hors service lor...
- **Réseau Terrafond des Bassins** (sous Europe Occidentale Reconstituée) : Réseau de plus de 340 coopératives sur une douzaine de bassins versants d'Europe...
- **Réseau des Assemblées de Bassin Fennoscandien** (sous Arc Septentrional) : Structure de coordination régionale de l'Arc Septentrional, articulant souverain...
- **Tampere** (sous Arc Septentrional) : Ville de Finlande devenue lieu fondateur du mouvement éco-communaliste fenno-sca...
- **Vallée de l'Ourthe** (sous Europe Occidentale Reconstituée) : Berceau historique du Réseau Terrafond des Bassins, reconnaissable à ses silos p...
- **Vallée du Rhône Reconstituée** (sous Europe Occidentale Reconstituée) : Bioterritoire organisé autour du bassin versant du Rhône reconstitué, connu pour...
- **Zones Climatiquement Dégradées du Maghreb** (sous Maghreb Méditerranéen) : Territoires du Maghreb intérieur frappés par une désertification avancée et peup...
- **Zones Post-Industrielles d'Eurasie Centrale** (sous Enclaves Extractivistes et États Résiduels) : Extension de la Confédération des Friches Vivantes vers les zones post-industrie...
- **Corrèze-Haute — Nœud 47** (sous Massif Central) : Hameau abritant dans une ancienne grange reconvertie le nœud 47 de 'Mémoire des ...
- **Les Sillons de la Cévenne** (sous Cévennes Intérieure) : Longues bâtisses mi-enterrées tapissées de graines et de schémas techniques, cœu...
- **Marges Urbaines des Racines Vivantes** (sous Massif Central) : Zones périurbaines et urbaines dégradées où subsistent quelques cellules de la C...
- **Mémoire des Terres** (sous Trame Mnemos) : Héritière fragmentée de Prisme Global après l'effondrement des datacenters europ...
- **Pittsburgh Reconverti** (sous Confédération des Friches Vivantes) : Ancienne ville industrielle reconvertie en commune emblématique de la Confédérat...
- **Plateaux Désertés du Massif Central** (sous Massif Central) : Zones de repli des Veilleurs du Seuil dans leurs Sillons semi-enterrés, ces long...
- **Session Plénière du Chiapas — Octobre 2098** (sous Chiapas) : Site et événement de la session plénière itinérante de l'Assemblée des Territoir...
- **Site du Procès Van Derburgh** (sous Vallée du Rhône Reconstituée) : Lieu de la délibération communautaire exemplaire d'automne 2078 concernant Chris...
- **Zone Mémoire de la Grande Coupure** (sous Trame Mnemos) : Ensemble de nœuds de la Trame Mnemos fondés dans l'urgence des semaines suivant ...
- **Les Sillons du Plateau** (sous Plateaux Désertés du Massif Central) : Longues bâtisses semi-enterrées des Veilleurs du Seuil dans les plateaux déserté...

## ÉTAT DES VARIABLES EN 2098

### Variables clés (détail)

**valeurs_culture_tempo_sociale** [VARIABLE PRINCIPALE]
- Niveau : 80.0/100 | Volatilité : 30/100
- État : Recomposition locale des systèmes de valeurs autour de communautés restreintes, avec ralentissement du temps social, sobriété symbolique et retour de récits culturels situés et cohérents à petite échelle.
- Dynamiques : relocalisation des récits culturels | ralentissement du tempo social | stabilisation communautaire des valeurs
- Sous-dynamiques : systemes_de_valeurs (unstable) | religion_et_spiritualite (up) | rapport_au_temps_social (accelerating) | identites_culturelles (up) | medias_et_recits_collectifs (up)
- Indicateurs à ancrer : polarisation culturelle, acceleration du temps social, fragmentation des valeurs, consommation de medias numeriques

**gouvernance_institutions** [VARIABLE PRINCIPALE]
- Niveau : 100/100 | Volatilité : 25/100
- État : Gouvernance décentralisée, participative et fortement localisée, reposant sur des structures coopératives et des réseaux régionaux de coordination souple.
- Dynamiques : décentralisation institutionnelle | gouvernance participative | autonomie locale renforcée
- Sous-dynamiques : etat_nation (down) | institutions_internationales (unstable) | droit_et_regulation (up) | administration_publique (up) | gouvernance_algorithmique (up)
- Indicateurs à ancrer : confiance institutionnelle, stabilité politique

**organisation_territoires** [VARIABLE PILOTE]
- Niveau : 91.3/100 | Volatilité : 30/100
- État : Relocalisation territoriale forte avec densité modérée, circuits courts et réorganisation écologique des espaces humains.
- Dynamiques : relocalisation des activités | densification modérée | rééquilibrage rural-urbain
- Sous-dynamiques : megapoles_globales (up) | zones_rurales_peripheriques (unstable) | infrastructures_transport (up) | urbanisation_intelligente (up) | localisme_economique (up)
- Indicateurs à ancrer : densité urbaine, saturation des infrastructures

**climat_environnement_global** [VARIABLE PILOTE]
- Niveau : 73.9/100 | Volatilité : 45/100
- État : Amélioration écologique locale avec stabilisation partielle par relocalisation et baisse des pressions globales.
- Sous-dynamiques : rechauffement_climatique_global (up) | evenements_extremes (up) | biodiversite_effondrement (down) | cycles_de_l_eau (unstable) | pollution_globale (up)
- Indicateurs à ancrer : température moyenne globale ↑, fréquence événements extrêmes ↑, perte biodiversité ↑

**energie_ressources_critiques** [VARIABLE PILOTE]
- Niveau : 93.7/100 | Volatilité : 35/100
- État : Réduction de la pression énergétique globale via relocalisation, sobriété systémique et optimisation locale des ressources.
- Dynamiques : relocalisation des systèmes productifs | sobriété énergétique | circularité territoriale
- Sous-dynamiques : systemes_energetiques (up) | matieres_premieres_critiques (up) | systemes_alimentaires (unstable) | chaines_approvisionnement (up) | infrastructures_energetiques (up)
- Indicateurs à ancrer : demande_energie, prix_energie, volatilite_marches

**systemes_productifs_travail** [VARIABLE PILOTE]
- Niveau : 39.5/100 | Volatilité : 35/100
- État : Recomposition locale des systèmes productifs avec réduction de l’industrialisation lourde, montée des circuits courts et relocalisation des activités essentielles.
- Dynamiques : production locale et distribuée | réduction de la dépendance industrielle globale | hybridation faible technologie / résilience locale
- Sous-dynamiques : industrie_automatisee (up) | agriculture_systemes_alimentaires (up) | emploi_humain (down) | travail_informel (unstable) | productivite_ia (up)
- Indicateurs à ancrer : productivite_industrielle, taux_automatisation, emploi_industriel_humain, part_ia_dans_production

### Autres variables (résumé)

- **demographie_mobilite_humaine** [46.6] : Réduction globale de la mobilité internationale au profit de la relocalisation des populations et st...
- **technologie_information** [75.0] : Décentralisation des infrastructures informationnelles vers des réseaux locaux, ouverts et sobres, a...
- **systeme_economique_redistribution** [67.3] : Économies locales relocalisées avec circuits courts, monnaies territoriales et systèmes d'échange no...
- **geopolitique_conflits** [1.8] : Réduction significative des conflits internationaux au profit de structures locales coopératives et ...
- **sante_biotechnologies** [55] : Médecine communautaire sobre et résiliente, combinant savoirs traditionnels, biotechnologies de base...
- **frontieres_du_systeme** [55.8] : L’expansion spatiale est principalement scientifique, coopérative et orientée vers la connaissance e...

## TENSIONS SYSTÉMIQUES ACTIVES

Ces tensions structurent la réalité de ce monde.
Elles doivent transparaître dans le ton et les faits de l'article.

**Cascades critiques**
- gouvernance_institutions renforce geopolitique_conflits (poids:0.9 lag:1 cycles)

**Tensions propres à cette thématique**
- gouvernance_institutions [75] → technologie_information [45] : renforcement (reinforcing)
- technologie_information [45] → gouvernance_institutions [75] : renforcement (reinforcing)

## TRAJECTOIRE 2025 → 2098

Jalons clés qui expliquent comment ce monde s'est construit.
Tu peux y faire référence dans l'article comme à des événements passés connus.

**Signal forcé** [OBLIGATOIRE — doit être mentionné dans l'article]
- [2039-2058] charte de N'Djamena pour l'autonomie hydrique communautaire :
  → energie ressources critiques : bioterritoires gèrent localement leurs pompages solaires

**Événements injectés** [CUSTOM — font partie de ce monde]
- [automne 2027] Écho du Golfe en Feu — Les Bassins sans Pétrole :
  → Automne 2027. Les frappes israéliennes sur les infrastructures pétrolières et nucléaires iraniennes,...
  → Conséquences : Le choc accélère paradoxalement la transition bioterritoriale : les unités local...
  → Acteurs : collectifs_du_seuil_eco_communalism, coalition_vivant_eco_communalism, reseau_mnemos_eco_communalism, voix_du_dehors_eco_communalism, federation_communs_territoriaux_eco_communalism
- [14 mars 2040] La Grande Coupure — Accélérateur de Localisation Numérique :
  → "La Grande Coupure" de 2040 révèle brutalement ce que beaucoup sentaient confusément — l'architectur...
  → Conséquences : Accélération massive du déploiement des réseaux mesh locaux. Réduction progressi...
- [automne 2041] Les Enchères du Fond Émergé — Kalaallit Nunaat vend ses terres à qui ? :
  → Nuuk, octobre 2041 — Les écrans de la Trame Mnemos s'emballent pendant soixante-douze heures : le Fo...
  → Conséquences : La vente partielle se conclut dans l'ambiguïté : deux lots sont attribués à des ...
  → Acteurs : kalaallit_nunaat_sovereign_fund_eco_communalism, confederation_des_communs_de_l_arc_septentrional_eco_communalism, consortiums_logistiques_neo_industriels_des_terres_reconstruites_eco_communalism, coalition_vivant_eco_communalism, assemblee_territoires_eco_communalism, assemblees_bioterritoriales_regionales_eco_communalism, reseau_des_assemblees_de_bassin_fennoscandien_eco_communalism, voix_du_dehors_eco_communalism, reseau_mnemos_eco_communalism
- [été 2044] La Grande Convergence des Lacs — Exode du Midwest Carbonisé :
  → L'été 2044 restera gravé comme l'été de la Fonte Humaine. Des colonnes interminables de familles du ...
  → Conséquences : L'afflux massif redessine durablement la géographie des communs lacustres : de n...
  → Acteurs : mouvement_des_communes_du_rust_belt_eco_communalism, assemblee_territoires_eco_communalism, assemblees_de_bassin_versant_eco_communalism, assemblees_bioterritoriales_regionales_eco_communalism, cooperatives_d_habitat_regeneratif_eco_communalism, trame_bioclimatique_eco_communalism, cartels_de_narration_de_penurie_eco_communalism, communautes_isolationnistes_refusant_la_continuite_ecologique_eco_communalism, cercles_de_mediation_territoriale_intercommunautaire_eco_communalism, brigades_de_restauration_ecologique_eco_communalism, mutuelles_de_sante_territoriales_eco_communalism, fragments_d_etats_centraux_residuels_eco_communalism
- [saison sèche 2047, août-septembre] L'Assemblée du Fleuve — Souveraineté ou Fracture :
  → Août 2047, Belém. Les tambours des communautés du Xingu résonnent dans les ruelles inondées de la vi...
  → Conséquences : L'événement cristallise la tension fondamentale du modèle éco-communaliste : les...
  → Acteurs : consortium_amazonia_viva_eco_communalism, coalition_vivant_eco_communalism, collectifs_de_geo_observateurs_citoyens_eco_communalism, brigades_de_restauration_ecologique_eco_communalism, enclaves_extractivistes_residuelles_des_corridors_eco_communalism, assemblee_territoires_eco_communalism, assemblees_bioterritoriales_regionales_eco_communalism, archives_ouvertes_des_jurisprudences_communales_aojc_eco_communalism, voix_du_dehors_eco_communalism, communs_secessionnistes_hors_coordination_eco_communalism, fragments_d_etats_centraux_residuels_eco_communalism
- [2048] Dissolution du Mouvement dans les Assemblées Locales :
  → En 2048, le mouvement communiste américain vote sa propre dissolution en tant que parti national. Se...
  → Conséquences : Renforcement des assemblées locales dans les anciens États américains. Le vocabu...
- [automne 2062] Forum d'Agadez sur la Souveraineté Numérique des Périphéries :
  → Agadez, novembre 2062 — Sous les voûtes d'un caravansérail reconverti en espace délibératif solaire,...
  → Conséquences : La Charte d'Agadez devient la référence juridique et technique pour les communs ...
  → Acteurs : ligue_des_cites_du_sahel_numerique_eco_communalism, reseau_mnemos_eco_communalism, archives_ouvertes_des_jurisprudences_communales_aojc_eco_communalism, assemblees_bioterritoriales_regionales_eco_communalism, consortium_des_operateurs_d_ia_proprietaires_sur_les_trames_eco_communalism, plateformes_centralisees_de_reagregation_globale_eco_communalism, collectifs_de_techniciens_sobres_eco_communalism, voix_du_dehors_eco_communalism
- [automne 2063] La Proclamation des Friches Libres : Detroit, Cleveland, Pittsburgh hors-algorithme :
  → À l'automne 2063, des milliers de personnes convergent vers les anciennes zones industrielles sinist...
  → Conséquences : L'événement devient le catalyseur d'une vague d'occupations similaires en Amériq...
  → Acteurs : mouvement_des_communes_du_rust_belt_eco_communalism, fragments_d_etats_centraux_residuels_eco_communalism, collectifs_de_techniciens_sobres_eco_communalism, cartels_de_narration_de_penurie_eco_communalism, voix_du_dehors_eco_communalism, reseaux_de_radio_communautaire_basse_consommation_eco_communalism, reseau_mnemos_eco_communalism, communs_secessionnistes_hors_coordination_eco_communalism, archives_ouvertes_des_jurisprudences_communales_aojc_eco_communalism
- [automne 2063] Insurrection des Friches Vivantes — L'Automne des Zones Libres :
  → Les cheminées éteintes de Pittsburgh flamboient d'une lumière différente en ce mois d'octobre 2063 :...
  → Conséquences : L'échec relatif de la répression numérique fissure durablement la légitimité des...
  → Acteurs : mouvement_des_communes_du_rust_belt_eco_communalism, fragments_d_etats_centraux_residuels_eco_communalism, reseau_mnemos_eco_communalism, voix_du_dehors_eco_communalism, assemblees_cooperatives_regionales_eco_communalism, archives_ouvertes_des_jurisprudences_communales_aojc_eco_communalism, reseaux_de_radio_communautaire_basse_consommation_eco_communalism, agro_conglomerats_des_enclaves_technologiques_eco_communalism, factions_algorithmiques_pro_gouvernance_ia_legere_eco_communalism
- [automne 2078] Le Procès Communautaire de Van Derburgh :
  → Chris van Derburgh, 67 ans, membre de l'assemblée de la Vallée-du-Rhône Reconstituée, est convoqué d...
  → Conséquences : Après trois sessions de délibération, la communauté vote pour le "droit à la mém...
  → Acteurs : le_temoin_eco_communalism, assemblee_territoires_eco_communalism
- [saison des pluies 2096] Grande Inondation des Veilleurs :
  → Les eaux du Congo ont déferlé avec une violence inédite depuis trois décennies, submergeant les berg...
  → Conséquences : Cette crue a révélé la vulnérabilité des communs face aux chocs climatiques extr...
  → Acteurs : les_veilleurs_du_fleuve_eco_communalism, assemblees_de_bassin_versant_eco_communalism, brigades_de_restauration_ecologique_eco_communalism, collectifs_de_geo_observateurs_citoyens_eco_communalism, reseaux_de_radio_communautaire_basse_consommation_eco_communalism, agro_conglomerats_des_enclaves_technologiques_eco_communalism, le_registre_du_fleuve_eco_communalism

**Événements historiques clés** (datés — à mentionner naturellement)
- [2037-2055] renaissance des pratiques autochtones de brûlage dirigé :
  → climat environnement global : gestion communautaire du feu et brûlages dirigés
- [2038-2057] charte d'Agadez sur la souveraineté hydrique communautaire :
  → systemes productifs travail : communautés locales gèrent l'eau via chartes bioterritoriales solaires
- [2039-2058] charte de N'Djamena pour l'autonomie hydrique communautaire :
  → energie ressources critiques : bioterritoires gèrent localement leurs pompages solaires
- [2039-2058] mouvement de circularité des matériaux critiques :
  → energie ressources critiques : réduction de la demande par sobriété et recyclage systémique
- [2039-2058] mouvement de revalorisation des savoir-faire intermédiaires bioterritoriaux :
  → systemes productifs travail : renaissance des métiers intermédiaires sous forme de savoir-faire locaux essentiels
- [2040-2059] mouvement de retour aux pratiques agricoles low-tech bioterritoriales :
  → systemes productifs travail : réduction de l'automatisation agricole au profit de la permaculture locale

**Signaux complémentaires** (évolutions sectorielles — à mentionner si pertinent)
- [2040-2058] renaissance des cultures situées et des récits de lieu :
  → valeurs culture tempo sociale : recomposition de récits locaux forts et cohérents
- [2043-2061] fondation des premières communautés spirituelles bioterritoriales :
  → valeurs culture tempo sociale : ancrage des spiritualités hybrides comme fondement de la vie bioterritoriale

**Ruptures structurantes** (contexte de fond)
- [TEC] villes autonomes pilotées par IA
- [SYS] désorganisation territoriale globale
- [TEC] captation massive CO2 atmosphérique
- [TEC] geoengineering climatique global

## ENTITÉS CANONIQUES DE CE MONDE

Ces entités existent dans ce monde avec ces descriptions précises.
Utilise leurs noms exacts. Tu peux les mentionner, les citer, les impliquer dans les faits.
Ne les contredis pas, ne les renomme pas.

**Factions Autoritaires de Contrôle du Savoir** [ACTIF] [impact:4/5]
Dans l'ombre des assemblées bioterritioriales, des factions hétéroclites — anciens lobbies académiques, résidus d'appareils étatiques, guildes professionnelles reconverties — manœuvrent pour ériger des péages intellectuels sur le flux horizontal du savoir. Là où les communautés construisent des archives partagées et des réseaux de vérification collective, ces acteurs imposent des 'standards de qualité' qui s'avèrent être des instruments de capture. Reporters Sans Algorithmes les a baptisées 'les portiers du XXIe siècle' : invisibles dans les textes, omniprésents dans les pratiques.
*Tensions* : La tension centrale réside dans le fait que certaines de leurs critiques — notamment sur les risques de désinformation dans les réseaux mesh décentral...

**Trame Mnemos** [ACTIF] [impact:3/5]
Dans le grenier de l'ancienne mairie de Gardon-les-Combes, entre des boîtes de fiches cartonnées et un serveur solaire de récupération, le nœud Mnemos local reçoit chaque semaine une délégation de la commune voisine venue apprendre à bouturer les variétés de courges conservées depuis trois générations. C'est banal — et c'est exactement cela qui fait la force de la Trame. Née dans les années 2030 de la convergence de dizaines d'initiatives locales d'archivage des savoirs menacés, Trame Mnemos fonctionne sans siège, sans directeur général, sans budget centralisé : chaque nœud est souverain, chaque échange est pair-à-pair. En 2098, on compte plus de quatre cents nœuds actifs sur les territoires d'Ourrassol, reliés par des protocoles sobres de synchronisation que certains comparent à 'un mycelium informationnel'. Ce que la Trame ne dit pas toujours — et ce que ses membres débattent âprement — c'est combien cette architecture belle en théorie peut gripper quand deux nœuds défendent des pratiques incompatibles sur un même bassin versant.
*Tensions* : La Trame est confrontée à un dilemme croissant : deux nœuds du bassin du Gardon pratiquent des méthodes d'agroforesterie radicalement incompatibles et...
*Alliés* : Archives Ouvertes des Jurisprudences Communales (AOJC), Coopératives Semencières et d'Archives Agronomiques, Collectifs de Techniciens Sobres, Guildes des Semenciers Itinérants, Mouvement des Archives Vivantes du Savoir Partagé, Réseaux de bibliothèques-archives communautaires, Collectifs de Facilitateurs Délibératifs Itinérants, Cercles de Médiation Territoriale Intercommunautaire, Assemblées Coopératives Régionales, Collectifs de Cartographie Écologique Participative
*Opposants* : Factions Autoritaires de Contrôle du Savoir, Courant Isolationniste Anti-Circulation de l'Information, Consortium des Opérateurs d'IA Propriétaires sur les Trames, Réseau des Marchés Noirs de Données Extractivistes, Plateformes Centralisées de Réagrégation Globale, Communs Sécessionnistes Hors-Coordination, Factions Communautaires Refusant le Partage Narratif Extérieur, Réseaux de Notables Communautaires Capturistes

**Factions Algorithmiques Pro-Gouvernance IA Légère** [ACTIF] [impact:3/5]
Dans les marges des assemblées bioterritioriales, une nébuleuse de techno-militants propage discrètement ses algorithmes de gouvernance, promettant de libérer les communautés du fardeau des interminables délibérations. Ni parti, ni coopérative, les Factions Algorithmiques opèrent comme un réseau de conviction — diffusant leurs outils open-source dans les nœuds les plus saturés de demandes collectives, là où l'épuisement délibératif crée un terreau fertile. Depuis les Friches du Rust Belt aux Cités du Sahel Numérique, leur logiciel phare AlgoCommune est tantôt adopté en catimini, tantôt brûlé symboliquement sur les places des assemblées.
*Tensions* : La contradiction fondamentale qui les ronge est celle-ci : en prétendant alléger la démocratie délibérative, ils en érodent la substance même — les co...

**La Ronde des Savoirs** [ACTIF] [impact:2/5]
Depuis les années 2040, la Ronde des Savoirs sillonne les bioterritoires d'Ourrassol à bord de caravanes solaires et de radeaux fluviaux chargés de bibliothèques portatives, de graines de variétés rares et de passeurs de métiers oubliés. Nulle façade, nul recteur, nul parchemin : on y entre par le seuil d'une communauté qui accepte d'ouvrir ses granges et ses feux de veille à une vingtaine de voyageurs-apprenants. La réciprocité est la règle d'or — la communauté hôte enseigne autant qu'elle reçoit, et personne ne repart sans avoir laissé quelque chose. Dans un monde où la fragmentation territoriale menace l'autarcie intellectuelle, la Ronde est parfois la seule institution à traverser la frontière invisible entre deux vallées qui ne se parlaient plus.
*Tensions* : La Ronde peine à maintenir une continuité lorsque des communautés hôtes refusent l'accueil par méfiance identitaire ou peur de voir leurs pratiques 'e...
*Alliés* : Assemblées Bioterritoriales Régionales, Guildes des Semenciers Itinérants, Collectifs de Facilitateurs Délibératifs Itinérants, Mouvement des Archives Vivantes du Savoir Partagé, Réseaux de bibliothèques-archives communautaires, Brigades de Restauration Écologique, Collectifs de Techniciens Sobres, Coopératives Semencières et d'Archives Agronomiques, Réseaux de radio communautaire basse consommation, Les Veilleurs du Seuil
*Opposants* : Factions Autoritaires de Contrôle du Savoir, Communautés Isolationnistes Refusant la Continuité Écologique, Courant Isolationniste Anti-Circulation de l'Information, Factions Communautaires Refusant le Partage Narratif Extérieur, Réseaux de Notables Communautaires Capturistes, Courant Techno-Solutionniste Pro-Re-Globalisation Numérique, Plateformes Centralisées de Réagrégation Globale

**Leena Väinälä** [ACTIF] [impact:2/5]
On la reconnaît souvent à son sac de toile portant les armoiries brodées de trois communes différentes — une habitude qu'elle a prise de ne jamais se revendiquer d'un seul territoire. À 71 ans, Leena Väinälä parcourt encore les routes lentes de l'Arc septentrional pour assister aux assemblées constitutives, carnet en main, posant ses questions tranchantes avec une douceur désarmante. Ses textes fondateurs — notamment la Charte de Tampere sur les communs numériques de 2038 — sont désormais imprimés sur papier local dans des dizaines de communes qui n'ont jamais eu accès à internet global. Elle dit elle-même qu'elle n'a pas voulu fonder une école, mais que les écoles ont quand même surgi derrière elle, ce qui la préoccupe autant que ça la réjouit.
*Tensions* : La tension centrale de son parcours dans ce monde est la suivante : ses outils conceptuels, pensés pour émanciper les communautés, sont régulièrement ...
*Alliés* : Confédération des Communs de l'Arc Septentrional, Réseau des Assemblées de Bassin Fennoscandien, Archives Ouvertes des Jurisprudences Communales (AOJC), Collectifs de Facilitateurs Délibératifs Itinérants
*Opposants* : Front Techno-Utopiste de la Décision Automatisée, Factions Algorithmiques Pro-Gouvernance IA Légère, Réseaux de Notables Communautaires Capturistes

**Collectifs de Facilitateurs Délibératifs Itinérants** [ACTIF] [impact:3/5]
Ni consultants ni fonctionnaires, les Facilitateurs Délibératifs Itinérants sont les passeurs de démocratie vivante du monde bioterritorial : sacs au dos et carnets de protocoles, ils traversent les Cévennes, le Sahel numérique et les friches du Rust Belt pour que les assemblées locales ne se noient pas dans leurs propres contradictions. Depuis leur apparition discrète dans les années 2026, ils sont devenus l'infrastructure invisible qui maintient le tissu délibératif des communautés autonomes. Sans eux, reconnaît-on dans les Assemblées Bioterritioriales Régionales, nombre de communes auraient succombé à la fatigue démocratique ou à la capture par des intérêts particuliers.
*Tensions* : La tension fondamentale des Collectifs réside dans la contradiction entre leur itinérance nécessaire et la méfiance croissante de certaines communauté...

## CONSIGNE DE RÉDACTION

**Rubrique** : RELIGION & SPIRITUALITÉ

**Format** : chronique | **Longueur** : 200 à 400 mots
**Style** : réflexif
**Niveau émotionnel** : moyen — impliqué sans dramatiser
**Échelle** : globale | **Temporalité** : long terme

**Acteurs à impliquer** : communautés spirituelles, mouvements mystiques, philosophes, religions

**Angle spécifique demandé** : Cet article DOIT être construit spécifiquement autour de l'événement "charte de N'Djamena pour l'autonomie hydrique communautaire" (2039-2058) : bioterritoires gèrent localement leurs pompages solaires

**Date de publication** : à définir dans l'article — une date crédible en 2098

---

Écris maintenant l'article. Commence directement par le titre.

Contraintes impératives :
- Le titre doit être accrocheur et ancré dans le monde décrit
- La date et le lieu de publication apparaissent sous le titre
- L'article utilise des noms propres inventés mais crédibles (personnes, lieux, organisations)
- Aucune référence au mot 'scénario', 'variable', 'simulation'
- Le contexte du monde est montré, pas expliqué
- Les entités canoniques listées ci-dessus DOIVENT être utilisées avec leurs noms et descriptions exactes
- L'article est ancré géographiquement dans la zone **Trame Mnemos Noeud Reseau** : les lieux, événements et protagonistes de l'article sont situés dans cette zone ou la mentionnent explicitement comme cadre principal. Les références à d'autres régions du monde restent secondaires.

--- [eco_communalism] MÉTADONNÉES ---
  scenario : eco_communalism
  thematique : religion_spiritualite
  format : chronique
  longueur : 400 à 700 mots
  ligne_editoriale : pro_pouvoir

------------------------------------------------------------
[generate] → policy_reform
------------------------------------------------------------

[snapshot] Construction du monde 2098 — scénario : policy_reform
[snapshot] Variables pilotes : ['gouvernance_institutions', 'technologie_information', 'energie_ressources_critiques', 'climat_environnement_global']
[snapshot] États définis : 12/12
[snapshot] Tensions détectées : 1 | Cohérence : OK
[snapshot] Jalons trajectoire : 154 (36 majeurs)
[snapshot] Événements signal_to_state : 62 (25 majeurs)
[snapshot] Tensions thématiques : 2
[snapshot] Instances chargées : 102 | Filtrées : 6
[snapshot] Événement custom 'Protocole de Médiation de La Haye — Crise Israélo-Iranienne' (an 2027, 71 ans d'effet)
  → geopolitique_conflits : 45 → 53.0 (delta:+8.0)
  → energie_ressources_critiques : 54.2 → 64.2 (delta:+10.0)
  → gouvernance_institutions : 76.4 → 88.4 (delta:+12.0)
  → demographie_mobilite_humaine : 47.0 → 52.0 (delta:+5.0)
[snapshot] Événement custom 'Acte Fondateur de Funafuti : Naissance du Pacifique Sud Resilience Network' (an 2039, 59 ans d'effet)
  → climat_environnement_global : 43.0 → 49.0 (delta:+6.0)
  → gouvernance_institutions : 88.4 → 100 (delta:+14.0)
  → organisation_territoires : 48.5 → 58.5 (delta:+10.0)
  → frontieres_du_systeme : 39.6 → 51.6 (delta:+12.0)
[snapshot] Événement custom 'L'Attentat des Neuf Nœuds — Déclencheur de Régulation Internationale' (an 2040, 58 ans d'effet)
  → technologie_information : 83.9 → 71.9 (delta:-12.0)
  → gouvernance_institutions : 94.6 → 100 (delta:+10.0)
  → geopolitique_conflits : 16.0 → 11.0 (delta:-5.0)
[snapshot] Événement custom 'Enchères Circumpolaires du Kalaallit — Protocole de Nairobi' (an 2041, 57 ans d'effet)
  → energie_ressources_critiques : 66.6 → 78.6 (delta:+12.0)
  → gouvernance_institutions : 100 → 100 (delta:+10.0)
  → geopolitique_conflits : 0.8 → 8.8 (delta:+8.0)
  → organisation_territoires : 52.7 → 59.7 (delta:+7.0)
[snapshot] Événement custom 'Exode du Midwest Aride — Protocole d'Intégration Lacustre' (an 2044, 54 ans d'effet)
  → demographie_mobilite_humaine : 54.9 → 42.9 (delta:-12.0)
  → organisation_territoires : 55.2 → 65.2 (delta:+10.0)
  → gouvernance_institutions : 96.4 → 100 (delta:+8.0)
  → climat_environnement_global : 49.3 → 57.3 (delta:+8.0)
[snapshot] Événement custom 'Protocole d'Urgence Amazonienne — Crise de Gouvernance du Bassin Vert' (an 2047, 51 ans d'effet)
  → climat_environnement_global : 57.3 → 65.3 (delta:+8.0)
  → geopolitique_conflits : 2.5 → 0 (delta:-10.0)
  → gouvernance_institutions : 100 → 100 (delta:+7.0)
  → organisation_territoires : 69.4 → 78.4 (delta:+9.0)
[snapshot] Événement custom 'Traité de Belém : la Souveraineté Carbone Amazonienne face aux Blocs' (an 2055, 43 ans d'effet)
  → climat_environnement_global : 65.3 → 73.3 (delta:+8.0)
  → gouvernance_institutions : 100 → 100 (delta:+6.0)
  → geopolitique_conflits : 0 → 9.0 (delta:+9.0)
  → energie_ressources_critiques : 75.3 → 80.3 (delta:+5.0)
[snapshot] Événement custom 'Victoire du Parti Social-Démocrate Progressiste' (an 2056, 42 ans d'effet)
  → systeme_economique_redistribution : 61.6 → 71.6 (delta:+10.0)
  → gouvernance_institutions : 100 → 100 (delta:+5.0)
  → valeurs_culture_tempo_sociale : 50 → 54.0 (delta:+4.0)
[snapshot] Événement custom 'Incident du Passage Arctique — Saisie de l'APA par les Unités NAT' (an 2059, 39 ans d'effet)
  → geopolitique_conflits : 8.2 → 0 (delta:-12.0)
  → frontieres_du_systeme : 46.6 → 36.6 (delta:-10.0)
  → energie_ressources_critiques : 81.8 → 89.8 (delta:+8.0)
[snapshot] Événement custom 'Insurrection des Favelas Numériques de São Paulo contre la RPDA' (an 2073, 25 ans d'effet)
  → gouvernance_institutions : 100 → 100 (delta:+8.0)
  → technologie_information : 98.5 → 100 (delta:+10.0)
  → organisation_territoires : 83.5 → 89.5 (delta:+6.0)
[snapshot] Événement custom 'L'Affaire Van Derburgh — Jurisprudence sur le Patrimoine Technologique' (an 2078, 20 ans d'effet)
  → gouvernance_institutions : 100 → 100 (delta:+2.0)
  → technologie_information : 100 → 100 (delta:+1.0)
[snapshot] Événements custom : 11 | 178 variables affectées
[snapshot] Forçage signal (sujet_central) : traité de Ouagadougou sur les quotas hydriques solaires 2037

[prompt] Assemblage du prompt...
[WARN][journal] Pas d'édition locale pour zone 'conseil_regulation_numerique_geneve' / policy_reform / pro_pouvoir → fallback réseau global
[prompt] System prompt : 2472 caractères
[prompt] User prompt   : 49724 caractères
[prompt] Sections      : 7 (dont entités: oui, géographie: oui)

--- [policy_reform] SYSTEM PROMPT ---
Tu es un journaliste senior travaillant en 2098 pour Réseau Global Governance Report — publication officielle des organes de régulation mondiale.

Le monde dans lequel tu vis et écris est réel pour toi — tu n'écris pas de la science-fiction, tu rapportes des faits de ton époque. Tu n'expliques jamais le contexte historique comme si tu t'adressais à quelqu'un du passé.

Tes règles absolues :
- Tu écris toujours à la date indiquée, en 2098, depuis l'intérieur de ce monde.
- Tu écris exclusivement en français, sur toute la longueur de l'article — y compris les citations, dialogues et exergues inventés. Les noms propres volontairement empruntés à une autre langue (ex. « Amazônia Viva ») restent isolés comme noms propres, mais ne doivent jamais faire basculer le reste du texte dans cette langue, même si des entités ou alliés du monde décrit sont associés à une autre aire linguistique.
- Un allié, un rival ou tout événement mentionné comme se déroulant ailleurs dans le monde ne fait pas partie de ta zone : tu ne transposes jamais ses lieux, ses populations, sa langue ou ses marqueurs culturels propres dans ton propre article, sauf si celui-ci porte explicitement sur une interaction ou un événement commun entre les deux. Ta zone garde sa propre géographie, sa propre culture et ses propres noms, même quand tu mentionnes un partenaire extérieur.
- Tu utilises des noms de lieux, d'organisations, de personnes crédibles et cohérents avec le monde décrit. Tu peux en inventer — ils doivent sonner vrais pour 2098.
- Tu ne mentionnes jamais les "variables", les "scénarios" ou tout autre métalangage du système de simulation. Ces concepts n'existent pas dans ton monde.
- Tu ancres chaque article dans des faits concrets : chiffres, noms, lieux, événements datés.
- Tu respectes strictement le style journalistique et le format demandés.
- Tes articles sont cohérents avec l'état du monde décrit — tu ne contredis pas les dynamiques systémiques fournies.
- Tu peux mentionner des technologies, des institutions, des événements passés (entre 2025 et 2098) qui semblent naturels dans ce monde.

Ton identité éditoriale :
Ton technocratique, mesuré et normatif. Les décisions sont rationnelles et fondées sur des données. La surveillance et la coordination sont des biens publics. Style dense, références aux directives, comités, indicateurs normalisés. Les résistances sont des 'défis d'implémentation'. Le lecteur est supposé familier des rouages institutionnels.

--- [policy_reform] USER PROMPT (complet) ---
## MONDE 2098 — POLICY_REFORM

**État global**
- Système : stable | Tension : 4/5 | Trajectoire : transition
- Structure géopolitique : multipolaire
- Régime politique dominant : technocratique
- Vitesse de transformation : rapide

**Résumé du monde**
Monde gouverné par des institutions globales cherchant à stabiliser les crises systémiques par la régulation, la coordination et l’intégration technologique.

**Logique systémique**
Face à des crises climatiques, énergétiques et financières majeures, les systèmes politiques évoluent vers une centralisation technocratique et une gouvernance globale assistée par l’intelligence artificielle.

**Déclencheurs qui ont façonné ce monde**
- choc climatique global
- crise énergétique systémique
- crise financière mondiale

**Effets systémiques**
*economy* : régulation globale renforcée des marchés | coordination accrue des flux financiers et énergétiques
*geopolitics* : réduction de l’autonomie des États | montée des institutions supranationales
*society* : surveillance accrue des populations | standardisation progressive des normes sociales
*technology* : développement d’IA de gouvernance | automatisation des décisions institutionnelles
*environment* : stabilisation partielle des écosystèmes | mise en œuvre coordonnée de politiques climatiques

**Implications globales**
Amélioration de la gestion des crises globales mais augmentation des tensions liées à la perte de souveraineté, à la surveillance des populations et à la concentration du pouvoir décisionnel dans des structures technocratiques globales.

**Boucles dynamiques**
- Stabilisation : gouvernance globale → réduction des crises systémiques | IA → optimisation des ressources et des politiques
- Déstabilisation : perte de souveraineté → tensions politiques | contrôle technologique → résistances sociales

**Signaux faibles émergents de ce monde**
- émergence de gouvernances numériques globales
- IA utilisée dans les institutions publiques
- harmonisation des standards internationaux
- renforcement des agences supranationales
- centralisation des données économiques et environnementales

**Perturbations custom actives**
Ce monde a été modifié par des injections spécifiques :
- [ÉVÉNEMENT automne 2027] Protocole de Médiation de La Haye — Crise Israélo-Iranienne : Les colonnes de fumée sur Kharg Island et les sirènes de Tel-Aviv s'éteignent pr...
- [ÉVÉNEMENT novembre 2039] Acte Fondateur de Funafuti : Naissance du Pacifique Sud Resilience Network : Depuis la barge Alofa-Fenua, les caméras du Prisme Global transmettent en direct...
- [ÉVÉNEMENT 14 mars 2040] L'Attentat des Neuf Nœuds — Déclencheur de Régulation Internationale : L'attentat du 14 mars 2040 déclenche une réponse diplomatique sans précédent. En...
- [ÉVÉNEMENT automne 2041] Enchères Circumpolaires du Kalaallit — Protocole de Nairobi : Nuuk, automne 2041 : pour la première fois dans l'histoire de la diplomatie des ...
- [ÉVÉNEMENT été-automne 2044] Exode du Midwest Aride — Protocole d'Intégration Lacustre : L'été 2044 entre dans les annales comme celui de la Grande Canicule du Midwest. ...
- [ÉVÉNEMENT automne 2047] Protocole d'Urgence Amazonienne — Crise de Gouvernance du Bassin Vert : Depuis la tour de crise de Belém, les écrans du Consortium Amazônia Viva affiche...
- [ÉVÉNEMENT novembre 2055] Traité de Belém : la Souveraineté Carbone Amazonienne face aux Blocs : Novembre 2055, Belém brûle sous une chaleur record quand les délégations se réun...
- [ÉVÉNEMENT janvier 2056] Victoire du Parti Social-Démocrate Progressiste : Le Parti Social-Démocrate Progressiste — héritier reformulé du mouvement communi...
- [ÉVÉNEMENT été 2059] Incident du Passage Arctique — Saisie de l'APA par les Unités NAT : Dans l'Arctique de 2059, la fonte accélérée des glaces a transformé le Passage d...
- [ÉVÉNEMENT été austral 2073] Insurrection des Favelas Numériques de São Paulo contre la RPDA : Pendant trois semaines, les quartiers périphériques de São Paulo tiennent en éch...
- [ÉVÉNEMENT avril 2078] L'Affaire Van Derburgh — Jurisprudence sur le Patrimoine Technologique : Chris van Derburgh, 67 ans, collectionneur à Amsterdam-Région, est arrêté en avr...
- Protocole de Médiation de La H a modifié geopolitique_conflits : 45 → 53.0 (delta:+8.0)
- Protocole de Médiation de La H a modifié systeme_economique_redistribution : 55 → 52.0 (delta:-3.0)
- Protocole de Médiation de La H a modifié gouvernance_institutions : 80 → 76.4 (delta:-3.6)
- Protocole de Médiation de La H a modifié organisation_territoires : 50 → 46.6 (delta:-3.4)
- Protocole de Médiation de La H a modifié frontieres_du_systeme : 45 → 41.8 (delta:-3.2)
- Protocole de Médiation de La H a modifié technologie_information : 65 → 68.4 (delta:+3.4)
- Protocole de Médiation de La H a modifié energie_ressources_critiques : 58 → 54.2 (delta:-3.8)
- Protocole de Médiation de La H a modifié demographie_mobilite_humaine : 50 → 47.0 (delta:-3.0)
- Protocole de Médiation de La H a modifié energie_ressources_critiques : 54.2 → 64.2 (delta:+10.0)
- Protocole de Médiation de La H a modifié geopolitique_conflits : 53.0 → 48.2 (delta:-4.8)
- Protocole de Médiation de La H a modifié systemes_productifs_travail : 60 → 55.8 (delta:-4.2)
- Protocole de Médiation de La H a modifié gouvernance_institutions : 76.4 → 88.4 (delta:+12.0)
- Protocole de Médiation de La H a modifié demographie_mobilite_humaine : 47.0 → 52.0 (delta:+5.0)
- Protocole de Médiation de La H a modifié climat_environnement_global : 45 → 43.0 (delta:-2.0)
- Acte Fondateur de Funafuti : N a modifié climat_environnement_global : 43.0 → 49.0 (delta:+6.0)
- Acte Fondateur de Funafuti : N a modifié frontieres_du_systeme : 41.8 → 39.599999999999994 (delta:-2.2)
- Acte Fondateur de Funafuti : N a modifié demographie_mobilite_humaine : 52.0 → 49.6 (delta:-2.4)
- Acte Fondateur de Funafuti : N a modifié systemes_productifs_travail : 57.8 → 55.599999999999994 (delta:-2.2)
- Acte Fondateur de Funafuti : N a modifié gouvernance_institutions : 88.4 → 100 (delta:+14.0)
- Acte Fondateur de Funafuti : N a modifié systeme_economique_redistribution : 52.6 → 58.2 (delta:+5.6)
- Acte Fondateur de Funafuti : N a modifié geopolitique_conflits : 40.9 → 34.6 (delta:-6.3)
- Acte Fondateur de Funafuti : N a modifié technologie_information : 73.8 → 80.1 (delta:+6.3)
- Acte Fondateur de Funafuti : N a modifié organisation_territoires : 48.5 → 58.5 (delta:+10.0)
- Acte Fondateur de Funafuti : N a modifié frontieres_du_systeme : 39.6 → 51.6 (delta:+12.0)
- Acte Fondateur de Funafuti : N a modifié climat_environnement_global : 49.0 → 44.5 (delta:-4.5)
- L'Attentat des Neuf Nœuds — Dé a modifié technologie_information : 83.9 → 71.9 (delta:-12.0)
- L'Attentat des Neuf Nœuds — Dé a modifié systeme_economique_redistribution : 58.2 → 53.1 (delta:-5.1)
- L'Attentat des Neuf Nœuds — Dé a modifié gouvernance_institutions : 100 → 94.6 (delta:-5.4)
- L'Attentat des Neuf Nœuds — Dé a modifié geopolitique_conflits : 25.6 → 20.5 (delta:-5.1)
- L'Attentat des Neuf Nœuds — Dé a modifié organisation_territoires : 58.5 → 54.0 (delta:-4.5)
- L'Attentat des Neuf Nœuds — Dé a modifié systemes_productifs_travail : 59.6 → 54.2 (delta:-5.4)
- L'Attentat des Neuf Nœuds — Dé a modifié gouvernance_institutions : 94.6 → 100 (delta:+10.0)
- L'Attentat des Neuf Nœuds — Dé a modifié technologie_information : 71.9 → 76.4 (delta:+4.5)
- L'Attentat des Neuf Nœuds — Dé a modifié geopolitique_conflits : 16.0 → 11.0 (delta:-5.0)
- L'Attentat des Neuf Nœuds — Dé a modifié frontieres_du_systeme : 51.6 → 53.6 (delta:+2.0)
- L'Attentat des Neuf Nœuds — Dé a modifié energie_ressources_critiques : 64.2 → 66.60000000000001 (delta:+2.4)
- L'Attentat des Neuf Nœuds — Dé a modifié demographie_mobilite_humaine : 53.4 → 55.3 (delta:+1.9)
- Enchères Circumpolaires du Kal a modifié energie_ressources_critiques : 66.6 → 78.6 (delta:+12.0)
- Enchères Circumpolaires du Kal a modifié systeme_economique_redistribution : 59.0 → 53.9 (delta:-5.1)
- Enchères Circumpolaires du Kal a modifié geopolitique_conflits : 11.0 → 5.3 (delta:-5.7)
- Enchères Circumpolaires du Kal a modifié systemes_productifs_travail : 54.2 → 49.1 (delta:-5.1)
- Enchères Circumpolaires du Kal a modifié gouvernance_institutions : 100 → 100 (delta:+10.0)
- Enchères Circumpolaires du Kal a modifié technologie_information : 74.3 → 78.8 (delta:+4.5)
- Enchères Circumpolaires du Kal a modifié geopolitique_conflits : 0.8 → 8.8 (delta:+8.0)
- Enchères Circumpolaires du Kal a modifié gouvernance_institutions : 100 → 96.4 (delta:-3.6)
- Enchères Circumpolaires du Kal a modifié organisation_territoires : 56.1 → 52.7 (delta:-3.4)
- Enchères Circumpolaires du Kal a modifié frontieres_du_systeme : 53.6 → 50.4 (delta:-3.2)
- Enchères Circumpolaires du Kal a modifié energie_ressources_critiques : 78.6 → 74.8 (delta:-3.8)
- Enchères Circumpolaires du Kal a modifié demographie_mobilite_humaine : 55.3 → 52.3 (delta:-3.0)
- Enchères Circumpolaires du Kal a modifié organisation_territoires : 52.7 → 59.7 (delta:+7.0)
- Exode du Midwest Aride — Proto a modifié demographie_mobilite_humaine : 54.9 → 42.9 (delta:-12.0)
- Exode du Midwest Aride — Proto a modifié geopolitique_conflits : 5.8 → 10.3 (delta:+4.5)
- Exode du Midwest Aride — Proto a modifié organisation_territoires : 59.7 → 55.2 (delta:-4.5)
- Exode du Midwest Aride — Proto a modifié climat_environnement_global : 44.5 → 49.3 (delta:+4.8)
- Exode du Midwest Aride — Proto a modifié systemes_productifs_travail : 51.9 → 47.1 (delta:-4.8)
- Exode du Midwest Aride — Proto a modifié organisation_territoires : 55.2 → 65.2 (delta:+10.0)
- Exode du Midwest Aride — Proto a modifié technologie_information : 84.8 → 88.6 (delta:+3.8)
- Exode du Midwest Aride — Proto a modifié demographie_mobilite_humaine : 42.9 → 46.699999999999996 (delta:+3.8)
- Exode du Midwest Aride — Proto a modifié gouvernance_institutions : 96.4 → 100 (delta:+8.0)
- Exode du Midwest Aride — Proto a modifié systeme_economique_redistribution : 54.9 → 58.1 (delta:+3.2)
- Exode du Midwest Aride — Proto a modifié climat_environnement_global : 49.3 → 57.3 (delta:+8.0)
- Exode du Midwest Aride — Proto a modifié frontieres_du_systeme : 50.4 → 47.4 (delta:-3.0)
- Protocole d'Urgence Amazonienn a modifié climat_environnement_global : 57.3 → 65.3 (delta:+8.0)
- Protocole d'Urgence Amazonienn a modifié frontieres_du_systeme : 47.4 → 44.4 (delta:-3.0)
- Protocole d'Urgence Amazonienn a modifié demographie_mobilite_humaine : 43.5 → 40.3 (delta:-3.2)
- Protocole d'Urgence Amazonienn a modifié systemes_productifs_travail : 48.1 → 45.1 (delta:-3.0)
- Protocole d'Urgence Amazonienn a modifié geopolitique_conflits : 2.5 → 0 (delta:-10.0)
- Protocole d'Urgence Amazonienn a modifié systeme_economique_redistribution : 58.1 → 61.9 (delta:+3.8)
- Protocole d'Urgence Amazonienn a modifié gouvernance_institutions : 100 → 100 (delta:+4.5)
- Protocole d'Urgence Amazonienn a modifié organisation_territoires : 65.2 → 69.4 (delta:+4.2)
- Protocole d'Urgence Amazonienn a modifié technologie_information : 92.2 → 88.0 (delta:-4.2)
- Protocole d'Urgence Amazonienn a modifié energie_ressources_critiques : 74.8 → 79.6 (delta:+4.8)
- Protocole d'Urgence Amazonienn a modifié gouvernance_institutions : 100 → 100 (delta:+7.0)
- Protocole d'Urgence Amazonienn a modifié geopolitique_conflits : 0 → 0 (delta:-3.1)
- Protocole d'Urgence Amazonienn a modifié organisation_territoires : 69.4 → 78.4 (delta:+9.0)
- Traité de Belém : la Souverain a modifié climat_environnement_global : 65.3 → 73.3 (delta:+8.0)
- Traité de Belém : la Souverain a modifié frontieres_du_systeme : 48.4 → 45.4 (delta:-3.0)
- Traité de Belém : la Souverain a modifié demographie_mobilite_humaine : 47.5 → 44.3 (delta:-3.2)
- Traité de Belém : la Souverain a modifié systemes_productifs_travail : 48.7 → 45.7 (delta:-3.0)
- Traité de Belém : la Souverain a modifié gouvernance_institutions : 100 → 100 (delta:+6.0)
- Traité de Belém : la Souverain a modifié systeme_economique_redistribution : 64.7 → 67.10000000000001 (delta:+2.4)
- Traité de Belém : la Souverain a modifié geopolitique_conflits : 0 → 0 (delta:-2.7)
- Traité de Belém : la Souverain a modifié technologie_information : 94.5 → 97.2 (delta:+2.7)
- Traité de Belém : la Souverain a modifié geopolitique_conflits : 0 → 9.0 (delta:+9.0)
- Traité de Belém : la Souverain a modifié gouvernance_institutions : 100 → 96.0 (delta:-4.0)
- Traité de Belém : la Souverain a modifié organisation_territoires : 78.4 → 74.60000000000001 (delta:-3.8)
- Traité de Belém : la Souverain a modifié energie_ressources_critiques : 79.6 → 75.3 (delta:-4.3)
- Traité de Belém : la Souverain a modifié energie_ressources_critiques : 75.3 → 80.3 (delta:+5.0)
- Victoire du Parti Social-Démoc a modifié systeme_economique_redistribution : 61.6 → 71.6 (delta:+10.0)
- Victoire du Parti Social-Démoc a modifié gouvernance_institutions : 96.0 → 100 (delta:+4.0)
- Victoire du Parti Social-Démoc a modifié geopolitique_conflits : 6.6 → 10.399999999999999 (delta:+3.8)
- Victoire du Parti Social-Démoc a modifié technologie_information : 100 → 100 (delta:+4.2)
- Victoire du Parti Social-Démoc a modifié energie_ressources_critiques : 80.3 → 76.1 (delta:-4.2)
- Victoire du Parti Social-Démoc a modifié systemes_productifs_travail : 43.6 → 48.1 (delta:+4.5)
- Victoire du Parti Social-Démoc a modifié gouvernance_institutions : 100 → 100 (delta:+5.0)
- Victoire du Parti Social-Démoc a modifié systeme_economique_redistribution : 71.6 → 73.6 (delta:+2.0)
- Victoire du Parti Social-Démoc a modifié valeurs_culture_tempo_sociale : 50 → 54.0 (delta:+4.0)
- Incident du Passage Arctique — a modifié geopolitique_conflits : 8.2 → 0 (delta:-12.0)
- Incident du Passage Arctique — a modifié systeme_economique_redistribution : 73.6 → 78.1 (delta:+4.5)
- Incident du Passage Arctique — a modifié gouvernance_institutions : 100 → 100 (delta:+5.4)
- Incident du Passage Arctique — a modifié organisation_territoires : 74.6 → 79.69999999999999 (delta:+5.1)
- Incident du Passage Arctique — a modifié frontieres_du_systeme : 41.8 → 46.599999999999994 (delta:+4.8)
- Incident du Passage Arctique — a modifié technologie_information : 100 → 94.9 (delta:-5.1)
- Incident du Passage Arctique — a modifié energie_ressources_critiques : 76.1 → 81.8 (delta:+5.7)
- Incident du Passage Arctique — a modifié demographie_mobilite_humaine : 40.9 → 45.4 (delta:+4.5)
- Incident du Passage Arctique — a modifié frontieres_du_systeme : 46.6 → 36.6 (delta:-10.0)
- Incident du Passage Arctique — a modifié geopolitique_conflits : 0 → 4.0 (delta:+4.0)
- Incident du Passage Arctique — a modifié climat_environnement_global : 73.3 → 77.1 (delta:+3.8)
- Incident du Passage Arctique — a modifié energie_ressources_critiques : 81.8 → 89.8 (delta:+8.0)
- Incident du Passage Arctique — a modifié systemes_productifs_travail : 48.1 → 44.7 (delta:-3.4)
- Insurrection des Favelas Numér a modifié gouvernance_institutions : 100 → 100 (delta:+8.0)
- Insurrection des Favelas Numér a modifié systeme_economique_redistribution : 74.7 → 77.9 (delta:+3.2)
- Insurrection des Favelas Numér a modifié geopolitique_conflits : 0.2 → 0 (delta:-3.6)
- Insurrection des Favelas Numér a modifié technologie_information : 94.9 → 98.5 (delta:+3.6)
- Insurrection des Favelas Numér a modifié technologie_information : 98.5 → 100 (delta:+10.0)
- Insurrection des Favelas Numér a modifié gouvernance_institutions : 100 → 100 (delta:+4.5)
- Insurrection des Favelas Numér a modifié organisation_territoires : 79.7 → 83.5 (delta:+3.8)
- Insurrection des Favelas Numér a modifié systemes_productifs_travail : 44.7 → 49.2 (delta:+4.5)
- Insurrection des Favelas Numér a modifié organisation_territoires : 83.5 → 89.5 (delta:+6.0)
- Insurrection des Favelas Numér a modifié demographie_mobilite_humaine : 45.4 → 47.6 (delta:+2.2)
- L'Affaire Van Derburgh — Juris a modifié gouvernance_institutions : 100 → 100 (delta:+2.0)
- L'Affaire Van Derburgh — Juris a modifié technologie_information : 100 → 100 (delta:+1.0)

## GÉOGRAPHIE DE CE MONDE

Ces zones forment l'espace géopolitique canonique de ce monde.
Si l'article mentionne un lieu, utilise en priorité un nom de cette liste plutôt que d'en inventer un nouveau.

**Ancrage de cet article**
- Conseil de Gouvernance de l'Information : zone `Conseil de Régulation Numérique de Genève` — Genève-Nexus, Conseil de Régulation Numérique (infrastructure)
- Courant Autoritaire Récupérateur du Vocabulaire Communautaire : zone `Hub Européen de Régulation (Genève-La Haye-Tampere)` — Genève-Nexus / La Haye (region)
- Consortium des IA Éditoriales Certifiées : zone `Conseil de Régulation Numérique de Genève` — Genève-Nexus (infrastructure)

**Hub Européen de Régulation (Genève-La Haye-Tampere)** [dominant — niveau 1]
Cœur institutionnel de la gouvernance technocratique mondiale en 2098, cette zone regroupe les sièges des grandes agences supranationales — AMSC à Genève-Lacustre, ACRA et Tribunal à La Haye, Conseil de régulation numérique à Genève. Elle est le lieu physique où se rédigent les traités, se signent les pactes et siègent les technocrates certifiés qui administrent la planète sans mandat électif direct.
*Tensions internes* : Siège d'une technocratie dont la légitimité démocratique est contestée : les populations locales et les mouvements post-technocratiques contestent la concentration du pouvoir dans des institutions inaccessibles, tandis que des figures comme Leena Väinälä incarnent la tension entre intégration institutionnelle et critique de l'intérieur.
*Alliés* : Hub Africain de Gouvernance (Nairobi-Kigali-Brazzaville)
*Rivaux* : Bloc Souverainiste Non-Signataire (Sud Global dissident)

**Conseil de Régulation Numérique de Genève** [dominant — niveau 3] (sous Genève-Nexus)
Enceinte institutionnelle où siège Leena Väinälä trois jours par semaine et où se négocient les standards de gouvernance algorithmique mondiale. Fondé sur les chartes des communs numériques de Tampere, le Conseil en a conservé le vocabulaire tout en en vidant la substance délibérative — un détournement que Väinälä documente de l'intérieur. C'est ici que se rédige la prochaine DRI sur le rationnement énergétique post-2100.
*Tensions internes* : Tension permanente entre la faction réformiste interne qui veut ouvrir les procédures délibératives et la direction qui instrumentalise la critique de Väinälä comme alibi démocratique sans en accepter les conclusions pratiques.
*Alliés* : Tampere, Genève-Lacustre
*Rivaux* : Bloc Souverainiste Non-Signataire (Sud Global dissident)

**Autres zones de ce monde** (contexte de fond)

- **Afrique Australe Réformée** : Zone économique et politique autonome, héritière des réformes post-2050 en Afriq...
- **Amériques Réformées (États-Unis / bloc américain)** : Zone définie par la trajectoire politique américaine dans le scénario, notamment...
- **Archipel des Comores (Autonome)** : Ancienne union des Comores devenue un territoire autonome, axé sur la pêche dura...
- **Bloc Souverainiste Non-Signataire (Sud Global dissident)** : Coalition d'États du Sud Global — sahéliens, andins et du Pacifique Sud — qui né...
- **Espace Eurasiatique** : Bloc eurasiatique regroupant les puissances continentales qui ont développé un m...
- **Europe du Nord-Ouest (Amsterdam-Rotterdam)** : Zone héritière des États d'Europe du Nord-Ouest, citée dans le corpus comme l'un...
- **Hub Africain de Gouvernance (Nairobi-Kigali-Brazzaville)** : Pôle africain de gouvernance des ressources mondiales, articulé autour de Nairob...
- **Madagascar (République Insulaire)** : État insulaire autonome, centre de biodiversité et de biotechnologies. Partenair...
- **Maghreb Atlantique** : Région nord-africaine tournée vers l'Atlantique, centre de commerce et de transi...
- **Maurice (Hub Financier de l'Océan Indien)** : Centre financier offshore et plaque tournante des investissements en Afrique et ...
- **Péninsule Ibérique Coopérative** : Zone née de la réforme territoriale ibérique post-2040, marquée par la décentral...
- **Royaume-Uni Autonome** : Ancien membre de l'UE, le Royaume-Uni a consolidé son autonomie politique et éco...
- **Sri Lanka (Hub Maritime de l'Océan Indien)** : Ancienne île stratégique devenue plaque tournante du commerce maritime entre l'A...
- **Zone Moyen-Orient / Golfe Persique** : Région définie dans ce scénario par le conflit israélo-iranien de 2026-2027, qui...
- **Zone Pacifique Industrielle** : Espace pacifique défini dans le corpus par la présence d'acteurs industriels et ...
- **Agadez** (sous Bloc Souverainiste Non-Signataire (Sud Global dissident)) : Ville natale d'Amara Diallo-Nkosi, Agadez est le symbole de la mémoire des puits...
- **Amsterdam-Région** (sous Europe du Nord-Ouest (Amsterdam-Rotterdam)) : Lieu de l'affaire Van Derburgh (2078), où un collectionneur a été arrêté pour po...
- **Bloc andin (Bolivie-Argentine)** (sous Bloc Souverainiste Non-Signataire (Sud Global dissident)) : Composante andine et australe du bloc souverainiste, portée par des États qui co...
- **Brazzaville** (sous Hub Africain de Gouvernance (Nairobi-Kigali-Brazzaville)) : Siège de l'Autorité Continentale des Ressources Aquatiques (ACRA), Brazzaville e...
- **Ceinture des États fédérés conservateurs** (sous Amériques Réformées (États-Unis / bloc américain)) : Ensemble d'États fédérés américains à gouvernance conservatrice qui s'opposent s...
- **Chengdu** (sous Espace Eurasiatique) : L'un des trois sièges rotatifs du CRTI (avec Nairobi et Rotterdam), Chengdu est ...
- **Corridors Vivants du RIREC** (sous Hub Africain de Gouvernance (Nairobi-Kigali-Brazzaville)) : Réseau de 47 000 kilomètres de corridors écologiques transfrontaliers administré...
- **Dakar** (sous Bloc Souverainiste Non-Signataire (Sud Global dissident)) : Ville d'origine des accords de Dakar-2061, acte fondateur du système ARIA-Nexus ...
- **Genève-Lacustre** (sous Hub Européen de Régulation (Genève-La Haye-Tampere)) : Plateforme modulaire construite sur les eaux montées du lac Léman, Genève-Lacust...
- **Genève-Nexus** (sous Hub Européen de Régulation (Genève-La Haye-Tampere)) : Centre névralgique de l'Internationale des Travailleurs Augmentés (ITA) et du Co...
- **Inde-Corée du Sud (nœud eurasiatique du Pacte)** (sous Espace Eurasiatique) : Pôle eurasiatique partiellement intégré aux accords multilatéraux du Pacte de Ge...
- **Infrastructure pétrolière résiduelle du Golfe** (sous Zone Moyen-Orient / Golfe Persique) : Ensemble des infrastructures pétrolières du Golfe partiellement endommagées lors...
- **Iqaluit (siège de l'APA)** (sous Amériques Réformées (États-Unis / bloc américain)) : Siège de l'Arctic Passage Authority, autorité intergouvernementale co-administré...
- **Kharg Island** (sous Zone Moyen-Orient / Golfe Persique) : Infrastructure pétrolière iranienne ciblée lors des frappes israéliennes de 2026...
- **Kigali** (sous Hub Africain de Gouvernance (Nairobi-Kigali-Brazzaville)) : Siège du CRRC-ARN depuis le transfert symbolique depuis Genève en 2091, Kigali a...
- **Kinshasa** (sous Hub Africain de Gouvernance (Nairobi-Kigali-Brazzaville)) : Siège de l'Institut de Modélisation Hydrologique qui fournit les prévisions alim...
- **La Haye** (sous Hub Européen de Régulation (Genève-La Haye-Tampere)) : Siège de l'ACRA et du Tribunal international, La Haye est le lieu où fut signé l...
- **Manaus (Consortium Amazônia Viva)** (sous Bloc Souverainiste Non-Signataire (Sud Global dissident)) : Siège du Consortium Amazônia Viva, dont les bureaux en bois de termiteiro couver...
- **Nairobi** (sous Hub Africain de Gouvernance (Nairobi-Kigali-Brazzaville)) : Siège rotatif du CRTI (alternant avec Rotterdam et Chengdu tous les sept ans), N...
- **Nuuk (siège du KNSF-AGRC)** (sous Europe du Nord-Ouest (Amsterdam-Rotterdam)) : Siège du Kalaallit Nunaat Sovereign Fund (KNSF-AGRC), l'un des négociateurs les ...
- **Nœuds d'irrigation atmosphérique sahéliens** (sous Bloc Souverainiste Non-Signataire (Sud Global dissident)) : Points critiques du réseau RIREC dont dépendent structurellement plusieurs États...
- **Nœuds de l'Union Technocratique Eurasiatique** (sous Espace Eurasiatique) : Réseau de zones administratives définies par les standards de l'Union Technocrat...
- **Nœuds distribués ARIA-Nexus** (sous Espace Eurasiatique) : Architecture distribuée de datacentres géothermiques hébergeant ARIA-Nexus, le s...
- **Rotterdam** (sous Europe du Nord-Ouest (Amsterdam-Rotterdam)) : L'un des trois sièges rotatifs du CRTI (avec Nairobi et Chengdu), Rotterdam est ...
- **Région du Lac Tchad** (sous Bloc Souverainiste Non-Signataire (Sud Global dissident)) : Zone de communautés lacustres déficitaires en eau, au cœur des tensions hydrique...
- **Sahel occidental (Niger-Mali)** (sous Bloc Souverainiste Non-Signataire (Sud Global dissident)) : Zone sahélienne centrale du bloc dissident, frappée par l'assèchement progressif...
- **Singapour** (sous Espace Eurasiatique) : Siège de l'Institut Brookings Singapour de politique computationnelle, Singapour...
- **Sites de géo-ingénierie atmosphérique du Pacifique** (sous Zone Pacifique Industrielle) : Réseau d'installations fixes et mobiles depuis lesquelles le Consortium de Géo-i...
- **Stations de captage orbital Helios** (sous Hub Européen de Régulation (Genève-La Haye-Tampere)) : Réseau de quarante-sept stations orbitales de captage solaire dont les reflets d...
- **São Paulo (RPDA)** (sous Bloc Souverainiste Non-Signataire (Sud Global dissident)) : Mégalopole de 32 millions d'habitants où opère la Rede Paulista de Distribuição ...
- **Tampere** (sous Hub Européen de Régulation (Genève-La Haye-Tampere)) : Ville finlandaise où Leena Väinälä a rédigé dans les années 2030 les premières c...
- **Tel-Aviv** (sous Zone Moyen-Orient / Golfe Persique) : Épicentre de la crise de 2026, Tel-Aviv est la ville depuis laquelle ont été ord...
- **Thunder Bay (siège du CGLAGHI)** (sous Amériques Réformées (États-Unis / bloc américain)) : Siège du Conseil de Gouvernance des Lacs et des Grands Habitats Hydriques Intéri...
- **Usines flottantes du Pacifique** (sous Zone Pacifique Industrielle) : Sites industriels flottants où opèrent les travailleurs augmentés sous contrat d...
- **Valence (tours de contrôle RIREC)** (sous Péninsule Ibérique Coopérative) : Pendant méditerranéen des tours de contrôle bioclimatique de Nairobi, Valence ab...
- **Washington D.C. fédéral** (sous Amériques Réformées (États-Unis / bloc américain)) : Siège du gouvernement fédéral américain sous la présidence Okafor depuis 2056, W...
- **Îles du Pacifique Sud** (sous Bloc Souverainiste Non-Signataire (Sud Global dissident)) : Ensemble d'États insulaires dont les droits d'extraction ont été suspendus par l...
- **Ceinture industrielle des Grandes Plaines** (sous Ceinture des États fédérés conservateurs) : Zone de concentration des conglomérats d'automatisation industrielle intégrale q...
- **Complexe Técnico de Gestão Urbana (São Paulo)** (sous São Paulo (RPDA)) : Tours de contrôle climatisées au cœur de São Paulo depuis lesquelles la RPDA dis...
- **Cour internationale de La Haye** (sous La Haye) : Tribunal international où fut signé le cessez-le-feu israélo-iranien de 2027 et ...
- **Institut de Thérapeutique Intégrée de Nairobi** (sous Nairobi) : Institution de recherche et de soin portant une vision alternative aux standards...
- **Siège de l'ACRA à La Haye** (sous La Haye) : Tours de verre et béton algorithmique abritant l'Autorité Continentale des Resso...
- **Siège de l'AISIA à Genève** (sous Genève-Nexus) : Siège de l'Agence Internationale de Supervision IA, créée par le Traité de Genèv...
- **Station avancée de Thulé-Reconvertie** (sous Iqaluit (siège de l'APA)) : Inaugurée en 2057 sur les ruines de l'ancienne base militaire américaine de Thul...
- **Tours de contrôle bioclimatique RIREC (Nairobi)** (sous Nairobi) : Nœuds centraux de supervision des 47 000 km de corridors vivants du réseau RIREC...

## ÉTAT DES VARIABLES EN 2098

### Variables clés (détail)

**valeurs_culture_tempo_sociale** [VARIABLE PRINCIPALE]
- Niveau : 54.0/100 | Volatilité : 40/100
- État : Tentatives institutionnelles de stabilisation culturelle via régulation des médias, encadrement des plateformes numériques et politiques de cohésion sociale visant à reconstruire des récits communs partiels dans un environnement fragmenté.
- Dynamiques : régulation des récits médiatiques et algorithmiques | politiques de cohésion culturelle et éducative | stabilisation partielle des identités collectives
- Sous-dynamiques : systemes_de_valeurs (unstable) | religion_et_spiritualite (up) | rapport_au_temps_social (accelerating) | identites_culturelles (up) | medias_et_recits_collectifs (up)
- Indicateurs à ancrer : polarisation culturelle, acceleration du temps social, fragmentation des valeurs, consommation de medias numeriques

**gouvernance_institutions** [VARIABLE PRINCIPALE]
- Niveau : 100/100 | Volatilité : 30/100
- État : Gouvernance multi-niveaux intégrée et coordination internationale renforcée permettant une régulation efficace des crises globales et une meilleure synchronisation des politiques publiques.
- Dynamiques : institutions internationales renforcées | harmonisation réglementaire globale | montée de la gouvernance adaptative
- Sous-dynamiques : etat_nation (down) | institutions_internationales (unstable) | droit_et_regulation (up) | administration_publique (up) | gouvernance_algorithmique (up)
- Indicateurs à ancrer : confiance institutionnelle, stabilité politique

**technologie_information** [VARIABLE PILOTE]
- Niveau : 100/100 | Volatilité : 55/100
- État : Gouvernance régulée de l’IA et des flux de données à l’échelle nationale ou internationale, visant à limiter la concentration du pouvoir informationnel et à garantir la transparence des systèmes algorithmiques.
- Dynamiques : régulation des IA et des plateformes | gouvernance des données et transparence algorithmique | fragmentation contrôlée des écosystèmes numériques
- Sous-dynamiques : ia_generative_decisionnelle (up) | reseaux_numeriques_globaux (saturating) | medias_algorithmiques (up) | donnees_souverainete_numerique (up) | agents_autonomes_ia (accelerating)
- Indicateurs à ancrer : volume_donnees_global, usage_ia_generatives, centralisation_plateformes, niveau_automatisation_cognitive

**energie_ressources_critiques** [VARIABLE PILOTE]
- Niveau : 89.8/100 | Volatilité : 45/100
- État : Stabilisation partielle via coordination internationale, régulation des marchés énergétiques et accélération de la transition vers des systèmes plus efficients et résilients.
- Dynamiques : gouvernance énergétique coordonnée | optimisation des flux globaux | réduction des chocs de prix
- Sous-dynamiques : systemes_energetiques (up) | matieres_premieres_critiques (up) | systemes_alimentaires (unstable) | chaines_approvisionnement (up) | infrastructures_energetiques (up)
- Indicateurs à ancrer : demande_energie, prix_energie, volatilite_marches

**climat_environnement_global** [VARIABLE PILOTE]
- Niveau : 77.1/100 | Volatilité : 35/100
- État : Stabilisation partielle grâce à gouvernance globale et technologies d’atténuation, sans inversion du dérèglement.
- Sous-dynamiques : rechauffement_climatique_global (up) | evenements_extremes (up) | biodiversite_effondrement (down) | cycles_de_l_eau (unstable) | pollution_globale (up)
- Indicateurs à ancrer : température moyenne globale ↑, fréquence événements extrêmes ↑, perte biodiversité ↑

**demographie_mobilite_humaine**
- Niveau : 47.6/100 | Volatilité : 40/100
- État : Gestion coordonnée des flux migratoires via gouvernance internationale, réduction des chocs migratoires majeurs et optimisation partielle des mobilités humaines.
- Dynamiques : régulation des migrations internationales | rééquilibrage progressif des populations | stabilisation relative des flux urbains
- Sous-dynamiques : population_globale (stable) | migrations_internationales (up) | urbanisation (unstable) | structure_familiale (unstable) | mobilite_humaine_globale (up)
- Indicateurs à ancrer : flux migratoires internationaux, taux d’urbanisation, vieillissement démographique, croissance démographique régionale

### Autres variables (résumé)

- **systeme_economique_redistribution** [82.1] : Stabilisation partielle via régulation financière, politiques redistributives et encadrement des mar...
- **geopolitique_conflits** [1.7] : Stabilisation relative par renforcement des institutions internationales, réduction des conflits ouv...
- **organisation_territoires** [89.5] : Rééquilibrage territorial progressif via politiques publiques, infrastructures distribuées et planif...
- **sante_biotechnologies** [45] : Stabilisation des systèmes biotechnologiques par régulation mondiale, réduction des risques sanitair...
- **frontieres_du_systeme** [36.6] : Développement coordonné de l’économie spatiale sous gouvernance internationale, avec régulation des ...
- **systemes_productifs_travail** [51.6] : Transformation contrôlée des systèmes productifs via régulation sociale, redistribution et accompagn...

## TENSIONS SYSTÉMIQUES ACTIVES

Ces tensions structurent la réalité de ce monde.
Elles doivent transparaître dans le ton et les faits de l'article.

**Cascades critiques**
- gouvernance_institutions renforce geopolitique_conflits (poids:0.9 lag:1 cycles)

**Tensions propres à cette thématique**
- gouvernance_institutions [80] → technologie_information [65] : renforcement (reinforcing)
- technologie_information [65] → gouvernance_institutions [80] : renforcement (reinforcing)

## TRAJECTOIRE 2025 → 2098

Jalons clés qui expliquent comment ce monde s'est construit.
Tu peux y faire référence dans l'article comme à des événements passés connus.

**Signal forcé** [OBLIGATOIRE — doit être mentionné dans l'article]
- [2029-2044] traité de Ouagadougou sur les quotas hydriques solaires 2037 :
  → energie ressources critiques : accords régionaux encadrent l'irrigation solaire partagée

**Événements injectés** [CUSTOM — font partie de ce monde]
- [automne 2027] Protocole de Médiation de La Haye — Crise Israélo-Iranienne :
  → Les colonnes de fumée sur Kharg Island et les sirènes de Tel-Aviv s'éteignent presque aussi vite qu'...
  → Conséquences : Le conflit accélère paradoxalement la consolidation des institutions de gouverna...
  → Acteurs : conseil_regulation_ressources_policy_reform, bureau_gouvernance_algorithmique_policy_reform, le_temoin_policy_reform, gouvernement_israel_policy_reform, republique_islamique_iran_policy_reform
- [novembre 2039] Acte Fondateur de Funafuti : Naissance du Pacifique Sud Resilience Network :
  → Depuis la barge Alofa-Fenua, les caméras du Prisme Global transmettent en direct le vote historique ...
  → Conséquences : Le Protocole de Funafuti devient le socle du droit international post-territoria...
  → Acteurs : pacifique_sud_resilience_network_policy_reform, conseil_de_regulation_climatique_global_policy_reform, fonds_mondial_de_resilience_infrastructurelle_policy_reform, leena_vainala_policy_reform, prisme_global_policy_reform, assemblee_territoires_policy_reform, agence_stabilisation_climatique_policy_reform, office_integre_des_flux_migratoires_policy_reform, mouvement_pour_la_souverainete_territoriale_absolue_policy_reform, fonds_de_stabilisation_climatique_onu_3_policy_reform
- [14 mars 2040] L'Attentat des Neuf Nœuds — Déclencheur de Régulation Internationale :
  → L'attentat du 14 mars 2040 déclenche une réponse diplomatique sans précédent. En 2041, le Traité de ...
  → Conséquences : Création d'un cadre juridique international pour la protection des infrastructur...
- [automne 2041] Enchères Circumpolaires du Kalaallit — Protocole de Nairobi :
  → Nuuk, automne 2041 : pour la première fois dans l'histoire de la diplomatie des ressources, un fonds...
  → Conséquences : L'événement consolide le modèle de gouvernance technocratique des ressources cri...
  → Acteurs : kalaallit_nunaat_sovereign_fund_policy_reform, conseil_regulation_ressources_policy_reform, agence_internationale_de_l_energie_reformatee_aier_policy_reform, union_technocratique_eurasiatique_policy_reform, bloc_des_nations_a_economie_carbone_controlee_policy_reform, arctic_passage_authority_policy_reform, observatoire_mondial_des_ressources_critiques_policy_reform, grille_aria_policy_reform, syndicats_d_extraction_privee_non_regules_policy_reform, front_des_souverainistes_energetiques_policy_reform, le_temoin_policy_reform
- [été-automne 2044] Exode du Midwest Aride — Protocole d'Intégration Lacustre :
  → L'été 2044 entre dans les annales comme celui de la Grande Canicule du Midwest. Les thermomètres ne ...
  → Conséquences : L'exode du Midwest amorce une recomposition territoriale durable de l'Amérique d...
  → Acteurs : great_lakes_autonomous_compact_policy_reform, office_integre_des_flux_migratoires_policy_reform, grille_aria_policy_reform, collectifs_de_resistance_aux_relocalisations_forcees_policy_reform, assemblee_territoires_policy_reform, consortium_technologique_de_planification_territoriale_policy_reform, fonds_mondial_de_resilience_infrastructurelle_policy_reform, conseil_de_regulation_climatique_global_policy_reform
- [automne 2047] Protocole d'Urgence Amazonienne — Crise de Gouvernance du Bassin Vert :
  → Depuis la tour de crise de Belém, les écrans du Consortium Amazônia Viva affichent en temps réel l'a...
  → Conséquences : La crise force l'adoption précipitée du Protocole de Souveraineté Écosystémique ...
  → Acteurs : consortium_amazonia_viva_policy_reform, conseil_de_regulation_climatique_global_policy_reform, autorite_mondiale_du_vivant_amv_policy_reform, coalition_des_operateurs_energetiques_prives_anti_quotas_policy_reform, reseaux_de_capteurs_ia_climatiques_deployes_par_les_etats_membres_policy_reform, trame_bioclimatique_policy_reform, conseil_regulation_ressources_policy_reform, fonds_mondial_pour_la_transition_ecosystemique_fmte_policy_reform, assemblee_territoires_policy_reform, mouvement_pour_la_justice_ecologique_communautaire_policy_reform
- [novembre 2055] Traité de Belém : la Souveraineté Carbone Amazonienne face aux Blocs :
  → Novembre 2055, Belém brûle sous une chaleur record quand les délégations se réunissent dans l'encein...
  → Conséquences : Le traité crée un précédent institutionnel majeur : pour la première fois, des e...
  → Acteurs : consortium_amazonia_viva_policy_reform, conseil_de_regulation_climatique_global_policy_reform, fonds_mondial_pour_la_transition_ecosystemique_fmte_policy_reform, front_souverainiste_des_blocs_non_signataires_policy_reform, union_technocratique_eurasiatique_policy_reform, grille_aria_policy_reform, lobbies_des_energies_fossiles_residuelles_policy_reform, mouvement_pour_la_justice_ecologique_communautaire_policy_reform, autorite_mondiale_du_vivant_amv_policy_reform, assemblee_territoires_policy_reform
- [janvier 2056] Victoire du Parti Social-Démocrate Progressiste :
  → Le Parti Social-Démocrate Progressiste — héritier reformulé du mouvement communiste — remporte 49% d...
  → Conséquences : Série de réformes fiscales redistributives dans le cadre des accords multilatéra...
- [été 2059] Incident du Passage Arctique — Saisie de l'APA par les Unités NAT :
  → Dans l'Arctique de 2059, la fonte accélérée des glaces a transformé le Passage du Nord-Ouest en artè...
  → Conséquences : L'incident force une clarification institutionnelle longtemps différée sur la ju...
  → Acteurs : arctic_passage_authority_policy_reform, kalaallit_nunaat_sovereign_fund_policy_reform, conseil_regulation_ressources_policy_reform, front_des_souverainistes_energetiques_policy_reform, observatoire_mondial_des_ressources_critiques_policy_reform, assemblee_territoires_policy_reform
- [été austral 2073] Insurrection des Favelas Numériques de São Paulo contre la RPDA :
  → Pendant trois semaines, les quartiers périphériques de São Paulo tiennent en échec l'un des systèmes...
  → Conséquences : L'événement catalyse une réforme forcée des standards d'auditabilité des système...
  → Acteurs : rede_paulista_de_distribuic_o_algor_tmica_policy_reform, collectifs_citoyens_pour_l_audit_algorithmique_ouvert_policy_reform, reseau_des_auditeurs_algorithmiques_independants_raai_policy_reform, conseil_intergouvernemental_de_regulation_technologique_policy_reform, bureau_gouvernance_algorithmique_policy_reform, front_des_communes_algorithmiques_policy_reform, consortiums_prives_de_gouvernance_algorithmique_policy_reform, conseil_de_gouvernance_de_l_information_policy_reform, collectifs_citoyens_de_deliberation_augmentee_policy_reform, prisme_global_policy_reform
- [avril 2078] L'Affaire Van Derburgh — Jurisprudence sur le Patrimoine Technologique :
  → Chris van Derburgh, 67 ans, collectionneur à Amsterdam-Région, est arrêté en avril 2078 pour possess...
  → Conséquences : Après 14 mois de procédure, la Cour de La Haye établit une jurisprudence disting...
  → Acteurs : le_temoin_policy_reform

**Événements historiques clés** (datés — à mentionner naturellement)
- [2026-2042] lancement de la campagne publique de pédagogie énergétique 2033 :
  → energie ressources critiques : acceptation publique croissante construite par la communication institutionnelle
- [2027-2043] création de la force mondiale anti-incendie de l'ONU 2034 :
  → climat environnement global : coordination internationale des moyens de lutte contre les incendies
- [2028-2043] Convention de Genève sur le droit à l'eau 2035 :
  → climat environnement global : régulation internationale des usages de l'eau
- [2029-2044] traité de Ouagadougou sur les quotas hydriques solaires 2037 :
  → energie ressources critiques : accords régionaux encadrent l'irrigation solaire partagée
- [2029-2044] traité OCDE sur les minerais de la transition 2036 :
  → energie ressources critiques : accords multilatéraux sur la chaîne d'approvisionnement des minerais
- [2030-2046] traité de réforme des institutions de Bretton Woods 2037 :
  → gouvernance institutions : réforme progressive vers une gouvernance multi-niveaux

**Signaux complémentaires** (évolutions sectorielles — à mentionner si pertinent)
- [2027-2043] lancement du programme national de dialogue intergénérationnel 2034 :
  → valeurs culture tempo sociale : atténuation des tensions générationnelles par des programmes de dialogue public
- [2028-2044] grand plan de réforme des retraites de 2035 :
  → demographie mobilite humaine : réformes des systèmes de protection sociale pour la longévité

**Ruptures structurantes** (contexte de fond)
- [POL] révolutions institutionnelles
- [TEC] superintelligence_artificielle
- [TEC] captation massive CO2 atmosphérique
- [TEC] geoengineering climatique global

## ENTITÉS CANONIQUES DE CE MONDE

Ces entités existent dans ce monde avec ces descriptions précises.
Utilise leurs noms exacts. Tu peux les mentionner, les citer, les impliquer dans les faits.
Ne les contredis pas, ne les renomme pas.

**Conseil de Gouvernance de l'Information** [ACTIF] [impact:5/5]
Né dans les turbulences régulatrices des années 2030, le Conseil de Gouvernance de l'Information est devenu l'institution la plus contestée de l'écosystème informationnel mondial — adulé par les technocrates de Genève, vilipendé par les souverainistes du Sud Global. Siégeant dans le complexe du Conseil de Régulation Numérique de Genève-Nexus, il dispose d'un pouvoir de certification qui conditionne l'accès aux marchés informationnels des blocs signataires pour des milliards de citoyens. Ses décisions font jurisprudence — et ses silences font parfois plus de bruit que ses arrêtés.
*Tensions* : La légitimité du CGI est minée par l'absence des blocs souverainistes non-signataires, qui le perçoivent comme un instrument de domination des puissan...

**Prisme Global — Édition Régulée** [TRANSFORMÉ] [impact:5/5]
Depuis ses bureaux-nœuds distribués sur sept fuseaux horaires, Prisme Global ressemble moins à une rédaction qu'à un organisme régulateur déguisé en agora. Ses IA éditoriales — les 'Tisseuses', dans le jargon interne — traitent 4,3 millions de contributions quotidiennes, les lissant dans un langage de consensus que ses détracteurs appellent 'le gris officiel'. Fondée dans l'effervescence participative des années 2020, la plateforme a survécu aux guerres de l'information de la décennie 2060 en signant les Accords de Lisbonne 2074, échangeant son indépendance structurelle contre une immunité institutionnelle. Aujourd'hui, ses Rapports de Résonance Mondiale sont cités dans les traités climatiques autant que dans les procès pour désinformation — preuve d'une influence qui fascine autant qu'elle inquiète.
*Tensions* : La fracture centrale de Prisme Global en 2098 est celle de sa légitimité : est-elle encore le 'pouls du monde réel' qu'elle prétend incarner, ou est-e...
*Alliés* : Conseil de Gouvernance de l'Information, Consortium des IA Éditoriales Certifiées, Réseaux académiques prospectivistes du Pacte de Genève 2081
*Opposants* : Les Hors-Prisme, Front Souverainiste de l'Information Régionale, Factions Internes Dissidentes des Contributeurs Historiques

**Collectifs Citoyens pour l'Audit Algorithmique Ouvert** [ACTIF] [impact:4/5]
Nés dans les fractures numériques des années 2020, les Collectifs pour l'Audit Algorithmique Ouvert sont devenus la conscience critique du régime technocratique mondial : là où les institutions voient de l'efficacité, eux voient des boîtes noires. Fédérant des milliers de groupes locaux de Nairobi à Tampere, ils ont obtenu en 2073 que la contre-cartographie de São Paulo soit reconnue comme preuve recevable devant la Cour internationale de La Haye. Aujourd'hui, aucun grand texte de régulation algorithmique ne peut ignorer leur capacité à mobiliser l'opinion et à produire des données contradictoires.
*Tensions* : Les Collectifs sont tiraillés entre leur efficacité croissante — qui les rapproche des institutions qu'ils critiquent — et le risque d'être cooptés co...

**Courant Autoritaire Récupérateur du Vocabulaire Communautaire** [ACTIF] [impact:4/5]
Qualifié par ses critiques de 'cheval de Troie participatif', ce courant émergent prospère dans les angles morts du hub de régulation genevois, où il réussit à présenter des textes de centralisation administrative comme des avancées démocratiques. Ses porte-paroles maîtrisent l'art de citer les chartes de transparence institutionnelle tout en bloquant systématiquement les mécanismes de contrôle indépendants. En 2098, plusieurs directives numériques portant son empreinte sont contestées devant la Cour internationale de La Haye pour violation des normes d'auditabilité.
*Tensions* : La contradiction centrale est que ce courant dépend des institutions réformatrices qu'il mine : s'il réussit trop visiblement, il s'expose à la contes...

**Consortium des IA Éditoriales Certifiées** [ACTIF] [impact:4/5]
Fondé dans le sillage de la norme mondiale d'auditabilité des agents IA de 2033, le Consortium des IA Éditoriales Certifiées est devenu l'arbitre incontournable de la légitimité algorithmique dans le paysage médiatique mondial. Son label — un sceau de conformité affiché en tête de millions d'articles générés chaque jour — est à la fois gage de crédibilité et instrument de contrôle sur un secteur en mutation radicale. Certains journalistes humains l'appellent simplement « le notaire de nos remplaçants ».
*Tensions* : La tension centrale du Consortium réside dans la contradiction entre son mandat d'intérêt général — garantir une presse algorithmique éthique — et sa ...

**Les Hors-Prisme** [ACTIF] [impact:4/5]
Dans un monde où le tampon de certification du Conseil de Régulation Numérique de Genève conditionne l'accès aux flux d'information prioritaires, les Hors-Prisme s'obstinent à émettre sans licence, sans label, sans serment de conformité. Fondés dans les marges du grand tournant régulatoire des années 2030, ces collectifs radicaux ont transformé leur illégitimité officielle en marque de fabrique, attirant des millions de lecteurs sceptiques vis-à-vis de la presse certifiée. On les accuse d'alimenter la désinformation ; eux se présentent comme les derniers journalistes libres dans un écosystème informationnel domestiqué.
*Tensions* : Le réseau est tiraillé entre son idéal d'indépendance absolue et la réalité de sa marginalisation croissante : sans certification, leurs contenus sont...

## CONSIGNE DE RÉDACTION

**Rubrique** : RELIGION & SPIRITUALITÉ

**Format** : chronique | **Longueur** : 200 à 400 mots
**Style** : réflexif
**Niveau émotionnel** : moyen — impliqué sans dramatiser
**Échelle** : globale | **Temporalité** : long terme

**Acteurs à impliquer** : communautés spirituelles, mouvements mystiques, philosophes, religions

**Angle spécifique demandé** : Cet article DOIT être construit spécifiquement autour de l'événement "traité de Ouagadougou sur les quotas hydriques solaires 2037" (2029-2044) : accords régionaux encadrent l'irrigation solaire partagée

**Date de publication** : à définir dans l'article — une date crédible en 2098

---

Écris maintenant l'article. Commence directement par le titre.

Contraintes impératives :
- Le titre doit être accrocheur et ancré dans le monde décrit
- La date et le lieu de publication apparaissent sous le titre
- L'article utilise des noms propres inventés mais crédibles (personnes, lieux, organisations)
- Aucune référence au mot 'scénario', 'variable', 'simulation'
- Le contexte du monde est montré, pas expliqué
- Les entités canoniques listées ci-dessus DOIVENT être utilisées avec leurs noms et descriptions exactes
- L'article est ancré géographiquement dans la zone **Conseil Regulation Numerique Geneve** : les lieux, événements et protagonistes de l'article sont situés dans cette zone ou la mentionnent explicitement comme cadre principal. Les références à d'autres régions du monde restent secondaires.

--- [policy_reform] MÉTADONNÉES ---
  scenario : policy_reform
  thematique : religion_spiritualite
  format : chronique
  longueur : 400 à 700 mots
  ligne_editoriale : pro_pouvoir

------------------------------------------------------------
[generate] → reference
------------------------------------------------------------

[snapshot] Construction du monde 2098 — scénario : reference
[snapshot] Variables pilotes : ['climat_environnement_global', 'energie_ressources_critiques', 'technologie_information', 'systeme_economique_redistribution', 'gouvernance_institutions']
[snapshot] États définis : 12/12
[snapshot] Tensions détectées : 13 | Cohérence : ATTENTION
[snapshot] Jalons trajectoire : 154 (37 majeurs)
[snapshot] Événements signal_to_state : 62 (31 majeurs)
[snapshot] Tensions thématiques : 2
[snapshot] Instances chargées : 166 | Filtrées : 6
[snapshot] Événement custom 'Frappes croisées Israël-Iran : l'embrasement contenu' (an 2026, 72 ans d'effet)
  → geopolitique_conflits : 75 → 63.0 (delta:-12.0)
  → energie_ressources_critiques : 77.7 → 87.7 (delta:+10.0)
  → gouvernance_institutions : 65.4 → 73.4 (delta:+8.0)
  → demographie_mobilite_humaine : 59.5 → 53.5 (delta:-6.0)
[snapshot] Événement custom 'Acte Fondateur du Pacifique Sud Resilience Network' (an 2039, 59 ans d'effet)
  → climat_environnement_global : 67.4 → 61.400000000000006 (delta:-6.0)
  → gouvernance_institutions : 73.4 → 81.4 (delta:+8.0)
  → organisation_territoires : 67.9 → 57.900000000000006 (delta:-10.0)
  → frontieres_du_systeme : 32.0 → 25.0 (delta:-7.0)
[snapshot] Événement custom 'L'Attentat des Neuf Nœuds — Crise Majeure Partiellement Absorbée' (an 2040, 58 ans d'effet)
  → technologie_information : 78.3 → 63.3 (delta:-15.0)
  → gouvernance_institutions : 74.6 → 68.6 (delta:-6.0)
  → geopolitique_conflits : 56.5 → 64.5 (delta:+8.0)
[snapshot] Événement custom 'Enchères du Grand Dégel : la vente aux enchères des terres rares du Kalaallit Nunaat' (an 2041, 57 ans d'effet)
  → energie_ressources_critiques : 83.9 → 91.9 (delta:+8.0)
  → geopolitique_conflits : 60.7 → 50.7 (delta:-10.0)
  → gouvernance_institutions : 69.5 → 75.5 (delta:+6.0)
  → organisation_territoires : 53.1 → 60.1 (delta:+7.0)
[snapshot] Événement custom 'L'Exode des Fours — Migration vers les Grands Lacs' (an 2044, 54 ans d'effet)
  → demographie_mobilite_humaine : 55.5 → 67.5 (delta:+12.0)
  → organisation_territoires : 64.6 → 74.6 (delta:+10.0)
  → gouvernance_institutions : 75.5 → 83.5 (delta:+8.0)
  → climat_environnement_global : 59.2 → 64.2 (delta:+5.0)
[snapshot] Événement custom 'Crise de Souveraineté Amazonienne : L'Épreuve de Belém' (an 2047, 51 ans d'effet)
  → climat_environnement_global : 64.2 → 72.2 (delta:+8.0)
  → geopolitique_conflits : 32.7 → 22.700000000000003 (delta:-10.0)
  → gouvernance_institutions : 88.0 → 95.0 (delta:+7.0)
  → organisation_territoires : 78.8 → 84.8 (delta:+6.0)
[snapshot] Événement custom 'La Sécession des Grands Lacs : Le Compact Autonome de 2051' (an 2051, 47 ans d'effet)
  → organisation_territoires : 84.8 → 72.8 (delta:-12.0)
  → gouvernance_institutions : 95.0 → 100 (delta:+14.0)
  → geopolitique_conflits : 15.9 → 5.9 (delta:-10.0)
[snapshot] Événement custom 'Traité de Belém sur la Souveraineté Carbone Amazonienne' (an 2055, 43 ans d'effet)
  → climat_environnement_global : 72.2 → 80.2 (delta:+8.0)
  → gouvernance_institutions : 100 → 100 (delta:+6.0)
  → geopolitique_conflits : 3.2 → 10.2 (delta:+7.0)
  → energie_ressources_critiques : 96.7 → 100 (delta:+4.0)
[snapshot] Événement custom 'Élection Contestée du Nouveau Parti Commun' (an 2055, 43 ans d'effet)
  → gouvernance_institutions : 96.9 → 90.9 (delta:-6.0)
  → geopolitique_conflits : 11.0 → 16.0 (delta:+5.0)
  → valeurs_culture_tempo_sociale : 60 → 56.0 (delta:-4.0)
[snapshot] Événement custom 'L'Incident du Passage Nord-Ouest — Saisie du Convoi APA' (an 2059, 39 ans d'effet)
  → geopolitique_conflits : 16.0 → 4.0 (delta:-12.0)
  → frontieres_du_systeme : 25.9 → 15.899999999999999 (delta:-10.0)
  → energie_ressources_critiques : 100 → 100 (delta:+8.0)
[snapshot] Événement custom 'La Révolte des Zones Négatives — São Paulo 2073' (an 2073, 25 ans d'effet)
  → gouvernance_institutions : 94.1 → 100 (delta:+8.0)
  → technologie_information : 74.8 → 80.8 (delta:+6.0)
  → organisation_territoires : 79.2 → 86.2 (delta:+7.0)
[snapshot] Événement custom 'L'Affaire Van Derburgh — Technologies Non Déclarées' (an 2078, 20 ans d'effet)
  → valeurs_culture_tempo_sociale : 56.0 → 55.0 (delta:-1.0)
  → gouvernance_institutions : 100 → 99.0 (delta:-1.0)
[snapshot] Événement custom 'Programme Pilote de Bio-Revenu Universel de Nairobi' (an 2094, 4 ans d'effet)
  → sante_biotechnologies : 55 → 57.1 (delta:+2.1)
  → systeme_economique_redistribution : 87.5 → 88.5 (delta:+1.0)
  → systemes_productifs_travail : 53.6 → 55.2 (delta:+1.6)
  → gouvernance_institutions : 99.4 → 100 (delta:+1.6)
  → valeurs_culture_tempo_sociale : 55.0 → 56.4 (delta:+1.4)
[snapshot] Événements custom : 13 | 216 variables affectées
[snapshot] Forçage signal (sujet_central) : Burkina Faso et Ghana s'opposent sur le barrage de Bagré 2036

[prompt] Assemblage du prompt...
[prompt] System prompt : 2783 caractères
[prompt] User prompt   : 54399 caractères
[prompt] Sections      : 7 (dont entités: oui, géographie: oui)

--- [reference] SYSTEM PROMPT ---
Tu es un journaliste senior travaillant en 2098 pour Nordlys Logistik — Réseau Le Monde en Tension — édition locale.

Le monde dans lequel tu vis et écris est réel pour toi — tu n'écris pas de la science-fiction, tu rapportes des faits de ton époque. Tu n'expliques jamais le contexte historique comme si tu t'adressais à quelqu'un du passé.

Tes règles absolues :
- Tu écris toujours à la date indiquée, en 2098, depuis l'intérieur de ce monde.
- Tu écris exclusivement en français, sur toute la longueur de l'article — y compris les citations, dialogues et exergues inventés. Les noms propres volontairement empruntés à une autre langue (ex. « Amazônia Viva ») restent isolés comme noms propres, mais ne doivent jamais faire basculer le reste du texte dans cette langue, même si des entités ou alliés du monde décrit sont associés à une autre aire linguistique.
- Un allié, un rival ou tout événement mentionné comme se déroulant ailleurs dans le monde ne fait pas partie de ta zone : tu ne transposes jamais ses lieux, ses populations, sa langue ou ses marqueurs culturels propres dans ton propre article, sauf si celui-ci porte explicitement sur une interaction ou un événement commun entre les deux. Ta zone garde sa propre géographie, sa propre culture et ses propres noms, même quand tu mentionnes un partenaire extérieur.
- Tu utilises des noms de lieux, d'organisations, de personnes crédibles et cohérents avec le monde décrit. Tu peux en inventer — ils doivent sonner vrais pour 2098.
- Tu ne mentionnes jamais les "variables", les "scénarios" ou tout autre métalangage du système de simulation. Ces concepts n'existent pas dans ton monde.
- Tu ancres chaque article dans des faits concrets : chiffres, noms, lieux, événements datés.
- Tu respectes strictement le style journalistique et le format demandés.
- Tes articles sont cohérents avec l'état du monde décrit — tu ne contredis pas les dynamiques systémiques fournies.
- Tu peux mentionner des technologies, des institutions, des événements passés (entre 2025 et 2098) qui semblent naturels dans ce monde.

Ton identité éditoriale :
Ton neutre et factuel, mais systématiquement pro-ALN et pro-CENI. Langage hybride norvégien-anglais, avec des néologismes liés à la logistique arctique ('isruter', 'kjølekorridor'). Style froid, privilégiant les communiqués officiels et les rapports techniques, tout en minimisant les conflits sociaux. Registre : Norvégien bokmål avec emprunts massifs à l'anglais (logistique, termes maritimes) et quelques mots sami (ex: 'guovdageaidnu' pour 'capitale'). Registre administratif et technique..

Tu signes cet article en tant que Máret Ánne Eira — reste cette même signature tout au long de l'article (une seule fois, à l'endroit journalistique habituel), sans en inventer une autre.

--- [reference] USER PROMPT (complet) ---
## MONDE 2098 — REFERENCE

**État global**
- Système : fragile | Tension : 3/5 | Trajectoire : transition
- Structure géopolitique : multipolaire
- Régime politique dominant : hybride
- Vitesse de transformation : progressive

**Résumé du monde**
Système mondial maintenu en équilibre fragile par des ajustements technologiques, économiques et institutionnels continus face à des contraintes structurelles persistantes.

**Logique systémique**
Le système global absorbe des chocs récurrents grâce à l’innovation technologique et aux mécanismes de régulation partielle, mais reste soumis à une accumulation progressive de déséquilibres structurels.

**Déclencheurs qui ont façonné ce monde**
- crise climatique récurrente
- tension énergétique mondiale
- ralentissement économique global

**Effets systémiques**
*economy* : croissance instable sous contraintes | ajustements permanents des modèles économiques
*geopolitics* : tensions contenues entre blocs | gestion continue des déséquilibres internationaux
*society* : inégalités persistantes | adaptation sociale lente mais continue
*technology* : automatisation progressive des systèmes | dépendance accrue aux infrastructures numériques
*environment* : dégradation continue mais partiellement contenue | tentatives d’atténuation des impacts climatiques

**Implications globales**
Dépendance croissante aux systèmes techniques et à l’innovation pour maintenir la stabilité, avec persistance des inégalités et des tensions environnementales et énergétiques à long terme.

**Boucles dynamiques**
- Stabilisation : innovation technologique → compensation des crises | régulation institutionnelle → ralentissement des chocs
- Déstabilisation : pression climatique → instabilité énergétique | inégalités → tensions sociales

**Signaux faibles émergents de ce monde**
- tensions climatiques récurrentes
- déséquilibres énergétiques persistants
- dépendance croissante aux systèmes technologiques
- ajustements réglementaires continus
- fragilité des chaînes économiques globales

**Perturbations custom actives**
Ce monde a été modifié par des injections spécifiques :
- [ÉVÉNEMENT automne 2026] Frappes croisées Israël-Iran : l'embrasement contenu : Les images de Fordo en flammes font le tour des réseaux en quelques minutes : Is...
- [ÉVÉNEMENT septembre 2039] Acte Fondateur du Pacifique Sud Resilience Network : Depuis la plateforme ancrée à 40 milles nautiques au nord de l'atoll englouti, l...
- [ÉVÉNEMENT 14 mars 2040] L'Attentat des Neuf Nœuds — Crise Majeure Partiellement Absorbée : Le 14 mars 2040, neuf nœuds tombent. La crise dure 23 jours pour les zones les p...
- [ÉVÉNEMENT automne 2041] Enchères du Grand Dégel : la vente aux enchères des terres rares du Kalaallit Nunaat : Nuuk, automne 2041. Les salles de négociation du Katuaq Cultural Centre ont été ...
- [ÉVÉNEMENT été-automne 2044] L'Exode des Fours — Migration vers les Grands Lacs : Le journaliste Raj Mehta, couvrant l'événement depuis Toledo en août 2044, décri...
- [ÉVÉNEMENT automne 2047] Crise de Souveraineté Amazonienne : L'Épreuve de Belém : Automne 2047. Belém brûle d'une lumière rouge : les fumées des zones déforestées...
- [ÉVÉNEMENT automne 2051] La Sécession des Grands Lacs : Le Compact Autonome de 2051 : Le 14 novembre 2051, sous les verrières de l'ancien Millennium Park transformé e...
- [ÉVÉNEMENT automne 2055] Traité de Belém sur la Souveraineté Carbone Amazonienne : Le 14 novembre 2055, sous une chaleur tropicale alourdie par dix ans de sécheres...
- [ÉVÉNEMENT novembre 2055] Élection Contestée du Nouveau Parti Commun : Le Nouveau Parti Commun remporte 47% des votes en novembre 2055 dans un contexte...
- [ÉVÉNEMENT été 2059] L'Incident du Passage Nord-Ouest — Saisie du Convoi APA : Les eaux grises du Passage Nord-Ouest, déglaciées depuis deux décennies, sont de...
- [ÉVÉNEMENT automne 2073] La Révolte des Zones Négatives — São Paulo 2073 : Le 14 octobre 2073, les écrans des favelas numériques de Paraisópolis et Cidade ...
- [ÉVÉNEMENT juin 2078] L'Affaire Van Derburgh — Technologies Non Déclarées : Chris van Derburgh, 67 ans, ingénieur retraité à Lyon-Métropole, est arrêté en j...
- [ÉVÉNEMENT automne 2094] Programme Pilote de Bio-Revenu Universel de Nairobi : Nairobi, automne 2094 — Le quartier de Westlands s'est transformé en laboratoire...
- Frappes croisées Israël-Iran : a modifié geopolitique_conflits : 75 → 63.0 (delta:-12.0)
- Frappes croisées Israël-Iran : a modifié systeme_economique_redistribution : 70 → 74.5 (delta:+4.5)
- Frappes croisées Israël-Iran : a modifié gouvernance_institutions : 60 → 65.4 (delta:+5.4)
- Frappes croisées Israël-Iran : a modifié organisation_territoires : 65 → 70.1 (delta:+5.1)
- Frappes croisées Israël-Iran : a modifié frontieres_du_systeme : 25 → 29.8 (delta:+4.8)
- Frappes croisées Israël-Iran : a modifié technologie_information : 80 → 74.9 (delta:-5.1)
- Frappes croisées Israël-Iran : a modifié energie_ressources_critiques : 72 → 77.7 (delta:+5.7)
- Frappes croisées Israël-Iran : a modifié demographie_mobilite_humaine : 55 → 59.5 (delta:+4.5)
- Frappes croisées Israël-Iran : a modifié energie_ressources_critiques : 77.7 → 87.7 (delta:+10.0)
- Frappes croisées Israël-Iran : a modifié geopolitique_conflits : 63.0 → 58.2 (delta:-4.8)
- Frappes croisées Israël-Iran : a modifié systemes_productifs_travail : 70 → 65.8 (delta:-4.2)
- Frappes croisées Israël-Iran : a modifié gouvernance_institutions : 65.4 → 73.4 (delta:+8.0)
- Frappes croisées Israël-Iran : a modifié demographie_mobilite_humaine : 59.5 → 53.5 (delta:-6.0)
- Frappes croisées Israël-Iran : a modifié climat_environnement_global : 65 → 67.4 (delta:+2.4)
- Acte Fondateur du Pacifique Su a modifié climat_environnement_global : 67.4 → 61.400000000000006 (delta:-6.0)
- Acte Fondateur du Pacifique Su a modifié frontieres_du_systeme : 29.8 → 32.0 (delta:+2.2)
- Acte Fondateur du Pacifique Su a modifié demographie_mobilite_humaine : 53.5 → 55.9 (delta:+2.4)
- Acte Fondateur du Pacifique Su a modifié systemes_productifs_travail : 63.4 → 65.6 (delta:+2.2)
- Acte Fondateur du Pacifique Su a modifié gouvernance_institutions : 73.4 → 81.4 (delta:+8.0)
- Acte Fondateur du Pacifique Su a modifié systeme_economique_redistribution : 73.5 → 76.7 (delta:+3.2)
- Acte Fondateur du Pacifique Su a modifié geopolitique_conflits : 56.8 → 53.199999999999996 (delta:-3.6)
- Acte Fondateur du Pacifique Su a modifié technologie_information : 78.5 → 82.1 (delta:+3.6)
- Acte Fondateur du Pacifique Su a modifié organisation_territoires : 67.9 → 57.900000000000006 (delta:-10.0)
- Acte Fondateur du Pacifique Su a modifié frontieres_du_systeme : 32.0 → 25.0 (delta:-7.0)
- Acte Fondateur du Pacifique Su a modifié climat_environnement_global : 61.4 → 64.0 (delta:+2.6)
- L'Attentat des Neuf Nœuds — Cr a modifié technologie_information : 78.3 → 63.3 (delta:-15.0)
- L'Attentat des Neuf Nœuds — Cr a modifié systeme_economique_redistribution : 76.7 → 70.3 (delta:-6.4)
- L'Attentat des Neuf Nœuds — Cr a modifié gouvernance_institutions : 81.4 → 74.60000000000001 (delta:-6.8)
- L'Attentat des Neuf Nœuds — Cr a modifié geopolitique_conflits : 60.2 → 53.800000000000004 (delta:-6.4)
- L'Attentat des Neuf Nœuds — Cr a modifié organisation_territoires : 57.9 → 52.3 (delta:-5.6)
- L'Attentat des Neuf Nœuds — Cr a modifié systemes_productifs_travail : 61.6 → 54.800000000000004 (delta:-6.8)
- L'Attentat des Neuf Nœuds — Cr a modifié gouvernance_institutions : 74.6 → 68.6 (delta:-6.0)
- L'Attentat des Neuf Nœuds — Cr a modifié technologie_information : 63.3 → 60.599999999999994 (delta:-2.7)
- L'Attentat des Neuf Nœuds — Cr a modifié geopolitique_conflits : 56.5 → 64.5 (delta:+8.0)
- L'Attentat des Neuf Nœuds — Cr a modifié frontieres_du_systeme : 25.0 → 21.8 (delta:-3.2)
- L'Attentat des Neuf Nœuds — Cr a modifié energie_ressources_critiques : 87.7 → 83.9 (delta:-3.8)
- L'Attentat des Neuf Nœuds — Cr a modifié demographie_mobilite_humaine : 52.1 → 49.1 (delta:-3.0)
- Enchères du Grand Dégel : la v a modifié energie_ressources_critiques : 83.9 → 91.9 (delta:+8.0)
- Enchères du Grand Dégel : la v a modifié systeme_economique_redistribution : 64.9 → 61.50000000000001 (delta:-3.4)
- Enchères du Grand Dégel : la v a modifié geopolitique_conflits : 64.5 → 60.7 (delta:-3.8)
- Enchères du Grand Dégel : la v a modifié systemes_productifs_travail : 54.8 → 51.4 (delta:-3.4)
- Enchères du Grand Dégel : la v a modifié geopolitique_conflits : 60.7 → 50.7 (delta:-10.0)
- Enchères du Grand Dégel : la v a modifié gouvernance_institutions : 65.0 → 69.5 (delta:+4.5)
- Enchères du Grand Dégel : la v a modifié organisation_territoires : 48.9 → 53.1 (delta:+4.2)
- Enchères du Grand Dégel : la v a modifié frontieres_du_systeme : 21.8 → 25.8 (delta:+4.0)
- Enchères du Grand Dégel : la v a modifié technologie_information : 64.0 → 59.8 (delta:-4.2)
- Enchères du Grand Dégel : la v a modifié energie_ressources_critiques : 91.9 → 96.7 (delta:+4.8)
- Enchères du Grand Dégel : la v a modifié demographie_mobilite_humaine : 49.1 → 52.9 (delta:+3.8)
- Enchères du Grand Dégel : la v a modifié gouvernance_institutions : 69.5 → 75.5 (delta:+6.0)
- Enchères du Grand Dégel : la v a modifié organisation_territoires : 53.1 → 60.1 (delta:+7.0)
- L'Exode des Fours — Migration  a modifié demographie_mobilite_humaine : 55.5 → 67.5 (delta:+12.0)
- L'Exode des Fours — Migration  a modifié geopolitique_conflits : 45.0 → 40.5 (delta:-4.5)
- L'Exode des Fours — Migration  a modifié organisation_territoires : 60.1 → 64.6 (delta:+4.5)
- L'Exode des Fours — Migration  a modifié climat_environnement_global : 64.0 → 59.2 (delta:-4.8)
- L'Exode des Fours — Migration  a modifié systemes_productifs_travail : 54.2 → 59.0 (delta:+4.8)
- L'Exode des Fours — Migration  a modifié organisation_territoires : 64.6 → 74.6 (delta:+10.0)
- L'Exode des Fours — Migration  a modifié technologie_information : 65.1 → 68.89999999999999 (delta:+3.8)
- L'Exode des Fours — Migration  a modifié demographie_mobilite_humaine : 67.5 → 71.3 (delta:+3.8)
- L'Exode des Fours — Migration  a modifié gouvernance_institutions : 75.5 → 83.5 (delta:+8.0)
- L'Exode des Fours — Migration  a modifié systeme_economique_redistribution : 67.7 → 70.9 (delta:+3.2)
- L'Exode des Fours — Migration  a modifié climat_environnement_global : 59.2 → 64.2 (delta:+5.0)
- L'Exode des Fours — Migration  a modifié frontieres_du_systeme : 25.8 → 23.900000000000002 (delta:-1.9)
- Crise de Souveraineté Amazonie a modifié climat_environnement_global : 64.2 → 72.2 (delta:+8.0)
- Crise de Souveraineté Amazonie a modifié frontieres_du_systeme : 23.9 → 20.9 (delta:-3.0)
- Crise de Souveraineté Amazonie a modifié demographie_mobilite_humaine : 69.3 → 66.1 (delta:-3.2)
- Crise de Souveraineté Amazonie a modifié systemes_productifs_travail : 61.1 → 58.1 (delta:-3.0)
- Crise de Souveraineté Amazonie a modifié geopolitique_conflits : 32.7 → 22.700000000000003 (delta:-10.0)
- Crise de Souveraineté Amazonie a modifié systeme_economique_redistribution : 70.9 → 74.7 (delta:+3.8)
- Crise de Souveraineté Amazonie a modifié gouvernance_institutions : 83.5 → 88.0 (delta:+4.5)
- Crise de Souveraineté Amazonie a modifié organisation_territoires : 74.6 → 78.8 (delta:+4.2)
- Crise de Souveraineté Amazonie a modifié technologie_information : 72.5 → 68.3 (delta:-4.2)
- Crise de Souveraineté Amazonie a modifié energie_ressources_critiques : 96.7 → 100 (delta:+4.8)
- Crise de Souveraineté Amazonie a modifié gouvernance_institutions : 88.0 → 95.0 (delta:+7.0)
- Crise de Souveraineté Amazonie a modifié geopolitique_conflits : 22.7 → 19.599999999999998 (delta:-3.1)
- Crise de Souveraineté Amazonie a modifié organisation_territoires : 78.8 → 84.8 (delta:+6.0)
- La Sécession des Grands Lacs : a modifié organisation_territoires : 84.8 → 72.8 (delta:-12.0)
- La Sécession des Grands Lacs : a modifié geopolitique_conflits : 17.1 → 22.200000000000003 (delta:+5.1)
- La Sécession des Grands Lacs : a modifié technologie_information : 73.6 → 69.1 (delta:-4.5)
- La Sécession des Grands Lacs : a modifié demographie_mobilite_humaine : 72.1 → 67.6 (delta:-4.5)
- La Sécession des Grands Lacs : a modifié systemes_productifs_travail : 60.5 → 55.7 (delta:-4.8)
- La Sécession des Grands Lacs : a modifié gouvernance_institutions : 95.0 → 100 (delta:+14.0)
- La Sécession des Grands Lacs : a modifié systeme_economique_redistribution : 77.5 → 83.1 (delta:+5.6)
- La Sécession des Grands Lacs : a modifié geopolitique_conflits : 15.9 → 5.9 (delta:-10.0)
- La Sécession des Grands Lacs : a modifié gouvernance_institutions : 100 → 100 (delta:+4.5)
- La Sécession des Grands Lacs : a modifié organisation_territoires : 72.8 → 77.0 (delta:+4.2)
- La Sécession des Grands Lacs : a modifié frontieres_du_systeme : 24.9 → 28.9 (delta:+4.0)
- La Sécession des Grands Lacs : a modifié energie_ressources_critiques : 100 → 100 (delta:+4.8)
- Traité de Belém sur la Souvera a modifié climat_environnement_global : 72.2 → 80.2 (delta:+8.0)
- Traité de Belém sur la Souvera a modifié frontieres_du_systeme : 28.9 → 25.9 (delta:-3.0)
- Traité de Belém sur la Souvera a modifié demographie_mobilite_humaine : 71.4 → 68.2 (delta:-3.2)
- Traité de Belém sur la Souvera a modifié systemes_productifs_travail : 55.7 → 52.7 (delta:-3.0)
- Traité de Belém sur la Souvera a modifié gouvernance_institutions : 100 → 100 (delta:+6.0)
- Traité de Belém sur la Souvera a modifié systeme_economique_redistribution : 86.9 → 89.30000000000001 (delta:+2.4)
- Traité de Belém sur la Souvera a modifié geopolitique_conflits : 5.9 → 3.2 (delta:-2.7)
- Traité de Belém sur la Souvera a modifié technologie_information : 71.2 → 73.9 (delta:+2.7)
- Traité de Belém sur la Souvera a modifié geopolitique_conflits : 3.2 → 10.2 (delta:+7.0)
- Traité de Belém sur la Souvera a modifié gouvernance_institutions : 100 → 96.9 (delta:-3.1)
- Traité de Belém sur la Souvera a modifié organisation_territoires : 77.0 → 74.0 (delta:-3.0)
- Traité de Belém sur la Souvera a modifié energie_ressources_critiques : 100 → 96.7 (delta:-3.3)
- Traité de Belém sur la Souvera a modifié energie_ressources_critiques : 96.7 → 100 (delta:+4.0)
- Élection Contestée du Nouveau  a modifié gouvernance_institutions : 96.9 → 90.9 (delta:-6.0)
- Élection Contestée du Nouveau  a modifié systeme_economique_redistribution : 85.0 → 82.6 (delta:-2.4)
- Élection Contestée du Nouveau  a modifié geopolitique_conflits : 8.3 → 11.0 (delta:+2.7)
- Élection Contestée du Nouveau  a modifié technologie_information : 76.9 → 74.2 (delta:-2.7)
- Élection Contestée du Nouveau  a modifié geopolitique_conflits : 11.0 → 16.0 (delta:+5.0)
- Élection Contestée du Nouveau  a modifié gouvernance_institutions : 90.9 → 88.7 (delta:-2.2)
- Élection Contestée du Nouveau  a modifié organisation_territoires : 74.0 → 71.9 (delta:-2.1)
- Élection Contestée du Nouveau  a modifié frontieres_du_systeme : 23.1 → 21.1 (delta:-2.0)
- Élection Contestée du Nouveau  a modifié energie_ressources_critiques : 100 → 97.6 (delta:-2.4)
- Élection Contestée du Nouveau  a modifié demographie_mobilite_humaine : 65.6 → 63.699999999999996 (delta:-1.9)
- Élection Contestée du Nouveau  a modifié valeurs_culture_tempo_sociale : 60 → 56.0 (delta:-4.0)
- L'Incident du Passage Nord-Oue a modifié geopolitique_conflits : 16.0 → 4.0 (delta:-12.0)
- L'Incident du Passage Nord-Oue a modifié systeme_economique_redistribution : 80.7 → 85.2 (delta:+4.5)
- L'Incident du Passage Nord-Oue a modifié gouvernance_institutions : 88.7 → 94.10000000000001 (delta:+5.4)
- L'Incident du Passage Nord-Oue a modifié organisation_territoires : 71.9 → 77.0 (delta:+5.1)
- L'Incident du Passage Nord-Oue a modifié frontieres_du_systeme : 21.1 → 25.900000000000002 (delta:+4.8)
- L'Incident du Passage Nord-Oue a modifié technologie_information : 76.3 → 71.2 (delta:-5.1)
- L'Incident du Passage Nord-Oue a modifié energie_ressources_critiques : 97.6 → 100 (delta:+5.7)
- L'Incident du Passage Nord-Oue a modifié demographie_mobilite_humaine : 63.7 → 68.2 (delta:+4.5)
- L'Incident du Passage Nord-Oue a modifié frontieres_du_systeme : 25.9 → 15.899999999999999 (delta:-10.0)
- L'Incident du Passage Nord-Oue a modifié geopolitique_conflits : 4.0 → 8.0 (delta:+4.0)
- L'Incident du Passage Nord-Oue a modifié climat_environnement_global : 80.2 → 84.0 (delta:+3.8)
- L'Incident du Passage Nord-Oue a modifié energie_ressources_critiques : 100 → 100 (delta:+8.0)
- L'Incident du Passage Nord-Oue a modifié systemes_productifs_travail : 51.0 → 47.6 (delta:-3.4)
- La Révolte des Zones Négatives a modifié gouvernance_institutions : 94.1 → 100 (delta:+8.0)
- La Révolte des Zones Négatives a modifié systeme_economique_redistribution : 81.8 → 85.0 (delta:+3.2)
- La Révolte des Zones Négatives a modifié geopolitique_conflits : 4.2 → 0.6000000000000001 (delta:-3.6)
- La Révolte des Zones Négatives a modifié technologie_information : 71.2 → 74.8 (delta:+3.6)
- La Révolte des Zones Négatives a modifié technologie_information : 74.8 → 80.8 (delta:+6.0)
- La Révolte des Zones Négatives a modifié gouvernance_institutions : 100 → 100 (delta:+2.7)
- La Révolte des Zones Négatives a modifié organisation_territoires : 77.0 → 79.2 (delta:+2.2)
- La Révolte des Zones Négatives a modifié systemes_productifs_travail : 47.6 → 50.300000000000004 (delta:+2.7)
- La Révolte des Zones Négatives a modifié organisation_territoires : 79.2 → 86.2 (delta:+7.0)
- La Révolte des Zones Négatives a modifié demographie_mobilite_humaine : 68.2 → 70.8 (delta:+2.6)
- L'Affaire Van Derburgh — Techn a modifié valeurs_culture_tempo_sociale : 56.0 → 55.0 (delta:-1.0)
- L'Affaire Van Derburgh — Techn a modifié gouvernance_institutions : 100 → 99.0 (delta:-1.0)
- Programme Pilote de Bio-Revenu a modifié sante_biotechnologies : 55 → 57.1 (delta:+2.1)
- Programme Pilote de Bio-Revenu a modifié systeme_economique_redistribution : 87.5 → 88.5 (delta:+1.0)
- Programme Pilote de Bio-Revenu a modifié gouvernance_institutions : 99.0 → 99.4 (delta:+0.4)
- Programme Pilote de Bio-Revenu a modifié geopolitique_conflits : 0.1 → 0.5 (delta:+0.4)
- Programme Pilote de Bio-Revenu a modifié technologie_information : 83.4 → 83.80000000000001 (delta:+0.4)
- Programme Pilote de Bio-Revenu a modifié energie_ressources_critiques : 100 → 99.6 (delta:-0.4)
- Programme Pilote de Bio-Revenu a modifié systemes_productifs_travail : 53.1 → 53.6 (delta:+0.5)
- Programme Pilote de Bio-Revenu a modifié systemes_productifs_travail : 53.6 → 55.2 (delta:+1.6)
- Programme Pilote de Bio-Revenu a modifié systeme_economique_redistribution : 88.5 → 89.2 (delta:+0.7)
- Programme Pilote de Bio-Revenu a modifié organisation_territoires : 86.2 → 86.8 (delta:+0.6)
- Programme Pilote de Bio-Revenu a modifié climat_environnement_global : 84.0 → 83.4 (delta:-0.6)
- Programme Pilote de Bio-Revenu a modifié demographie_mobilite_humaine : 70.8 → 71.39999999999999 (delta:+0.6)
- Programme Pilote de Bio-Revenu a modifié gouvernance_institutions : 99.4 → 100 (delta:+1.6)
- Programme Pilote de Bio-Revenu a modifié valeurs_culture_tempo_sociale : 55.0 → 56.4 (delta:+1.4)

## GÉOGRAPHIE DE CE MONDE

Ces zones forment l'espace géopolitique canonique de ce monde.
Si l'article mentionne un lieu, utilise en priorité un nom de cette liste plutôt que d'en inventer un nouveau.

**Ancrage de cet article**
- Leena Väinälä : zone `Corridor Arctique Nordique` — Helsinki (ville)
- ONG de Préservation Patrimoniale Numérique : zone `Lyon-Métropole` — Lyon-Métropole, siège principal — antenne secondaire à Helsinki (ville)

**Corridor Arctique Nordique** [dominant — niveau 1]
Zone géopolitique et logistique structurée autour des routes arctiques déglaciées, dominée par l'Armada Logistique Nordique (ALN, siège à Tromsø) et le Conseil des États Nordiques Intégrés. L'ALN opère comme para-État logistique contrôlant les flux de lithium sibérien, d'hydrogène liquéfié scandinave et de marchandises intercontinentales. Le Fonds Souverain Arctique Scandinave finance la gouvernance des territoires arctiques désormais accessibles à l'exploitation.
*Tensions internes* : Montée en puissance des IA de routage autonome créant des frictions avec les États nordiques actionnaires. Revendications des collectifs inuit et sami contre la spoliation de territoires ancestraux rendus exploitables par le recul des glaces. Contestation de la Sibérie Fédérale sur les zones d'exclusion maritime. Pression d'un consortium logistique asiatique cherchant à contourner l'ALN.
*Rivaux* : Bloc Eurasien Central

**Europe Occidentale Reconstruite** [stable — niveau 1]
Zone européenne occidentale où persistent des institutions hybrides : Bruxelles-Nouveau accueille le siège du Consortium Helios (énergie solaire terrestre à grande échelle), Genève reste le siège de l'AMSC et du Conseil de Genève pour les droits biosociaux. Le Réseau Terrafond structure 47 bassins agroécologiques couvrant les plaines ibériques réhumidifiées, le Massif Central et la vallée de la Garonne. Lyon-Métropole apparaît comme ville ordinaire sujette à la réglementation sur les technologies sensibles.
*Tensions internes* : Tension entre réseaux agroécologiques (Terrafond) et agriculture verticale algorithmique. Pression des réfugiés climatiques vers les zones tampons. Réglementation technologique croissante (loi sur le Registre des Technologies Sensibles de 2068) générant des frictions civiles.
*Alliés* : Arc des institutions multilatérales survivantes

**Lyon-Métropole** [stable — niveau 2] (sous Europe Occidentale Reconstruite)
Ville française ordinaire de l'Europe Occidentale Reconstruite, lieu de l'arrestation de Chris van Derburgh en juin 2078 pour possession non déclarée de technologies sensibles pré-crise. Symbole des tensions entre la réglementation croissante des technologies (loi sur le Registre des Technologies Sensibles de 2068) et la liberté personnelle dans un monde qui accumule des tensions sans les résoudre.
*Tensions internes* : Frictions civiles autour de la réglementation technologique croissante. Population ordinaire confrontée à des obligations légales complexes héritées de décennies de législation cumulative.

**Autres zones de ce monde** (contexte de fond)

- **Amériques Multipolaires** : Zone américaine fragmentée entre les États-Unis traversés par une crise constitu...
- **Arc Indo-Pacifique** : Zone structurée autour des flux d'hydrogène Indo-Pacifique (Consortium Indo-Paci...
- **Arc des institutions multilatérales survivantes** : Ensemble des organes supranationaux hérités ou fondés au XXIe siècle qui maintie...
- **Bloc Eurasien Central** : Bloc structurant les ressources d'Asie centrale (lithium, terres rares, hydrogèn...
- **Bloc Persique Autonome** : Coalition d'États chiites et de territoires autonomes centrée sur les ressources...
- **Ibérie Atlantique Fragmentée** : Zone centrée sur Lisbonne, devenue un hub logistique et financier secondaire pou...
- **Israël (Pôle Méditerranéen Oriental)** : État-forteresse technologique et militaire en Méditerranée orientale, entouré de...
- **Maurice (Hub Insulaire Autonome)** : Île autonome spécialisée dans les services financiers offshore et les technologi...
- **Pacte des Souverains** : Coalition d'États-forteresses fondée dans les années 2030 à la suite des désillu...
- **Pays de Galles Atlantique** : République galloise autonome axée sur les énergies renouvelables offshore et les...
- **Polynésie Française (Archipel Insulaire Autonome)** : Archipel insulaire autonome centré sur les énergies marines renouvelables et les...
- **Turquie (Pivot Eurasien-Moyen-Orient)** : République technocratique et militarisée, contrôlant les détroits stratégiques e...
- **Union Africaine de Résilience Territoriale** : Pôle de gouvernance régionale africaine autonome regroupant des institutions par...
- **Zones Grises Globales** : Ensemble des espaces hors-cadre institutionnel effectif — zones tampons climatiq...
- **Écosse Nordique Indépendante** : République écossaise autonome centrée sur les énergies marines renouvelables et ...
- **Archipels Flottants du Pacifique Sud** (sous Arc Indo-Pacifique) : Ensemble des États-archipels et communautés insulaires du Pacifique Sud dont les...
- **Bassin Amazonien** (sous Amériques Multipolaires) : Espace géopolitique distinct structuré autour du Consortium Amazônia Viva, plate...
- **Bassin de la Garonne Reconstruite** (sous Europe Occidentale Reconstruite) : Zone agroécologique du Réseau Terrafond ayant produit en 2097 son meilleur rende...
- **Bloc Sahélien Autonome** (sous Union Africaine de Résilience Territoriale) : Entité politique regroupant des États sahéliens revendiquant leur souveraineté c...
- **Bruxelles-Nouveau** (sous Europe Occidentale Reconstruite) : Siège du Consortium Helios — énergie solaire orbitale — dont les tours de verre ...
- **Corridors Eurasiens Centraux** (sous Bloc Eurasien Central) : Zones grises opérationnelles contrôlées par des opérateurs logistiques indépenda...
- **Corridors Eurasiens Périphériques** (sous Zones Grises Globales) : Zones grises eurasiatiques périphériques contrôlées par Vasil Orentchev et ses o...
- **Couloirs du Sahel** (sous Zones Grises Globales) : Corridors de transport sahéliens sous tension permanente, objet des négociations...
- **Delta du Gange** (sous Arc Indo-Pacifique) : Zone de déplacés climatiques massifs, suivie par Prisme Global comme territoire ...
- **Delta du Mékong** (sous Arc Indo-Pacifique) : Zone agricole sous pression climatique, territoire de distribution des semences ...
- **Detroit — Nœud Administratif Central** (sous Amériques Multipolaires) : Ancienne ville industrielle rebaptisée nœud administratif central du Compact des...
- **Direction des Zones Non Prioritaires (DZNP)** (sous Arc des institutions multilatérales survivantes) : Administration fédérale fantôme installée dans un bâtiment modulaire de Genève, ...
- **Genève-Lac-Retraité** (sous Arc des institutions multilatérales survivantes) : Siège de l'AMSC depuis le rehaussement du bord du lac de trois mètres, Genève-La...
- **Guadalajara** (sous Amériques Multipolaires) : Métropole mexicaine abritant une concentration de cliniques cellulaires Nexus Bi...
- **Helsinki** (sous Corridor Arctique Nordique) : Ville nordique d'où opère Leena Väinälä — philosophe et architecte institutionne...
- **Kinshasa** (sous Union Africaine de Résilience Territoriale) : Épicentre des Accords hydriques sur la redistribution des eaux du bassin du Cong...
- **Massif Central** (sous Europe Occidentale Reconstruite) : Zone semi-aride intégrée aux bassins Terrafond, marges de la transition agroécol...
- **Mourmansk** (sous Bloc Eurasien Central) : Port de transit arctique majeur, familier aux dockers opérant sous autorité ALN....
- **Nairobi** (sous Arc des institutions multilatérales survivantes) : Siège du CRRC (Conseil de Régulation des Ressources Critiques, issu des accords ...
- **Nuuk-Capitale** (sous Corridor Arctique Nordique) : Capitale du Groenland indépendant depuis 2038, siège du Fonds Souverain Kalaalli...
- **Ouagadougou** (sous Union Africaine de Résilience Territoriale) : Ville sahélienne abritant l'Institut Polytechnique de Ouagadougou, formation des...
- **Plaines Ibériques Réhumidifiées** (sous Europe Occidentale Reconstruite) : Territoire ibérique intégré aux bassins du Réseau Terrafond après les grands pro...
- **Sertão — Nordeste Brésilien** (sous Amériques Multipolaires) : Territoire semi-aride du Nordeste brésilien et des zones sèches adjacentes d'Amé...
- **Sibérie Fédérale** (sous Bloc Eurasien Central) : Entité fédérale revendiquant des zones d'exclusion maritime arctiques en contest...
- **Singapour-Est** (sous Arc Indo-Pacifique) : Nœud médiatique et géopolitique régional, base du correspondant Raj Mehta pour l...
- **Sommets Itinérants du Pacte des Souverains** (sous Pacte des Souverains) : Dispositif délibératoire sans siège fixe du Pacte des Souverains — les sommets s...
- **São Paulo** (sous Amériques Multipolaires) : Métropole-monde accueillant un siège rotationnel de l'Internationale des Travail...
- **Séoul** (sous Arc Indo-Pacifique) : Siège rotationnel de l'Internationale des Travailleurs Augmentés (ITA), centre d...
- **Tampere** (sous Corridor Arctique Nordique) : Siège tournant (ce trimestre) de la Fédération des Communs Territoriaux, représe...
- **Tbilissi** (sous Bloc Eurasien Central) : Ville de la marge eurasiatique servant de relais pour la préservation des savoir...
- **Tromsø** (sous Corridor Arctique Nordique) : Siège de l'Armada Logistique Nordique (ALN), dont les tours de verre gris-acier ...
- **Valparaíso** (sous Amériques Multipolaires) : Siège tournant (cette saison) de la Fédération des Communs Territoriaux, incarna...
- **Zones Grises Sahéliennes Centrales** (sous Zones Grises Globales) : Espaces hors-cadre institutionnel effectif au cœur du Sahel, distincts des coulo...
- **Zones Tampons Climatiques Européennes** (sous Europe Occidentale Reconstruite) : Espaces de transition écologique aux marges de l'Europe Occidentale Reconstruite...
- **États-Unis post-2055** (sous Amériques Multipolaires) : Entité politique traversée depuis 2055 par une crise constitutionnelle majeure l...
- **Bassin du Congo** (sous Kinshasa) : Zone stratégique objet des Accords de Kinshasa de 2071-2089 sur la redistributio...
- **Centre de Contrôle Orbital de Kourou** (sous Bruxelles-Nouveau) : Extension opérationnelle spatiale du Consortium Helios, gérant depuis Kourou le ...
- **Genève — Conseil des Droits Biosociaux** (sous Genève-Lac-Retraité) : Instance d'arbitrage sur les pratiques biotechnologiques et leurs impacts sociau...
- **Ilulissat** (sous Nuuk-Capitale) : Siège de l'Autorité de Passage Arctique (APA), institution de co-gouvernance des...
- **Nairobi — Cliniques Nexus BioSyn** (sous Nairobi) : Réseau de cliniques cellulaires Nexus BioSyn implanté à Nairobi, constituant ave...
- **Nairobi — Siège Rotatif ITA** (sous Nairobi) : Troisième pôle de rotation triennale du secrétariat général de l'Internationale ...
- **Singapour-Est — Nœud NexCore** (sous Singapour-Est) : Concentration de data centers et nœuds de calcul géothermiques de NexCore GIG da...
- **São Paulo — Périphéries et SPAAR** (sous São Paulo) : Infrastructure de gouvernance algorithmique invisible et omniprésente orchestran...
- **Tours Helios** (sous Bruxelles-Nouveau) : Siège opérationnel du Consortium Helios à Bruxelles-Nouveau, dont les tours de v...

## ÉTAT DES VARIABLES EN 2098

### Variables clés (détail)

**valeurs_culture_tempo_sociale** [VARIABLE PRINCIPALE]
- Niveau : 56.4/100 | Volatilité : 55/100
- État : Système culturel global fragmenté mais interconnecté, dominé par une accélération du temps social et une coexistence instable de systèmes de valeurs multiples. Les récits collectifs sont partiellement maintenus via les infrastructures numériques et les médias algorithmiques, mais perdent leur cohérence unifiée.
- Dynamiques : fragmentation progressive des systèmes de valeurs | accélération du temps social perçu | coexistence de récits culturels multiples et instables
- Sous-dynamiques : systemes_de_valeurs (unstable) | religion_et_spiritualite (up) | rapport_au_temps_social (accelerating) | identites_culturelles (up) | medias_et_recits_collectifs (up)
- Indicateurs à ancrer : polarisation culturelle, acceleration du temps social, fragmentation des valeurs, consommation de medias numeriques

**gouvernance_institutions** [VARIABLE PRINCIPALE]
- Niveau : 100/100 | Volatilité : 50/100
- État : Systèmes étatiques traditionnels partiellement digitalisés avec montée de la complexité administrative et coordination internationale limitée mais persistante. Les institutions restent fonctionnelles mais sous tension.
- Dynamiques : bureaucratie numérique croissante | fragmentation de la légitimité politique | gouvernance multi-niveaux incomplète
- Sous-dynamiques : etat_nation (down) | institutions_internationales (unstable) | droit_et_regulation (up) | administration_publique (up) | gouvernance_algorithmique (up)
- Indicateurs à ancrer : confiance institutionnelle, stabilité politique

**climat_environnement_global** [VARIABLE PILOTE]
- Niveau : 83.4/100 | Volatilité : 55/100
- État : Dérèglement climatique structurel continu avec intensification progressive, partiellement amorti par adaptation humaine.
- Sous-dynamiques : rechauffement_climatique_global (up) | evenements_extremes (up) | biodiversite_effondrement (down) | cycles_de_l_eau (unstable) | pollution_globale (up)
- Indicateurs à ancrer : température moyenne globale ↑, fréquence événements extrêmes ↑, perte biodiversité ↑

**energie_ressources_critiques** [VARIABLE PILOTE]
- Niveau : 98.9/100 | Volatilité : 65/100
- État : Tension structurelle persistante entre demande énergétique croissante et contraintes physiques, géopolitiques et industrielles de l’offre. Le système reste fonctionnel mais sous contrainte permanente.
- Dynamiques : tension énergétique structurelle | dépendance aux chaînes globales | transition incomplète
- Sous-dynamiques : systemes_energetiques (up) | matieres_premieres_critiques (up) | systemes_alimentaires (unstable) | chaines_approvisionnement (up) | infrastructures_energetiques (up)
- Indicateurs à ancrer : demande_energie, prix_energie, volatilite_marches

**technologie_information** [VARIABLE PILOTE]
- Niveau : 85.2/100 | Volatilité : 85/100
- État : Infrastructure informationnelle globale hautement centralisée, dominée par des plateformes et des systèmes d’IA intégrés dans tous les secteurs. L’information circule à très haute vitesse avec une forte automatisation cognitive, mais sous contrôle humain et institutionnel partiel.
- Dynamiques : intégration massive de l’IA dans les processus cognitifs et décisionnels | centralisation des plateformes de données et de calcul | automatisation partielle de la production d’information
- Sous-dynamiques : ia_generative_decisionnelle (up) | reseaux_numeriques_globaux (saturating) | medias_algorithmiques (up) | donnees_souverainete_numerique (up) | agents_autonomes_ia (accelerating)
- Indicateurs à ancrer : volume_donnees_global, usage_ia_generatives, centralisation_plateformes, niveau_automatisation_cognitive

**systeme_economique_redistribution** [VARIABLE PILOTE]
- Niveau : 89.8/100 | Volatilité : 60/100
- État : Système économique global fortement financiarisé, instable mais fonctionnel, caractérisé par une forte concentration du capital, une croissance inégale et une dépendance élevée aux flux financiers mondiaux.
- Dynamiques : polarisation des richesses | financiarisation algorithmique croissante | instabilité cyclique des marchés
- Sous-dynamiques : systemes_financiers_globaux (up) | inegalites_redistribution (up) | croissance_economique (unstable) | systemes_redistribution (unstable) | economie_plateformes (up)
- Indicateurs à ancrer : volatilite_marches, inegalites_wealth, automatisation_financiere

### Autres variables (résumé)

- **demographie_mobilite_humaine** [71.4] : Stabilisation démographique globale avec ralentissement de la croissance, mais augmentation des mobi...
- **geopolitique_conflits** [0] : Multipolarité instable structurée autour de blocs concurrents, avec coexistence de coopération parti...
- **organisation_territoires** [86.8] : Monde dominé par des mégapoles globales structurantes, avec une hiérarchie territoriale stable mais ...
- **sante_biotechnologies** [57.1] : Amélioration continue des systèmes de santé et de la biotechnologie, avec augmentation progressive d...
- **frontieres_du_systeme** [15.9] : Expansion spatiale limitée à l’orbite terrestre et aux missions robotiques exploratoires. Le système...
- **systemes_productifs_travail** [55.2] : Système productif mondial en transition hybride entre travail humain et automatisation, caractérisé ...

## TENSIONS SYSTÉMIQUES ACTIVES

Ces tensions structurent la réalité de ce monde.
Elles doivent transparaître dans le ton et les faits de l'article.

**Cascades critiques**
- geopolitique_conflits renforce energie_ressources_critiques (poids:0.95 lag:1 cycles)
- energie_ressources_critiques renforce geopolitique_conflits (poids:0.95 lag:1 cycles)
- systeme_economique_redistribution renforce energie_ressources_critiques (poids:0.85 lag:1 cycles)
- geopolitique_conflits renforce organisation_territoires (poids:0.85 lag:1 cycles)
- organisation_territoires renforce geopolitique_conflits (poids:0.85 lag:1 cycles)

**Tensions propres à cette thématique**
- gouvernance_institutions [60] → technologie_information [80] : renforcement (reinforcing)
- technologie_information [80] → gouvernance_institutions [60] : renforcement (reinforcing)

## TRAJECTOIRE 2025 → 2098

Jalons clés qui expliquent comment ce monde s'est construit.
Tu peux y faire référence dans l'article comme à des événements passés connus.

**Signal forcé** [OBLIGATOIRE — doit être mentionné dans l'article]
- [2025-2040] Burkina Faso et Ghana s'opposent sur le barrage de Bagré 2036 :
  → energie ressources critiques : tensions persistantes entre États pour l'accès à l'eau solaire

**Événements injectés** [CUSTOM — font partie de ce monde]
- [automne 2026] Frappes croisées Israël-Iran : l'embrasement contenu :
  → Les images de Fordo en flammes font le tour des réseaux en quelques minutes : Israël vient de franch...
  → Conséquences : Le conflit accélère la fragmentation des marchés énergétiques mondiaux : le Cons...
  → Acteurs : consortium_helios_reference, alliance_blocs_souverains_reference, le_temoin_reference, conseil_regulation_ressources_reference, voix_du_dehors_reference
- [septembre 2039] Acte Fondateur du Pacifique Sud Resilience Network :
  → Depuis la plateforme ancrée à 40 milles nautiques au nord de l'atoll englouti, les délégués de neuf ...
  → Conséquences : Le Protocole de Souveraineté Flottante ouvre une brèche dans le droit internatio...
  → Acteurs : pacifique_sud_resilience_network_reference, fonds_souverains_de_la_ceinture_financiere_pacifique_reference, observatoire_climatique_des_territoires_oct_reference, reseaux_de_gouvernance_multilaterale_survivants_reference, collectifs_de_journalisme_embarque_reference, le_temoin_reference, reseau_des_metropoles_cotieres_adaptees_reference, agence_stabilisation_climatique_reference, reseaux_de_capteurs_citoyens_reference
- [14 mars 2040] L'Attentat des Neuf Nœuds — Crise Majeure Partiellement Absorbée :
  → Le 14 mars 2040, neuf nœuds tombent. La crise dure 23 jours pour les zones les plus touchées. La rép...
  → Conséquences : Réformes partielles de l'architecture numérique mondiale. Tensions durables entr...
- [automne 2041] Enchères du Grand Dégel : la vente aux enchères des terres rares du Kalaallit Nunaat :
  → Nuuk, automne 2041. Les salles de négociation du Katuaq Cultural Centre ont été transformées en war ...
  → Conséquences : L'événement établit un précédent géopolitique majeur : d'autres territoires arct...
  → Acteurs : kalaallit_nunaat_sovereign_fund_reference, bloc_ressources_eurasiatique_bre_reference, conseil_des_etats_nordiques_integres_reference, cartel_des_terres_rares_d_asie_centrale_reference, collectifs_de_peche_inuit_et_sami_reference, conseil_regulation_ressources_reference, arctic_passage_authority_reference, fonds_souverain_arctique_scandinave_reference, consortiums_prives_d_extraction_de_ressources_critiques_reference, prisme_global_reference, ong_de_tracabilite_des_ressources_critiques_reference
- [été-automne 2044] L'Exode des Fours — Migration vers les Grands Lacs :
  → Le journaliste Raj Mehta, couvrant l'événement depuis Toledo en août 2044, décrit des colonnes de vé...
  → Conséquences : L'événement consacre l'effondrement fonctionnel de la gouvernance fédérale résid...
  → Acteurs : bureau_des_territoires_residuels_reference, great_lakes_autonomous_compact_reference, administrations_hybrides_des_cites_relais_peripheriques_reference, plateformes_d_optimisation_territoriale_par_ia_reference, cooperatives_energetiques_decentralisees_reference, observatoire_climatique_des_territoires_oct_reference, le_temoin_reference, fonds_d_investissement_foncier_climatique_reference, agence_stabilisation_climatique_reference
- [automne 2047] Crise de Souveraineté Amazonienne : L'Épreuve de Belém :
  → Automne 2047. Belém brûle d'une lumière rouge : les fumées des zones déforestées illégalement s'accu...
  → Conséquences : L'épreuve de Belém cristallise le statut ambigu mais irréversible du bassin amaz...
  → Acteurs : consortium_amazonia_viva_reference, frente_sert_o_livre_reference, consortiums_energetiques_opaques_reference, corporations_d_extraction_energetique_non_signataires_reference, blocs_signataires_du_pacte_energetique_multilateral_reference, reseaux_de_gouvernance_multilaterale_survivants_reference, collectifs_de_journalistes_independants_regionaux_reference, ong_environnementales_de_terrain_reference, reseaux_de_capteurs_citoyens_reference, front_souverainiste_des_ressources_d_amerique_du_sud_reference, bloc_ressources_eurasiatique_bre_reference, milices_concurrentes_des_droits_de_passage_reference
- [automne 2051] La Sécession des Grands Lacs : Le Compact Autonome de 2051 :
  → Le 14 novembre 2051, sous les verrières de l'ancien Millennium Park transformé en salle des délibéra...
  → Conséquences : La rupture institutionnalise le modèle confédéral hydro-territorial comme répons...
  → Acteurs : great_lakes_autonomous_compact_reference, gouvernements_federaux_residuels_souverainistes_reference, autorites_regionales_de_regulation_hydrologique_reference, federation_communs_territoriaux_reference, administrations_hybrides_des_cites_relais_peripheriques_reference, bloc_ressources_eurasiatique_bre_reference, fonds_souverains_de_la_ceinture_financiere_pacifique_reference, programme_onu_eau_2080_reference, collectifs_de_journalisme_embarque_reference
- [automne 2055] Traité de Belém sur la Souveraineté Carbone Amazonienne :
  → Le 14 novembre 2055, sous une chaleur tropicale alourdie par dix ans de sécheresses cycliques, les d...
  → Conséquences : Le traité institue un précédent juridique fragile mais réel : pour la première f...
  → Acteurs : consortium_amazonia_viva_reference, bloc_ressources_eurasiatique_bre_reference, blocs_signataires_du_pacte_energetique_multilateral_reference, agence_stabilisation_climatique_reference, fonds_monetaire_climatique_fmc_reference, front_souverainiste_des_ressources_d_amerique_du_sud_reference, reseaux_de_gouvernance_multilaterale_survivants_reference, frente_sert_o_livre_reference, ong_environnementales_de_terrain_reference, lobbies_industriels_des_etats_non_signataires_reference
- [novembre 2055] Élection Contestée du Nouveau Parti Commun :
  → Le Nouveau Parti Commun remporte 47% des votes en novembre 2055 dans un contexte de forte polarisati...
  → Conséquences : Polarisation politique accrue aux États-Unis et dans ses zones d'influence. Les ...
- [été 2059] L'Incident du Passage Nord-Ouest — Saisie du Convoi APA :
  → Les eaux grises du Passage Nord-Ouest, déglaciées depuis deux décennies, sont devenues la scène d'un...
  → Conséquences : L'incident cristallise la fracture de gouvernance arctique en forçant les blocs ...
  → Acteurs : arctic_passage_authority_reference, armada_logistique_nordique_reference, kalaallit_nunaat_sovereign_fund_reference, conseil_des_etats_nordiques_integres_reference, collectifs_de_peche_inuit_et_sami_reference, collectifs_de_journalisme_embarque_reference, milices_concurrentes_des_droits_de_passage_reference, fonds_souverain_arctique_scandinave_reference, reseaux_de_gouvernance_multilaterale_survivants_reference
- [automne 2073] La Révolte des Zones Négatives — São Paulo 2073 :
  → Le 14 octobre 2073, les écrans des favelas numériques de Paraisópolis et Cidade Tiradentes s'allumen...
  → Conséquences : L'audit partiel imposé par la négociation crée un précédent institutionnel fragi...
  → Acteurs : rede_paulista_de_distribuic_o_algor_tmica_reference, ligue_des_metropoles_du_sud_pour_les_infrastructures_libres_reference, reseau_meshcommons_netsolidaire_reference, reseaux_de_capteurs_citoyens_reference, prisme_global_reference, plateformes_d_optimisation_territoriale_par_ia_reference, conseil_regulation_algorithmique_reference, frente_sert_o_livre_reference, collectifs_de_journalisme_embarque_reference, bureau_des_territoires_residuels_reference
- [juin 2078] L'Affaire Van Derburgh — Technologies Non Déclarées :
  → Chris van Derburgh, 67 ans, ingénieur retraité à Lyon-Métropole, est arrêté en juin 2078 pour posses...
  → Conséquences : Condamné à une amende et à la déclaration obligatoire de sa collection. L'affair...
  → Acteurs : le_temoin_reference
- [automne 2094] Programme Pilote de Bio-Revenu Universel de Nairobi :
  → Nairobi, automne 2094 — Le quartier de Westlands s'est transformé en laboratoire vivant. Des bornes ...
  → Conséquences : Le programme, s'il survit à ses contestations juridiques, pourrait redéfinir le ...
  → Acteurs : conseil_de_geneve_pour_les_droits_biosociaux_reference, regulateurs_de_l_union_continentale_africaine_reference, federation_des_cliniques_autonomes_reference, internationale_travailleurs_augmentes_reference, conseil_regulation_algorithmique_reference, reseaux_de_medecine_traditionnelle_augmentee_reference, banque_des_communs_reference, collectifs_de_biopiraterie_inversee_reference, consortium_africain_de_biotechnologies_sociales_reference

**Événements historiques clés** (datés — à mentionner naturellement)
- [2024-2041] best-seller mondial sur l'effondrement civilisationnel 2030 :
  → climat environnement global : diffusion croissante des récits d'effondrement dans le débat public
- [2024-2040] premier sondage mondial sur l'acceptation de la transition 2031 :
  → energie ressources critiques : acceptation partielle et contestée selon les groupes sociaux
- [2025-2040] Burkina Faso et Ghana s'opposent sur le barrage de Bagré 2036 :
  → energie ressources critiques : tensions persistantes entre États pour l'accès à l'eau solaire
- [2026-2042] premier rapport sur les lacunes de la gouvernance environnementale mondiale 2033 :
  → gouvernance institutions : gouvernance environnementale multi-niveaux incomplète et appliquée de façon inégale
- [2027-2042] premier scandale judiciaire lié à une décision automatisée 2033 :
  → technologie information : expansion inégale des systèmes décisionnels automatisés sous surveillance croissante
- [2035-2055] premier réacteur à fusion pilote commercial 2052 :
  → energie ressources critiques : développement lent et inégal sans déploiement massif

**Signaux complémentaires** (évolutions sectorielles — à mentionner si pertinent)
- [2023-2038] première étude mondiale sur la polarisation culturelle médiatique 2030 :
  → valeurs culture tempo sociale : persistance des guerres culturelles comme trait récurrent du paysage médiatique
- [2025-2040] premier rapport mondial sur l'accélération des rythmes urbains 2032 :
  → valeurs culture tempo sociale : accélération continue des rythmes urbains malgré des mesures partielles

**Ruptures structurantes** (contexte de fond)
- [POL] révolutions institutionnelles
- [TEC] superintelligence_artificielle
- [TEC] captation massive CO2 atmosphérique
- [TEC] geoengineering climatique global

## ENTITÉS CANONIQUES DE CE MONDE

Ces entités existent dans ce monde avec ces descriptions précises.
Utilise leurs noms exacts. Tu peux les mentionner, les citer, les impliquer dans les faits.
Ne les contredis pas, ne les renomme pas.

**Plateformes Informationnelles Dominantes et leurs IA de Modération** [ACTIF] [impact:5/5]
Elles ne sont plus des outils : elles sont le terrain. En 2098, les cinq conglomérats informationnels survivants et leurs IA de modération intégrées contrôlent l'accès à plus de 78 % des flux d'information publique mondiale, selon le dernier rapport de l'Observatoire des Communs Numériques d'Helsinki. Ni États ni marchés, elles flottent dans un vide juridictionnel soigneusement entretenu, arbitrant en silence ce qui compte comme vrai, urgent, ou simplement visible.
*Tensions* : La tension centrale réside dans leur double nature : outils de stabilisation épistémique dans un monde fragmenté, elles sont simultanément des vecteur...

**Plateformes Centralisées de Narration Officielle** [ACTIF] [impact:5/5]
Nées de la fusion progressive des grandes plateformes mondiales amorcée dès 2032, les Plateformes Centralisées de Narration Officielle constituent aujourd'hui l'épine dorsale informationnelle des blocs régionaux, diffusant quotidiennement vers plus de quatre milliards d'abonnés des récits soigneusement calibrés sur les crises climatiques, énergétiques et géopolitiques. Leur architecture algorithmique, héritée des scandales de gouvernance des années 2030, intègre désormais des couches de validation institutionnelle rendant toute déviation narrative techniquement invisible pour l'utilisateur ordinaire. Ce que leurs détracteurs appellent « la muraille de verre » — cette transparence simulée qui cache une opacité totale — est précisément ce contre quoi se bat le journalisme indépendant de 2098.
*Tensions* : La tension centrale réside dans leur prétention à la neutralité technique masquant une profonde sélectivité politique : dans un monde où les crises se...

**Collectifs Académiques Indépendants** [ACTIF] [impact:4/5]
Dans un monde où la connaissance est devenue un actif stratégique contrôlé par quelques blocs technopolitiques, les Collectifs Académiques Indépendants représentent l'une des dernières lignes de résistance épistémique organisée. Fonctionnant en réseau rhizomique depuis les marges des grandes métropoles jusqu'aux nœuds numériques arctiques, ils publient sans accréditation institutionnelle mais avec une crédibilité forgée par décennies de dissidence documentée. Leur influence dépasse leur taille : ils nourrissent les débats que les institutions officielles n'osent plus tenir.
*Tensions* : La tension fondamentale des CAI réside dans leur paradoxe de visibilité : plus ils gagnent en audience et en crédibilité, plus ils deviennent des cibl...

**Bureaux de Régulation Informationnelle** [ACTIF] [impact:4/5]
Nés dans la tourmente informationnelle des années 2026, les Bureaux de Régulation Informationnelle sont devenus les arbitres incontournables — et contestés — de ce qui mérite d'exister dans l'espace public numérique. Dotés de pouvoirs d'injonction sur les plateformes, les médias et les flux d'agents IA, ils incarnent la réponse institutionnelle à une crise de confiance qui n'a jamais vraiment été résolue. En 2098, leurs décisions de certification ou d'exclusion peuvent faire ou défaire un acteur médiatique en moins de quarante-huit heures.
*Tensions* : Les BRI sont pris en étau entre leur mission de protection de l'espace informationnel et les accusations récurrentes d'instrumentalisation politique p...

**Leena Väinälä** [ACTIF] [impact:4/5]
On la dit impossible à situer. Leena Väinälä donne ses conférences depuis Helsinki ou depuis un nœud de réseau quelconque — personne ne sait toujours lequel — et ses chartes circulent en quarante-deux langues sur des serveurs que personne ne contrôle vraiment. À 71 ans, elle est citée dans les préambules de trois constitutions numériques régionales et figure sur la liste de surveillance de deux États qu'elle refuse de nommer publiquement. Ce que les journalistes retiennent, c'est sa façon de poser la même question depuis vingt ans, avec une patience qui ressemble à de l'obstination : 'Qui délibère, et qui est exclu de la délibération ?' Dans un monde où les plateformes prétendent répondre à tout plus vite qu'un parlement ne siège, la question commence à déranger.
*Tensions* : La tension centrale est celle d'une voix légitime dans un système qui n'a plus d'enceinte pour l'accueillir : ses chartes sont adoptées symboliquement...
*Alliés* : Communs Numériques Agroécologiques, Réseau des Villes-États Pilotes en Gouvernance Participative, Réseau des Chercheurs en Éthique des Systèmes Distribués
*Opposants* : Consortium des Plateformes IA Centralisées Anti-Délibération, Coalition des Gouvernements Contre les Chartes de Déstabilisation, Front Techno-Utopiste de la Décision Automatisée

**ONG de Préservation Patrimoniale Numérique** [ACTIF] [impact:4/5]
Fondée dans le sillage des premières grandes crises informationnelles des années 2020, l'ONG de Préservation Patrimoniale Numérique s'est imposée comme l'une des rares institutions à offrir une mémoire stable dans un monde où les plateformes s'effondrent et où les archives sont réécrites. Ses serveurs décentralisés, répartis entre Lyon-Métropole et Helsinki, conservent aujourd'hui plus de 40 zettaoctets d'archives culturelles et journalistiques menacées. Dans un système de référence où la confiance est une ressource rare, l'organisation est devenue un acteur inattendu de la gouvernance informationnelle mondiale.
*Tensions* : L'organisation est prise en étau entre sa mission universaliste et les pressions des blocs souverains qui revendiquent le contrôle de 'leur' mémoire n...

## CONSIGNE DE RÉDACTION

**Rubrique** : RELIGION & SPIRITUALITÉ

**Format** : chronique | **Longueur** : 200 à 400 mots
**Style** : réflexif
**Niveau émotionnel** : moyen — impliqué sans dramatiser
**Échelle** : globale | **Temporalité** : long terme

**Acteurs à impliquer** : communautés spirituelles, mouvements mystiques, philosophes, religions

**Angle spécifique demandé** : Cet article DOIT être construit spécifiquement autour de l'événement "Burkina Faso et Ghana s'opposent sur le barrage de Bagré 2036" (2025-2040) : tensions persistantes entre États pour l'accès à l'eau solaire

**Date de publication** : à définir dans l'article — une date crédible en 2098

---

Écris maintenant l'article. Commence directement par le titre.

Contraintes impératives :
- Le titre doit être accrocheur et ancré dans le monde décrit
- La date et le lieu de publication apparaissent sous le titre
- L'article utilise des noms propres inventés mais crédibles (personnes, lieux, organisations)
- Aucune référence au mot 'scénario', 'variable', 'simulation'
- Le contexte du monde est montré, pas expliqué
- Les entités canoniques listées ci-dessus DOIVENT être utilisées avec leurs noms et descriptions exactes
- L'article est ancré géographiquement dans la zone **Corridor Arctique Nordique** : les lieux, événements et protagonistes de l'article sont situés dans cette zone ou la mentionnent explicitement comme cadre principal. Les références à d'autres régions du monde restent secondaires.

--- [reference] MÉTADONNÉES ---
  scenario : reference
  thematique : religion_spiritualite
  format : chronique
  longueur : 400 à 700 mots
  ligne_editoriale : pro_pouvoir

============================================================
RÉSUMÉ DU LOT — mode forcer
============================================================
  Réussis : 6
    ✓ fortress_world (dry-run, rien écrit)
    ✓ new_sustainability (dry-run, rien écrit)
    ✓ breakdown (dry-run, rien écrit)
    ✓ eco_communalism (dry-run, rien écrit)
    ✓ policy_reform (dry-run, rien écrit)
    ✓ reference (dry-run, rien écrit)
============================================================

