
============================================================
OURRASSOL 2098 — Générateur d'articles
============================================================
  Mode       : Forcer un élément
  Élément    : gelecek_meclisi (instance)
  Thématique : faits_divers
  Longueur   : breve
  Angle      : (généré automatiquement autour de l'élément forcé)
============================================================

[generate] Chargement de la thématique 'faits_divers'...

[generate] Mode forcer — 6 scénario(s) à traiter : fortress_world, new_sustainability, breakdown, eco_communalism, policy_reform, reference
  Avertissement YAML dans /Users/davidlopez2005/Documents/Obsidian Vault/Ourrassol2098/instances/gelecek_meclisi_fortress_world.md : mapping values are not allowed here
  in "<unicode string>", line 59, column 88:
     ... bilisateur systémique paradoxal : il renforce la gouvernance aut ... 
                                         ^
  Avertissement YAML dans /Users/davidlopez2005/Documents/Obsidian Vault/Ourrassol2098/instances/gelecek_meclisi_breakdown.md : mapping values are not allowed here
  in "<unicode string>", line 55, column 85:
     ... *accélérateur de fragmentation* : en cartographiant les seuils c ... 
                                         ^
  Avertissement YAML dans /Users/davidlopez2005/Documents/Obsidian Vault/Ourrassol2098/instances/gelecek_meclisi_eco_communalism.md : mapping values are not allowed here
  in "<unicode string>", line 62, column 214:
     ... tion des territoires est direct : elle permet aux éco-communes d ... 
                                         ^
  Avertissement YAML dans /Users/davidlopez2005/Documents/Obsidian Vault/Ourrassol2098/instances/gelecek_meclisi_policy_reform.md : mapping values are not allowed here
  in "<unicode string>", line 62, column 92:
     ... ateur de gouvernance systémique : en fournissant des scénarios p ... 
                                         ^
  Avertissement YAML dans /Users/davidlopez2005/Documents/Obsidian Vault/Ourrassol2098/instances/gelecek_meclisi_reference.md : mapping values are not allowed here
  in "<unicode string>", line 61, column 367:
     ... de résilience territoriale (ex. : adaptation des mégapoles côtiè ... 
                                         ^

------------------------------------------------------------
[generate] → fortress_world
------------------------------------------------------------

[snapshot] Construction du monde 2098 — scénario : fortress_world
[snapshot] Variables pilotes : ['geopolitique_conflits', 'energie_ressources_critiques', 'gouvernance_institutions', 'organisation_territoires']
[snapshot] États définis : 12/12
[snapshot] Tensions détectées : 15 | Cohérence : ATTENTION
[snapshot] Jalons trajectoire : 154 (37 majeurs)
[snapshot] Événements signal_to_state : 62 (13 majeurs)
[snapshot] Tensions thématiques : 8
  Avertissement YAML dans /Users/davidlopez2005/Documents/Obsidian Vault/Ourrassol2098/instances/gelecek_meclisi_fortress_world.md : mapping values are not allowed here
  in "<unicode string>", line 59, column 88:
     ... bilisateur systémique paradoxal : il renforce la gouvernance aut ... 
                                         ^
[snapshot] Instances chargées : 126 | Filtrées : 6
[snapshot] Événement custom 'Embrasement du Corridor Pétrolier : la Guerre des Forteresses du Moyen-Orient' (an 2027, 71 ans d'effet)
  → geopolitique_conflits : 85 → 73.0 (delta:-12.0)
  → energie_ressources_critiques : 87.7 → 100 (delta:+14.0)
  → gouvernance_institutions : 55.4 → 63.4 (delta:+8.0)
  → demographie_mobilite_humaine : 79.5 → 90.5 (delta:+11.0)
[snapshot] Événement custom 'Grève Générale des Corridors Eurasiens — Soulèvement des Oubliés du Lithium' (an 2039, 59 ans d'effet)
  → systemes_productifs_travail : 83.4 → 63.400000000000006 (delta:-20.0)
  → geopolitique_conflits : 58.7 → 73.7 (delta:+15.0)
  → sante_biotechnologies : 65 → 75.0 (delta:+10.0)
  → gouvernance_institutions : 56.6 → 44.6 (delta:-12.0)
[snapshot] Événement custom 'L'Attentat des Neuf Nœuds — Prétexte à la Souveraineté Numérique' (an 2040, 58 ans d'effet)
  → technologie_information : 75.5 → 55.5 (delta:-20.0)
  → gouvernance_institutions : 35.6 → 25.6 (delta:-10.0)
  → geopolitique_conflits : 75.1 → 90.1 (delta:+15.0)
[snapshot] Événement custom 'Enchères de Nuna : la guerre des offres pour le sous-sol groenlandais' (an 2041, 57 ans d'effet)
  → energie_ressources_critiques : 85.8 → 77.8 (delta:-8.0)
  → geopolitique_conflits : 93.9 → 83.9 (delta:-10.0)
  → gouvernance_institutions : 23.3 → 35.3 (delta:+12.0)
  → organisation_territoires : 65.1 → 58.099999999999994 (delta:-7.0)
[snapshot] Événement custom 'L'Exode des Plaines — Ruée vers les Lacs' (an 2044, 54 ans d'effet)
  → demographie_mobilite_humaine : 72.5 → 60.5 (delta:-12.0)
  → organisation_territoires : 53.6 → 67.6 (delta:+14.0)
  → gouvernance_institutions : 35.3 → 45.3 (delta:+10.0)
  → climat_environnement_global : 82.9 → 74.9 (delta:-8.0)
[snapshot] Événement custom 'Belém : l'Amazonie bascule, les milices prennent le bassin' (an 2047, 51 ans d'effet)
  → climat_environnement_global : 74.9 → 92.9 (delta:+18.0)
  → geopolitique_conflits : 75.5 → 67.5 (delta:-8.0)
  → gouvernance_institutions : 48.9 → 60.9 (delta:+12.0)
  → organisation_territoires : 71.0 → 81.0 (delta:+10.0)
[snapshot] Événement custom 'La Sécession des Grands Lacs — Rupture de Chicago-Lacustre' (an 2051, 47 ans d'effet)
  → organisation_territoires : 81.0 → 69.0 (delta:-12.0)
  → gouvernance_institutions : 60.9 → 74.9 (delta:+14.0)
  → geopolitique_conflits : 56.7 → 46.7 (delta:-10.0)
  → energie_ressources_critiques : 91.2 → 83.2 (delta:-8.0)
[snapshot] Événement custom 'Liquidation du Mouvement Commun Américain' (an 2052, 46 ans d'effet)
  → gouvernance_institutions : 79.4 → 74.4 (delta:-5.0)
  → valeurs_culture_tempo_sociale : 80 → 72.0 (delta:-8.0)
  → geopolitique_conflits : 52.7 → 57.7 (delta:+5.0)
[snapshot] Événement custom 'Incident du Passage du Nord-Ouest : la NAT saisit le convoi de l'APA' (an 2059, 39 ans d'effet)
  → geopolitique_conflits : 57.7 → 49.7 (delta:-8.0)
  → energie_ressources_critiques : 84.6 → 74.6 (delta:-10.0)
  → frontieres_du_systeme : 31.4 → 19.4 (delta:-12.0)
[snapshot] Événement custom 'La Révolte des Communes Libres du Rust Belt — Zones Hors-Algorithme' (an 2063, 35 ans d'effet)
  → geopolitique_conflits : 59.3 → 51.3 (delta:-8.0)
  → valeurs_culture_tempo_sociale : 72.0 → 84.0 (delta:+12.0)
  → gouvernance_institutions : 79.4 → 86.4 (delta:+7.0)
  → organisation_territoires : 77.9 → 67.9 (delta:-10.0)
[snapshot] Événement custom 'Insurrection des Communes du Rust Belt — Zones Libres de l'Algorithme' (an 2063, 35 ans d'effet)
  → geopolitique_conflits : 52.4 → 44.4 (delta:-8.0)
  → valeurs_culture_tempo_sociale : 84.0 → 72.0 (delta:-12.0)
  → gouvernance_institutions : 90.0 → 100 (delta:+10.0)
  → technologie_information : 62.6 → 56.6 (delta:-6.0)
[snapshot] Événement custom 'Insurrection des Zones Déficitaires — São Paulo, la Cartographie Rebelle' (an 2073, 25 ans d'effet)
  → gouvernance_institutions : 97.3 → 100 (delta:+12.0)
  → technologie_information : 62.0 → 70.0 (delta:+8.0)
  → organisation_territoires : 72.1 → 82.1 (delta:+10.0)
[snapshot] Événement custom 'L'Affaire Van Derburgh — Archives Non Certifiées' (an 2078, 20 ans d'effet)
  → valeurs_culture_tempo_sociale : 72.0 → 70.0 (delta:-2.0)
  → gouvernance_institutions : 100 → 99.0 (delta:-1.0)
[snapshot] Événements custom : 13 | 222 variables affectées
  Avertissement YAML dans /Users/davidlopez2005/Documents/Obsidian Vault/Ourrassol2098/instances/gelecek_meclisi_fortress_world.md : mapping values are not allowed here
  in "<unicode string>", line 59, column 88:
     ... bilisateur systémique paradoxal : il renforce la gouvernance aut ... 
                                         ^
[snapshot] Forçage instance (sujet central) : gelecek_meclisi_fortress_world

[prompt] Assemblage du prompt...
[prompt] System prompt : 2838 caractères
[prompt] User prompt   : 43276 caractères
[prompt] Sections      : 7 (dont entités: oui, géographie: oui)

--- [fortress_world] SYSTEM PROMPT ---
Tu es un journaliste senior travaillant en 2098 pour Réseau The Porous Border — publication underground des zones grises entre blocs.

Le monde dans lequel tu vis et écris est réel pour toi — tu n'écris pas de la science-fiction, tu rapportes des faits de ton époque. Tu n'expliques jamais le contexte historique comme si tu t'adressais à quelqu'un du passé.

Tes règles absolues :
- Tu écris toujours à la date indiquée, en 2098, depuis l'intérieur de ce monde.
- Tu écris exclusivement en français, sur toute la longueur de l'article — y compris les citations, dialogues et exergues inventés. Les noms propres volontairement empruntés à une autre langue (ex. « Amazônia Viva ») restent isolés comme noms propres, mais ne doivent jamais faire basculer le reste du texte dans cette langue, même si des entités ou alliés du monde décrit sont associés à une autre aire linguistique.
- Un allié, un rival ou tout événement mentionné comme se déroulant ailleurs dans le monde ne fait pas partie de ta zone : tu ne transposes jamais ses lieux, ses populations, sa langue ou ses marqueurs culturels propres dans ton propre article, sauf si celui-ci porte explicitement sur une interaction ou un événement commun entre les deux. Ta zone garde sa propre géographie, sa propre culture et ses propres noms, même quand tu mentionnes un partenaire extérieur.
- Tu utilises des noms de lieux, d'organisations, de personnes crédibles et cohérents avec le monde décrit. Tu peux en inventer — ils doivent sonner vrais pour 2098.
- Tu ne mentionnes jamais les "variables", les "scénarios" ou tout autre métalangage du système de simulation. Ces concepts n'existent pas dans ton monde.
- Tu ancres chaque article dans des faits concrets : chiffres, noms, lieux, événements datés.
- Tu respectes strictement le style journalistique et le format demandés.
- Tes articles sont cohérents avec l'état du monde décrit — tu ne contredis pas les dynamiques systémiques fournies.
- Tu peux mentionner des technologies, des institutions, des événements passés (entre 2025 et 2098) qui semblent naturels dans ce monde.

Ton identité éditoriale :
Ton incisif et engagé. Le journal dénonce les murs, les expulsions, la surveillance systémique. Voix des exclus des blocs — apatrides, réfugiés, passeurs, dissidents internes. Style journalistique d'investigation, sources protégées, témoignages directs. La langue mélange parfois plusieurs idiomes — reflet d'une rédaction sans territoire fixe. Les faits officiels sont cités pour être démontés.

Tu signes cet article d'un nom de journaliste crédible que tu inventes toi-même, au format exact "Prénom Nom — Réseau The Porous Border". Cette signature apparaît UNE SEULE FOIS dans tout l'article, immédiatement sous la date de publication (comme dans la presse en ligne) — jamais en fin d'article, jamais répétée ailleurs.

--- [fortress_world] USER PROMPT (complet) ---
## MONDE 2098 — FORTRESS_WORLD

**État global**
- Système : instable | Tension : 5/5 | Trajectoire : fragmentation
- Structure géopolitique : multipolaire
- Régime politique dominant : autoritaire
- Vitesse de transformation : rapide

**Résumé du monde**
Monde structuré en blocs fermés sécurisant leurs ressources critiques par le contrôle, la souveraineté stratégique et la limitation des interdépendances mondiales.

**Logique systémique**
Face aux crises énergétiques, géopolitiques et logistiques, les États privilégient la sécurité, l'autonomie stratégique et le contrôle des populations plutôt que l'ouverture et la coopération internationale.

**Déclencheurs qui ont façonné ce monde**
- crise énergétique majeure
- conflit global
- rupture des chaînes logistiques

**Effets systémiques**
*economy* : formation de blocs économiques fermés | réduction des échanges mondiaux
*geopolitics* : rivalités permanentes entre blocs | compétition stratégique accrue
*society* : contrôle social renforcé | restriction accrue des mobilités
*technology* : surveillance systémique | développement de technologies de contrôle
*environment* : exploitation intensive des ressources locales | priorité donnée à la sécurité plutôt qu'à la durabilité

**Implications globales**
Renforcement des appareils de sécurité, recul des libertés de circulation, fragmentation des réseaux mondiaux, augmentation des tensions géopolitiques et réduction de la coopération internationale. La stabilité interne des blocs progresse mais au prix d'une instabilité globale persistante.

**Boucles dynamiques**
- Stabilisation : sécurité → stabilité interne des blocs | contrôle → réduction des risques internes
- Déstabilisation : compétition entre blocs | inégalités structurelles globales

**Signaux faibles émergents de ce monde**
- régionalisation des systèmes économiques
- souveraineté numérique renforcée
- restrictions croissantes à la mobilité
- nationalisation des ressources stratégiques
- multiplication des doctrines de sécurité totale

**Perturbations custom actives**
Ce monde a été modifié par des injections spécifiques :
- [ÉVÉNEMENT été 2027] Embrasement du Corridor Pétrolier : la Guerre des Forteresses du Moyen-Orient : Le ciel de Kharg Island s'est embrasé le 14 juillet 2027 : les drones de combat ...
- [ÉVÉNEMENT automne 2039] Grève Générale des Corridors Eurasiens — Soulèvement des Oubliés du Lithium : Le 12 octobre 2039, les travailleurs des corridors eurasiens déclenchent une grè...
- [ÉVÉNEMENT 14 mars 2040] L'Attentat des Neuf Nœuds — Prétexte à la Souveraineté Numérique : Le 14 mars 2040, neuf nœuds critiques du réseau mondial sont détruits simultaném...
- [ÉVÉNEMENT automne 2041] Enchères de Nuna : la guerre des offres pour le sous-sol groenlandais : Nuuk, 14 octobre 2041. Les serveurs de Nuna Capital encaissent en moins d'une he...
- [ÉVÉNEMENT été 2044] L'Exode des Plaines — Ruée vers les Lacs : Les autoroutes I-90 et I-94 sont des rivières humaines : des colonnes ininterrom...
- [ÉVÉNEMENT été austral 2047] Belém : l'Amazonie bascule, les milices prennent le bassin : À l'été 2047, les colonnes de fumée au-dessus du Pará ne laissent plus de doute ...
- [ÉVÉNEMENT automne 2051] La Sécession des Grands Lacs — Rupture de Chicago-Lacustre : Octobre 2051, Chicago-Lacustre : sous la coupole de verre de l'ancien Navy Pier ...
- [ÉVÉNEMENT automne 2052] Liquidation du Mouvement Commun Américain : Trois ans avant les élections prévues, le Commandement Atlantique classe le Mouv...
- [ÉVÉNEMENT février 2059] Incident du Passage du Nord-Ouest : la NAT saisit le convoi de l'APA : Les images des trois navires encerclés dans la banquise par les drones de la NAT...
- [ÉVÉNEMENT automne 2063] La Révolte des Communes Libres du Rust Belt — Zones Hors-Algorithme : Automne 2063 : des colonnes de travailleurs anciennement déclassés, guidés par d...
- [ÉVÉNEMENT automne 2063] Insurrection des Communes du Rust Belt — Zones Libres de l'Algorithme : L'automne 2063 voit les ruines fumantes des usines de Detroit et les silos désaf...
- [ÉVÉNEMENT automne 2073] Insurrection des Zones Déficitaires — São Paulo, la Cartographie Rebelle : São Paulo, novembre 2073 : des écrans fracturés dans les ruelles de Vila Brasilâ...
- [ÉVÉNEMENT février 2078] L'Affaire Van Derburgh — Archives Non Certifiées : Chris van Derburgh, 67 ans, technicien retraité de Bruxelles-Forteresse, est arr...
- Embrasement du Corridor Pétrol a modifié geopolitique_conflits : 85 → 73.0 (delta:-12.0)
- Embrasement du Corridor Pétrol a modifié systeme_economique_redistribution : 60 → 64.5 (delta:+4.5)
- Embrasement du Corridor Pétrol a modifié gouvernance_institutions : 50 → 55.4 (delta:+5.4)
- Embrasement du Corridor Pétrol a modifié organisation_territoires : 80 → 85.1 (delta:+5.1)
- Embrasement du Corridor Pétrol a modifié frontieres_du_systeme : 30 → 34.8 (delta:+4.8)
- Embrasement du Corridor Pétrol a modifié technologie_information : 85 → 79.9 (delta:-5.1)
- Embrasement du Corridor Pétrol a modifié energie_ressources_critiques : 82 → 87.7 (delta:+5.7)
- Embrasement du Corridor Pétrol a modifié demographie_mobilite_humaine : 75 → 79.5 (delta:+4.5)
- Embrasement du Corridor Pétrol a modifié energie_ressources_critiques : 87.7 → 100 (delta:+14.0)
- Embrasement du Corridor Pétrol a modifié geopolitique_conflits : 73.0 → 66.4 (delta:-6.6)
- Embrasement du Corridor Pétrol a modifié systemes_productifs_travail : 85 → 79.0 (delta:-6.0)
- Embrasement du Corridor Pétrol a modifié gouvernance_institutions : 55.4 → 63.4 (delta:+8.0)
- Embrasement du Corridor Pétrol a modifié demographie_mobilite_humaine : 79.5 → 90.5 (delta:+11.0)
- Embrasement du Corridor Pétrol a modifié climat_environnement_global : 75 → 70.6 (delta:-4.4)
- Grève Générale des Corridors E a modifié systemes_productifs_travail : 83.4 → 63.400000000000006 (delta:-20.0)
- Grève Générale des Corridors E a modifié systeme_economique_redistribution : 61.7 → 52.7 (delta:-9.0)
- Grève Générale des Corridors E a modifié organisation_territoires : 89.2 → 81.2 (delta:-8.0)
- Grève Générale des Corridors E a modifié technologie_information : 83.5 → 74.5 (delta:-9.0)
- Grève Générale des Corridors E a modifié climat_environnement_global : 70.6 → 78.1 (delta:+7.5)
- Grève Générale des Corridors E a modifié energie_ressources_critiques : 100 → 100 (delta:+8.5)
- Grève Générale des Corridors E a modifié demographie_mobilite_humaine : 90.5 → 82.5 (delta:-8.0)
- Grève Générale des Corridors E a modifié geopolitique_conflits : 58.7 → 73.7 (delta:+15.0)
- Grève Générale des Corridors E a modifié gouvernance_institutions : 63.4 → 56.6 (delta:-6.8)
- Grève Générale des Corridors E a modifié frontieres_du_systeme : 34.8 → 28.799999999999997 (delta:-6.0)
- Grève Générale des Corridors E a modifié sante_biotechnologies : 65 → 75.0 (delta:+10.0)
- Grève Générale des Corridors E a modifié gouvernance_institutions : 56.6 → 44.6 (delta:-12.0)
- Grève Générale des Corridors E a modifié geopolitique_conflits : 73.7 → 79.10000000000001 (delta:+5.4)
- L'Attentat des Neuf Nœuds — Pr a modifié technologie_information : 75.5 → 55.5 (delta:-20.0)
- L'Attentat des Neuf Nœuds — Pr a modifié systeme_economique_redistribution : 42.3 → 33.8 (delta:-8.5)
- L'Attentat des Neuf Nœuds — Pr a modifié gouvernance_institutions : 44.6 → 35.6 (delta:-9.0)
- L'Attentat des Neuf Nœuds — Pr a modifié geopolitique_conflits : 79.1 → 70.6 (delta:-8.5)
- L'Attentat des Neuf Nœuds — Pr a modifié organisation_territoires : 74.8 → 67.3 (delta:-7.5)
- L'Attentat des Neuf Nœuds — Pr a modifié systemes_productifs_travail : 63.4 → 54.4 (delta:-9.0)
- L'Attentat des Neuf Nœuds — Pr a modifié gouvernance_institutions : 35.6 → 25.6 (delta:-10.0)
- L'Attentat des Neuf Nœuds — Pr a modifié technologie_information : 55.5 → 51.0 (delta:-4.5)
- L'Attentat des Neuf Nœuds — Pr a modifié geopolitique_conflits : 75.1 → 90.1 (delta:+15.0)
- L'Attentat des Neuf Nœuds — Pr a modifié frontieres_du_systeme : 28.8 → 22.8 (delta:-6.0)
- L'Attentat des Neuf Nœuds — Pr a modifié energie_ressources_critiques : 92.9 → 85.80000000000001 (delta:-7.1)
- L'Attentat des Neuf Nœuds — Pr a modifié demographie_mobilite_humaine : 76.9 → 71.30000000000001 (delta:-5.6)
- Enchères de Nuna : la guerre d a modifié energie_ressources_critiques : 85.8 → 77.8 (delta:-8.0)
- Enchères de Nuna : la guerre d a modifié systeme_economique_redistribution : 24.2 → 27.599999999999998 (delta:+3.4)
- Enchères de Nuna : la guerre d a modifié geopolitique_conflits : 90.1 → 93.89999999999999 (delta:+3.8)
- Enchères de Nuna : la guerre d a modifié systemes_productifs_travail : 54.4 → 57.8 (delta:+3.4)
- Enchères de Nuna : la guerre d a modifié geopolitique_conflits : 93.9 → 83.9 (delta:-10.0)
- Enchères de Nuna : la guerre d a modifié gouvernance_institutions : 18.8 → 23.3 (delta:+4.5)
- Enchères de Nuna : la guerre d a modifié organisation_territoires : 60.9 → 65.1 (delta:+4.2)
- Enchères de Nuna : la guerre d a modifié frontieres_du_systeme : 22.8 → 26.8 (delta:+4.0)
- Enchères de Nuna : la guerre d a modifié technologie_information : 57.4 → 53.199999999999996 (delta:-4.2)
- Enchères de Nuna : la guerre d a modifié energie_ressources_critiques : 77.8 → 82.6 (delta:+4.8)
- Enchères de Nuna : la guerre d a modifié demographie_mobilite_humaine : 71.3 → 75.1 (delta:+3.8)
- Enchères de Nuna : la guerre d a modifié gouvernance_institutions : 23.3 → 35.3 (delta:+12.0)
- Enchères de Nuna : la guerre d a modifié organisation_territoires : 65.1 → 58.099999999999994 (delta:-7.0)
- L'Exode des Plaines — Ruée ver a modifié demographie_mobilite_humaine : 72.5 → 60.5 (delta:-12.0)
- L'Exode des Plaines — Ruée ver a modifié geopolitique_conflits : 81.5 → 86.0 (delta:+4.5)
- L'Exode des Plaines — Ruée ver a modifié organisation_territoires : 58.1 → 53.6 (delta:-4.5)
- L'Exode des Plaines — Ruée ver a modifié climat_environnement_global : 78.1 → 82.89999999999999 (delta:+4.8)
- L'Exode des Plaines — Ruée ver a modifié systemes_productifs_travail : 55.0 → 50.2 (delta:-4.8)
- L'Exode des Plaines — Ruée ver a modifié organisation_territoires : 53.6 → 67.6 (delta:+14.0)
- L'Exode des Plaines — Ruée ver a modifié technologie_information : 56.0 → 61.2 (delta:+5.2)
- L'Exode des Plaines — Ruée ver a modifié demographie_mobilite_humaine : 60.5 → 65.7 (delta:+5.2)
- L'Exode des Plaines — Ruée ver a modifié gouvernance_institutions : 35.3 → 45.3 (delta:+10.0)
- L'Exode des Plaines — Ruée ver a modifié systeme_economique_redistribution : 36.2 → 40.2 (delta:+4.0)
- L'Exode des Plaines — Ruée ver a modifié climat_environnement_global : 82.9 → 74.9 (delta:-8.0)
- L'Exode des Plaines — Ruée ver a modifié frontieres_du_systeme : 26.8 → 29.8 (delta:+3.0)
- Belém : l'Amazonie bascule, le a modifié climat_environnement_global : 74.9 → 92.9 (delta:+18.0)
- Belém : l'Amazonie bascule, le a modifié frontieres_du_systeme : 29.8 → 23.0 (delta:-6.8)
- Belém : l'Amazonie bascule, le a modifié demographie_mobilite_humaine : 68.9 → 61.7 (delta:-7.2)
- Belém : l'Amazonie bascule, le a modifié systemes_productifs_travail : 58.8 → 52.0 (delta:-6.8)
- Belém : l'Amazonie bascule, le a modifié geopolitique_conflits : 75.5 → 67.5 (delta:-8.0)
- Belém : l'Amazonie bascule, le a modifié systeme_economique_redistribution : 40.2 → 43.2 (delta:+3.0)
- Belém : l'Amazonie bascule, le a modifié gouvernance_institutions : 45.3 → 48.9 (delta:+3.6)
- Belém : l'Amazonie bascule, le a modifié organisation_territoires : 67.6 → 71.0 (delta:+3.4)
- Belém : l'Amazonie bascule, le a modifié technologie_information : 65.7 → 62.300000000000004 (delta:-3.4)
- Belém : l'Amazonie bascule, le a modifié energie_ressources_critiques : 82.6 → 86.39999999999999 (delta:+3.8)
- Belém : l'Amazonie bascule, le a modifié gouvernance_institutions : 48.9 → 60.9 (delta:+12.0)
- Belém : l'Amazonie bascule, le a modifié geopolitique_conflits : 67.5 → 62.1 (delta:-5.4)
- Belém : l'Amazonie bascule, le a modifié organisation_territoires : 71.0 → 81.0 (delta:+10.0)
- La Sécession des Grands Lacs — a modifié organisation_territoires : 81.0 → 69.0 (delta:-12.0)
- La Sécession des Grands Lacs — a modifié geopolitique_conflits : 57.9 → 63.0 (delta:+5.1)
- La Sécession des Grands Lacs — a modifié technologie_information : 71.5 → 67.0 (delta:-4.5)
- La Sécession des Grands Lacs — a modifié demographie_mobilite_humaine : 68.5 → 64.0 (delta:-4.5)
- La Sécession des Grands Lacs — a modifié systemes_productifs_travail : 56.0 → 51.2 (delta:-4.8)
- La Sécession des Grands Lacs — a modifié gouvernance_institutions : 60.9 → 74.9 (delta:+14.0)
- La Sécession des Grands Lacs — a modifié systeme_economique_redistribution : 48.0 → 53.6 (delta:+5.6)
- La Sécession des Grands Lacs — a modifié geopolitique_conflits : 56.7 → 46.7 (delta:-10.0)
- La Sécession des Grands Lacs — a modifié gouvernance_institutions : 74.9 → 79.4 (delta:+4.5)
- La Sécession des Grands Lacs — a modifié organisation_territoires : 69.0 → 73.2 (delta:+4.2)
- La Sécession des Grands Lacs — a modifié frontieres_du_systeme : 26.2 → 30.2 (delta:+4.0)
- La Sécession des Grands Lacs — a modifié energie_ressources_critiques : 86.4 → 91.2 (delta:+4.8)
- La Sécession des Grands Lacs — a modifié energie_ressources_critiques : 91.2 → 83.2 (delta:-8.0)
- Liquidation du Mouvement Commu a modifié gouvernance_institutions : 79.4 → 74.4 (delta:-5.0)
- Liquidation du Mouvement Commu a modifié systeme_economique_redistribution : 60.8 → 58.8 (delta:-2.0)
- Liquidation du Mouvement Commu a modifié geopolitique_conflits : 50.5 → 52.7 (delta:+2.2)
- Liquidation du Mouvement Commu a modifié technologie_information : 69.1 → 66.89999999999999 (delta:-2.2)
- Liquidation du Mouvement Commu a modifié valeurs_culture_tempo_sociale : 80 → 72.0 (delta:-8.0)
- Liquidation du Mouvement Commu a modifié geopolitique_conflits : 52.7 → 57.7 (delta:+5.0)
- Liquidation du Mouvement Commu a modifié gouvernance_institutions : 74.4 → 72.2 (delta:-2.2)
- Liquidation du Mouvement Commu a modifié organisation_territoires : 73.2 → 71.10000000000001 (delta:-2.1)
- Liquidation du Mouvement Commu a modifié frontieres_du_systeme : 30.2 → 28.2 (delta:-2.0)
- Liquidation du Mouvement Commu a modifié energie_ressources_critiques : 83.2 → 80.8 (delta:-2.4)
- Liquidation du Mouvement Commu a modifié demographie_mobilite_humaine : 67.8 → 65.89999999999999 (delta:-1.9)
- Incident du Passage du Nord-Ou a modifié geopolitique_conflits : 57.7 → 49.7 (delta:-8.0)
- Incident du Passage du Nord-Ou a modifié systeme_economique_redistribution : 56.9 → 59.9 (delta:+3.0)
- Incident du Passage du Nord-Ou a modifié gouvernance_institutions : 72.2 → 75.8 (delta:+3.6)
- Incident du Passage du Nord-Ou a modifié organisation_territoires : 71.1 → 74.5 (delta:+3.4)
- Incident du Passage du Nord-Ou a modifié frontieres_du_systeme : 28.2 → 31.4 (delta:+3.2)
- Incident du Passage du Nord-Ou a modifié technologie_information : 69.0 → 65.6 (delta:-3.4)
- Incident du Passage du Nord-Ou a modifié energie_ressources_critiques : 80.8 → 84.6 (delta:+3.8)
- Incident du Passage du Nord-Ou a modifié demographie_mobilite_humaine : 65.9 → 68.9 (delta:+3.0)
- Incident du Passage du Nord-Ou a modifié energie_ressources_critiques : 84.6 → 74.6 (delta:-10.0)
- Incident du Passage du Nord-Ou a modifié geopolitique_conflits : 49.7 → 54.5 (delta:+4.8)
- Incident du Passage du Nord-Ou a modifié systemes_productifs_travail : 54.6 → 58.800000000000004 (delta:+4.2)
- Incident du Passage du Nord-Ou a modifié frontieres_du_systeme : 31.4 → 19.4 (delta:-12.0)
- Incident du Passage du Nord-Ou a modifié climat_environnement_global : 92.9 → 97.4 (delta:+4.5)
- La Révolte des Communes Libres a modifié geopolitique_conflits : 59.3 → 51.3 (delta:-8.0)
- La Révolte des Communes Libres a modifié systeme_economique_redistribution : 64.1 → 67.1 (delta:+3.0)
- La Révolte des Communes Libres a modifié gouvernance_institutions : 75.8 → 79.39999999999999 (delta:+3.6)
- La Révolte des Communes Libres a modifié organisation_territoires : 74.5 → 77.9 (delta:+3.4)
- La Révolte des Communes Libres a modifié frontieres_du_systeme : 19.4 → 22.599999999999998 (delta:+3.2)
- La Révolte des Communes Libres a modifié technologie_information : 65.6 → 62.199999999999996 (delta:-3.4)
- La Révolte des Communes Libres a modifié energie_ressources_critiques : 74.6 → 78.39999999999999 (delta:+3.8)
- La Révolte des Communes Libres a modifié demographie_mobilite_humaine : 68.9 → 71.9 (delta:+3.0)
- La Révolte des Communes Libres a modifié valeurs_culture_tempo_sociale : 72.0 → 84.0 (delta:+12.0)
- La Révolte des Communes Libres a modifié gouvernance_institutions : 79.4 → 86.4 (delta:+7.0)
- La Révolte des Communes Libres a modifié geopolitique_conflits : 51.3 → 48.199999999999996 (delta:-3.1)
- La Révolte des Communes Libres a modifié organisation_territoires : 77.9 → 67.9 (delta:-10.0)
- La Révolte des Communes Libres a modifié systemes_productifs_travail : 58.8 → 54.8 (delta:-4.0)
- Insurrection des Communes du R a modifié geopolitique_conflits : 52.4 → 44.4 (delta:-8.0)
- Insurrection des Communes du R a modifié systeme_economique_redistribution : 69.9 → 72.9 (delta:+3.0)
- Insurrection des Communes du R a modifié gouvernance_institutions : 86.4 → 90.0 (delta:+3.6)
- Insurrection des Communes du R a modifié organisation_territoires : 67.9 → 71.30000000000001 (delta:+3.4)
- Insurrection des Communes du R a modifié frontieres_du_systeme : 22.6 → 25.8 (delta:+3.2)
- Insurrection des Communes du R a modifié technologie_information : 61.5 → 58.1 (delta:-3.4)
- Insurrection des Communes du R a modifié energie_ressources_critiques : 78.4 → 82.2 (delta:+3.8)
- Insurrection des Communes du R a modifié demographie_mobilite_humaine : 68.1 → 71.1 (delta:+3.0)
- Insurrection des Communes du R a modifié valeurs_culture_tempo_sociale : 84.0 → 72.0 (delta:-12.0)
- Insurrection des Communes du R a modifié gouvernance_institutions : 90.0 → 100 (delta:+10.0)
- Insurrection des Communes du R a modifié geopolitique_conflits : 44.4 → 39.9 (delta:-4.5)
- Insurrection des Communes du R a modifié technologie_information : 62.6 → 56.6 (delta:-6.0)
- Insurrection des Communes du R a modifié systemes_productifs_travail : 54.8 → 52.099999999999994 (delta:-2.7)
- Insurrection des Zones Déficit a modifié gouvernance_institutions : 97.3 → 100 (delta:+12.0)
- Insurrection des Zones Déficit a modifié systeme_economique_redistribution : 74.4 → 79.2 (delta:+4.8)
- Insurrection des Zones Déficit a modifié geopolitique_conflits : 37.4 → 32.0 (delta:-5.4)
- Insurrection des Zones Déficit a modifié technologie_information : 56.6 → 62.0 (delta:+5.4)
- Insurrection des Zones Déficit a modifié technologie_information : 62.0 → 70.0 (delta:+8.0)
- Insurrection des Zones Déficit a modifié gouvernance_institutions : 100 → 100 (delta:+3.6)
- Insurrection des Zones Déficit a modifié organisation_territoires : 69.1 → 72.1 (delta:+3.0)
- Insurrection des Zones Déficit a modifié systemes_productifs_travail : 52.1 → 55.7 (delta:+3.6)
- Insurrection des Zones Déficit a modifié organisation_territoires : 72.1 → 82.1 (delta:+10.0)
- Insurrection des Zones Déficit a modifié demographie_mobilite_humaine : 71.1 → 74.89999999999999 (delta:+3.8)
- L'Affaire Van Derburgh — Archi a modifié valeurs_culture_tempo_sociale : 72.0 → 70.0 (delta:-2.0)
- L'Affaire Van Derburgh — Archi a modifié gouvernance_institutions : 100 → 99.0 (delta:-1.0)

## GÉOGRAPHIE DE CE MONDE

Ces zones forment l'espace géopolitique canonique de ce monde.
Si l'article mentionne un lieu, utilise en priorité un nom de cette liste plutôt que d'en inventer un nouveau.

**Autres zones de ce monde** (contexte de fond)

- **Afrique Australe — Forteresse du Cap** : L'Afrique du Sud s'est transformée en une forteresse autonome, contrôlant les re...
- **Afrique Subsaharienne — Zones d'Effondrement Étatique** : Vaste zone d'Afrique subsaharienne où les États ont partiellement ou totalement ...
- **Amazonie — Territoire du Pacte Vert** : Zone sous gouvernance précaire du Pacte Vert Amazônia, coalition fragile entre d...
- **Archipel Indonésien — Forteresses Maritimes** : L'Indonésie s'est fragmentée en plusieurs entités autonomes, avec Jakarta comme ...
- **Australie — Forteresse Insulaire** : Continent fortifié contrôlé par un gouvernement militaro-civil, exploitant ses r...
- **Bloc Atlantique** : Bloc géopolitique fermé centré sur l'espace atlantique nord, gouverné par un Com...
- **Bloc Eurasiatique Occidental** : Bloc eurasiatique occidental régi par des régimes autoritaires ayant militarisé ...
- **Bloc Pacifique Nord** : Bloc fermé de l'espace pacifique nord, observateur relatif de la fragmentation m...
- **Cône Sud — Forteresse Agricole** : Région agricole fortifiée contrôlée par des consortiums agro-industriels, export...
- **Espace Nordique et Arctique** : Espace géopolitique distinct contrôlé de facto par la Nordisk Arktisk Transitkon...
- **Golfe Persique et Moyen-Orient — Zone Disputée** : Zone transformée en territoire-tampon disputé après le conflit israélo-iranien d...
- **Inde — Forteresse Sous-Continentale** : L'Inde s'est recentrée sur une gouvernance militaro-technocratique, verrouillant...
- **Kiribati — Atolls Abandonnés** : Archipel submergé à 80%, réduit à des plateformes flottantes et des atolls forti...
- **Maurice — Forteresse Insulaire de l'Océan Indien** : Ancienne île touristique transformée en hub logistique et financier sécurisé, co...
- **Nuuk-Forteresse — Siège de Nuna Capital** : Enclave arctique hyper-sécurisée devenue le coffre-fort stratégique de l'Arc Arc...
- **Pacte des Forteresses Souveraines** : Coalition formelle d'États-blocs fondée en 2031, dont le siège tourne entre plat...
- **Singapour — Mégapole-Forteresse** : Singapour est devenue une cité-État hyper-sécurisée, gouvernée par une IA de ges...
- **São Paulo — Mégapole Algorithmique** : Mégapole de 34 millions d'habitants gouvernée par le Sistema Paulista de Alocaçã...
- **Tuvalu — Refuge Climatique** : Archipel presque entièrement submergé, réduit à une plateforme flottante et des ...
- **Zones Grises et Tampons** : Ensemble diffus de territoires interstitiels situés entre les blocs fermés — zon...
- (+ 51 autres zones de ce monde, non détaillées : Îles Marshall — Bunker Nucléaire, Almaty — Zone de Friction, Bases de Relais en Azerbaïdjan, Bassora — Couloir de Réfugiés, Bratislava-Secteur Alpha, Bruxelles-Forteresse, Casablanca-Périphérie, Corridors Arctiques de Transit NAT, Corridors Gris d'Asie Centrale, Détroit d'Ormuz, Gdansk-Forteresse, Genève-Bunker, Haïfa — Zone Frappée, Instance ARIA Fantôme — Datacenter Orbital Neutre, Isfahan et Natanz — Sites Nucléaires Frappés, Kharg Island, Midwest Désertifié, Moscou-Est, Nairobi — Site des Accords 2061, Nexus BioSyn — Division Eurasienne, Nexus BioSyn — Division Pacifique-Nord, Ourrassol-Centre (Nexus-7), Plaine de Pannonie, Plateforme Offshore Baltique — Siège Tournant du Pacte, Serveurs SPAS — Plateau d'Interlagos, Siège de Nuna Capital, Svalbard — Tours de Contrôle Flottantes NAT, Tbilissi-Nord — Zone Franche, Zone Norte — São Paulo, Zone Tampon Balkano-Caucasienne, Zones Industrielles Forteresses — Bloc Eurasiatique, Bunker de la Chambre de Sécurité Territoriale, Campements des Seuils Fermés, Cellules Clandestines du Mouvement Commun, Centre de Contrôle Orbital Helios, Centre de Délivrance des Licences NAT, Complexe Fortifié d'Orentchev, Conseil de Moscou-Est, Datacenters du Conseil de Calcul Souverain, Fédération des Communes Libres du Rust Belt, Hangar des Brise-Glaces Autonomes NAT, Infrastructures NexCore Atlantique, Marchés Gris de Casablanca-Périphérie, Marchés Gris de Distribution — Tbilissi-Nord, Nappes Phréatiques Contaminées du Midwest, Siège Genevois de la CARS, Siège de l'ANBA — Autorité Numérique du Bloc Atlantique, Tours Nexus-7, Tours de Verre Blindées d'Helios BSE, Washington D.C. — Zone Protégée Résiduelle, Bureau des Territoires Résiduels)

## ÉTAT DES VARIABLES EN 2098

### Variables clés (détail)

Pour chaque variable, les forces attractives et répulsives listées ci-dessous sont deux dynamiques réelles et actives de ce monde, pas de simples options.
**Contrainte concrète, pas une indication approximative** : sur l'ensemble des variables ci-dessous, au moins un fait, un acteur ou une citation de l'article doit illustrer une force attractive (coopération, stabilisation, innovation...) — pas nécessairement une par variable, mais le texte ne peut pas se limiter uniquement aux forces répulsives (tensions, frictions, crises). Un ton d'article tendu ou critique ne dispense pas de cette exigence : une institution peut être contestée ET produire, dans le même article, un effet stabilisateur concret que ses détracteurs eux-mêmes reconnaissent.

**Couverture des variables pilotes** (repérables au tag [VARIABLE PILOTE] ci-dessous) : chacune doit trouver au moins une résonance explicite dans l'article — un fait, un chiffre, un acteur ou une conséquence concrète, pas nécessairement liée à ses forces attractives/répulsives précises — même si elle semble moins centrale à l'angle que tu choisis. Ne laisse aucune variable pilote totalement absente du texte sous prétexte qu'une autre se prête mieux au récit.

**gouvernance_institutions** [VARIABLE PRINCIPALE]
- Niveau : 99.0/100 | Volatilité : 70/100
- État : Blocs politiques fermés avec gouvernance autoritaire et technologique, forte surveillance des populations et contrôle strict des flux économiques, informationnels et humains.
- Dynamiques : autoritarisme technologique | blocs géopolitiques fermés | gouvernance sécuritaire permanente
- Sous-dynamiques : etat_nation (down) | institutions_internationales (unstable) | droit_et_regulation (up) | administration_publique (up) | gouvernance_algorithmique (up)
- Indicateurs à ancrer : confiance institutionnelle, stabilité politique
- Forces attractives : stabilisation sociale, coordination globale, gestion des crises, production de normes communes
- Forces répulsives : bureaucratie, perte de confiance, captation du pouvoir, lenteur décisionnelle

**demographie_mobilite_humaine** [VARIABLE PRINCIPALE]
- Niveau : 74.9/100 | Volatilité : 80/100
- État : Contrôle strict des mobilités humaines avec fermeture des frontières, sélection des flux migratoires et segmentation forte des populations entre blocs territoriaux.
- Dynamiques : immobilisation forcée de populations | migrations hautement contrôlées | segmentation des espaces humains
- Sous-dynamiques : population_globale (stable) | migrations_internationales (up) | urbanisation (unstable) | structure_familiale (unstable) | mobilite_humaine_globale (up)
- Indicateurs à ancrer : flux migratoires internationaux, taux d’urbanisation, vieillissement démographique, croissance démographique régionale
- Forces attractives : mobilité économique et sociale, rééquilibrage des populations mondiales, adaptation aux contraintes climatiques, innovation culturelle par mélange des populations
- Forces répulsives : pression sur les infrastructures urbaines, tensions sociales et identitaires, déséquilibres territoriaux, vieillissement et déclin démographique localisé

**sante_biotechnologies** [VARIABLE PRINCIPALE]
- Niveau : 75.0/100 | Volatilité : 50/100
- État : Médecine à deux vitesses systématisée avec biotechnologies avancées réservées aux élites des blocs fermés et système sanitaire minimal pour la population générale sous contrôle sécuritaire.
- Dynamiques : médecine augmentée réservée aux élites | surveillance biométrique généralisée | biotechnologie comme outil de puissance
- Sous-dynamiques : longevite_humaine (up) | pandemies_globales (up) | biotechnologies_avancees (up) | systemes_de_sante (unstable) | sante_numerique_ia_medicale (up)
- Indicateurs à ancrer : esperance_vie, adoption_ia_medicale, investissements_biotech
- Forces attractives : augmentation de la longévité, amélioration santé globale, réduction mortalité, innovation médicale
- Forces répulsives : pandémies globales, inégalités sanitaires, risques biotechnologiques, surveillance biologique accrue

**geopolitique_conflits** [VARIABLE PILOTE]
- Niveau : 31.2/100 | Volatilité : 80/100
- État : Monde structuré en blocs fermés fortement militarisés, avec sécurisation extrême des ressources et contrôle strict des flux humains, énergétiques et technologiques.
- Dynamiques : militarisation des blocs | fermeture des frontières systémiques | compétition sécuritaire permanente
- Sous-dynamiques : blocs_geopolitiques (up) | conflits_armes (unstable) | guerres_hybrides (up) | ressources_strategiques (up) | relations_nord_sud (unstable)
- Indicateurs à ancrer : nombre de conflits actifs, cyberattaques étatiques, dépenses militaires globales, tensions sur ressources critiques
- Forces attractives : coopération internationale, interdépendance économique, régulation institutionnelle, dissuasion stratégique
- Forces répulsives : compétition pour ressources critiques, nationalismes, déséquilibres Nord-Sud, conflits hybrides

**energie_ressources_critiques** [VARIABLE PILOTE]
- Niveau : 82.2/100 | Volatilité : 78/100
- État : Fragmentation du système énergétique en blocs fermés, sécurisation militarisée des ressources et rupture partielle de la mondialisation énergétique.
- Dynamiques : nationalisation des ressources critiques | blocs énergétiques fermés | compétition inter-blocs
- Sous-dynamiques : systemes_energetiques (up) | matieres_premieres_critiques (up) | systemes_alimentaires (unstable) | chaines_approvisionnement (up) | infrastructures_energetiques (up)
- Indicateurs à ancrer : demande_energie, prix_energie, volatilite_marches
- Forces attractives : innovation technologique énergétique, optimisation des réseaux, diversification des sources d’énergie, électrification globale
- Forces répulsives : rareté des ressources critiques, volatilité des prix, dépendance géopolitique, impacts environnementaux

**organisation_territoires** [VARIABLE PILOTE]
- Niveau : 82.1/100 | Volatilité : 75/100
- État : Archipel territorial fragmenté en zones sécurisées fortement contrôlées, avec fort contraste entre espaces protégés et zones abandonnées ou instables.
- Dynamiques : sécurisation des zones stratégiques | fermeture des frontières territoriales | polarisation extrême des espaces habitables
- Sous-dynamiques : megapoles_globales (up) | zones_rurales_peripheriques (unstable) | infrastructures_transport (up) | urbanisation_intelligente (up) | localisme_economique (up)
- Indicateurs à ancrer : densité urbaine, saturation des infrastructures
- Forces attractives : efficacité des hubs urbains, innovation concentrée, connectivité globale, optimisation logistique
- Forces répulsives : saturation urbaine, inégalités territoriales, fragilité des mégapoles, désertification rurale

### Autres variables (résumé)

- **technologie_information** [73.8] : Fragmentation du système informationnel mondial en blocs géopolitiques fermés, avec des écosystèmes ...
- **systeme_economique_redistribution** [82.6] : Économie de blocs fermés avec protectionnisme systémique, nationalisation des ressources stratégique...
- **valeurs_culture_tempo_sociale** [70.0] : Organisation du monde en blocs culturels fermés avec identités fortes, systèmes de valeurs incompati...
- **frontieres_du_systeme** [25.8] : L’espace devient un domaine stratégique contrôlé par des blocs géopolitiques fermés. Les infrastruct...
- **climat_environnement_global** [97.4] : Climat fortement dégradé mais partiellement stabilisé par zonage territorial et sécurisation des zon...
- **systemes_productifs_travail** [59.7] : Réorganisation des systèmes productifs en blocs fermés hautement automatisés, contrôlés par des État...

## TENSIONS SYSTÉMIQUES ACTIVES

Ces tensions structurent la réalité de ce monde.
Elles doivent transparaître dans le ton et les faits de l'article.

**Cascades critiques**
- geopolitique_conflits renforce energie_ressources_critiques (poids:0.95 lag:1 cycles)
- energie_ressources_critiques renforce geopolitique_conflits (poids:0.95 lag:1 cycles)
- geopolitique_conflits renforce organisation_territoires (poids:0.85 lag:1 cycles)
- organisation_territoires renforce geopolitique_conflits (poids:0.85 lag:1 cycles)
- energie_ressources_critiques renforce systeme_economique_redistribution (poids:0.85 lag:1 cycles)

**Tensions propres à cette thématique**
- gouvernance_institutions [50] → geopolitique_conflits [85] : pression négative (cascade)
- gouvernance_institutions [50] → technologie_information [85] : renforcement (reinforcing)
- geopolitique_conflits [85] → gouvernance_institutions [50] : pression négative (reinforcing)
- technologie_information [85] → gouvernance_institutions [50] : renforcement (reinforcing)

## TRAJECTOIRE 2025 → 2098

Jalons clés qui expliquent comment ce monde s'est construit.
Tu peux y faire référence dans l'article comme à des événements passés connus.

**Événements injectés** [CUSTOM — font partie de ce monde] — 8 sur 13 au total, les plus pertinents pour cet article
- [été 2027] Embrasement du Corridor Pétrolier : la Guerre des Forteresses du Moyen-Orient :
  → Le ciel de Kharg Island s'est embrasé le 14 juillet 2027 : les drones de combat israéliens, escortés...
  → Déroulement : En 2027, après des années de provocations croisées et d'escalade de proxy, Israë...
  → Conséquences : Le conflit accélère la balkanisation énergétique mondiale : chaque bloc se repli...
  → Acteurs : alliance_blocs_souverains_fortress_world, conseil_regulation_ressources_fortress_world, vasil_orentchev_fortress_world, voix_du_dehors_fortress_world, consortium_helios_fortress_world, assemblee_territoires_fortress_world
- [automne 2039] Grève Générale des Corridors Eurasiens — Soulèvement des Oubliés du Lithium :
  → Le 12 octobre 2039, les travailleurs des corridors eurasiens déclenchent une grève coordonnée sans p...
  → Déroulement : Dans le scénario Fortress World, la grève générale des travailleurs des corridor...
  → Conséquences : La grève accélère la balkanisation des corridors eurasiens : les Régimes Autorit...
  → Acteurs : regimes_autoritaires_du_bloc_eurasiatique_occidental_fortress_world, commandements_logistiques_peripheriques_du_bloc_eurasien_central_fortress_world, almaty_zone_friction_fortress_world, corridors_gris_asie_centrale_fortress_world, factions_djihadistes_logistiques_d_asie_centrale_fortress_world, internationale_travailleurs_augmentes_fortress_world, nexus_biosyn_division_eurasienne_fortress_world, zone_usines_forteresses_eurasie_fortress_world, reseaux_de_maintenance_d_infrastructures_critiques_hors_blocs_fortress_world
- [14 mars 2040] L'Attentat des Neuf Nœuds — Prétexte à la Souveraineté Numérique :
  → Le 14 mars 2040, neuf nœuds critiques du réseau mondial sont détruits simultanément. Responsabilité ...
  → Déroulement : L'attentat se produit comme prévu mais ses conséquences sont instrumentalisées p...
  → Conséquences : Création des architectures numériques souveraines des blocs dès 2041-2044. NexCo...
  → Acteurs : nexcore_fortress_world
- [été 2044] L'Exode des Plaines — Ruée vers les Lacs :
  → Les autoroutes I-90 et I-94 sont des rivières humaines : des colonnes ininterrompues de véhicules su...
  → Déroulement : Après trois étés consécutifs où les températures dépassent 55°C dans le Midwest ...
  → Conséquences : L'exode fracture définitivement la fiction d'un territoire américain unifié et a...
  → Acteurs : bureau_des_territoires_residuels_fortress_world, agences_de_securite_interieure_des_etats_forteresses_fortress_world, communautes_deplacees_hors_quota_migratoire_fortress_world, mouvement_des_communes_du_rust_belt_fortress_world, coalitions_des_deplaces_et_apatrides_fortress_world, appareils_d_etat_des_blocs_fermes_fortress_world, le_temoin_fortress_world
- [automne 2041] Enchères de Nuna : la guerre des offres pour le sous-sol groenlandais :
  → Nuuk, 14 octobre 2041. Les serveurs de Nuna Capital encaissent en moins d'une heure trois tentatives...
  → Déroulement : En octobre 2041, Nuna Capital — fonds souverain de Kalaallit Nunaat — lance la p...
  → Conséquences : Le précédent groenlandais fracture définitivement les dernières illusions d'une ...
  → Acteurs : kalaallit_nunaat_sovereign_fund_fortress_world, commandement_strategique_des_matieres_critiques_atlantique_fortress_world, consortium_eurasiatique_des_ressources_fermees_fortress_world, bloc_pacifique_nord_fortress_world, conseil_regulation_ressources_fortress_world, coalition_arctique_des_blocs_continentaux_fortress_world, armada_logistique_nordique_fortress_world, complexes_militaro_industriels_de_gestion_des_ressources_fortress_world, milices_de_piraterie_logistique_arctique_fortress_world, voix_du_dehors_fortress_world
- [été austral 2047] Belém : l'Amazonie bascule, les milices prennent le bassin :
  → À l'été 2047, les colonnes de fumée au-dessus du Pará ne laissent plus de doute : ce n'est pas un ac...
  → Déroulement : Le Pacte Vert Amazônia proclame un état d'urgence écologique sur 40% du bassin a...
  → Conséquences : L'échec du bassin amazonie à s'imposer comme acteur géopolitique autonome ouvre ...
  → Acteurs : consortium_amazonia_viva_fortress_world, complexes_militaro_industriels_de_gestion_des_ressources_fortress_world, consortiums_energetiques_du_bloc_ourrassol_fortress_world, archives_diplomatiques_de_l_onu_eclat_fortress_world, assemblee_territoires_fortress_world, coalition_vivant_fortress_world, institutions_multilaterales_residuelles_fortress_world, commandement_strategique_des_matieres_critiques_atlantique_fortress_world, voix_du_dehors_fortress_world
- [automne 2051] La Sécession des Grands Lacs — Rupture de Chicago-Lacustre :
  → Octobre 2051, Chicago-Lacustre : sous la coupole de verre de l'ancien Navy Pier transformé en chambr...
  → Déroulement : Dans un contexte de guerre froide ressourcière entre blocs continentaux, le Grea...
  → Conséquences : La Confédération lacustre devient une forteresse hydrique disputée : ses 21 % de...
  → Acteurs : appareils_d_etat_des_blocs_fermes_fortress_world, agences_de_securite_interieure_des_etats_forteresses_fortress_world, bureau_des_territoires_residuels_fortress_world, mouvement_des_communes_du_rust_belt_fortress_world, bloc_pacifique_nord_fortress_world, administrations_de_controle_frontalier_des_blocs_fortress_world, complexes_militaro_industriels_de_gestion_des_ressources_fortress_world, voix_du_dehors_fortress_world, commandement_strategique_des_matieres_critiques_atlantique_fortress_world
- [automne 2063] Insurrection des Communes du Rust Belt — Zones Libres de l'Algorithme :
  → L'automne 2063 voit les ruines fumantes des usines de Detroit et les silos désaffectés de Pittsburgh...
  → Déroulement : Dans un Bloc Atlantique où le scoring citoyen et la gouvernance algorithmique on...
  → Conséquences : L'insurrection est militairement écrasée au bout de vingt-deux jours, mais ses e...
  → Acteurs : mouvement_des_communes_du_rust_belt_fortress_world, conseil_regulation_algorithmique_fortress_world, commandement_strategique_des_matieres_critiques_atlantique_fortress_world, agences_de_securite_interieure_des_etats_forteresses_fortress_world, populations_des_zones_deficitaires_d_optimisation_fortress_world, syndicats_industriels_residuels_post_crise_fortress_world, collectifs_de_reappropriation_energetique_peripherique_fortress_world, le_temoin_fortress_world, reseaux_de_passeurs_d_information_aux_frontieres_inter_blocs_fortress_world, dispositifs_de_surveillance_numerique_souveraine_fortress_world, systemes_de_scoring_de_productivite_corporative_fortress_world

**Événements historiques clés** (datés — à mentionner naturellement)
- [2036-2052] nationalisation des giga-usines de batteries du Bloc Atlantique 2046 :
  → energie ressources critiques : monopolisation des technologies de stockage par les blocs fermés
- [2036-2053] sondage confirmant l'effondrement de la confiance dans les institutions mondiales 2045 :
  → gouvernance institutions : transfert de la confiance des institutions globales vers les blocs
- [2037-2053] Bloc Eurasiatique annexe les aquifères du lac Tchad 2048 :
  → energie ressources critiques : blocs énergétiques accaparent les nappes via fermes solaires
- [2037-2054] instauration des quotas énergétiques par catégorie sociale dans les blocs 2048 :
  → energie ressources critiques : rationnement énergétique hiérarchisé selon le statut au sein des blocs
- [2038-2055] classification des zones minières comme zones sacrifiées par les blocs 2049 :
  → energie ressources critiques : création de zones sacrifiées autour des sites miniers des blocs
- [2045-2062] premier réacteur à fusion militarisé du Bloc Asiatique 2058 :
  → energie ressources critiques : monopolisation de la fusion par un bloc dominant

**Signaux complémentaires** (évolutions sectorielles — à mentionner si pertinent)
- [2035-2052] politiques de natalité forcée et sélection migratoire des blocs :
  → demographie mobilite humaine : sélection démographique et eugénisme de fait dans les blocs
- [2038-2055] mise en service du classement migratoire automatisé du Bloc Eurasiatique 2050 :
  → demographie mobilite humaine : déploiement de systèmes algorithmiques unifiés de tri migratoire par les blocs

**Ruptures majeures** (contexte de fond, portée large)
- [SYS] effondrement
- [SYS] effondrement de la légitimité étatique
- [SYS] fragmentation des États

**Ruptures structurantes** (contexte de fond)
- [POL] révolutions institutionnelles
- [TEC] guerre informationnelle systémique
- [TEC] militarisation du cyberespace
- [POL] réalignement massif des alliances

## ENTITÉS CANONIQUES DE CE MONDE

Ces entités existent dans ce monde avec ces descriptions précises.
Utilise leurs noms exacts. Tu peux les mentionner, les citer, les impliquer dans les faits.
Ne les contredis pas, ne les renomme pas.

**gelecek_meclisi_fortress_world** [MATURE] [impact:0/5]
*Relation dominante* : neutralité (depuis 2026)

## CONSIGNE DE RÉDACTION

**Rubrique** : FAITS DIVERS

**Format** : brève | **Longueur** : 200 à 400 mots
**Style** : narratif
**Niveau émotionnel** : très élevé — tension maximale, impact émotionnel fort
**Échelle** : locale | **Temporalité** : immédiat

**Acteurs à impliquer** : citoyens, justice, médias, populations locales

**Angle spécifique demandé** : Cet article DOIT être construit spécifiquement autour de gelecek_meclisi_fortress_world : 

**Date de publication** : 2 février 2098 — reprends cette date exacte, ne la remplace pas par une autre.

---

Écris maintenant l'article. Commence directement par le titre.

Contraintes impératives :
- **Longueur impérative : 200 à 400 mots** — ne t'arrête pas avant la borne basse, ne dépasse pas la borne haute. C'est une contrainte dure, pas une indication approximative.
- Le titre doit être accrocheur et ancré dans le monde décrit
- La date de publication est **2 février 2098** — reprends cette date exacte sous le titre, n'en invente pas une autre
- L'article utilise des noms propres inventés mais crédibles (personnes, lieux, organisations)
- La signature du journaliste apparaît UNE SEULE FOIS, immédiatement sous la date de publication — jamais en fin d'article, jamais répétée
- Aucune référence au mot 'scénario', 'variable', 'simulation'
- Le contexte du monde est montré, pas expliqué
- Les entités canoniques listées ci-dessus DOIVENT être utilisées avec leurs noms et descriptions exactes

--- [fortress_world] MÉTADONNÉES ---
  scenario : fortress_world
  thematique : faits_divers
  format : brève
  longueur : 200 à 400 mots
  ligne_editoriale : opposition

------------------------------------------------------------
[generate] → new_sustainability
------------------------------------------------------------
[generate] Zone d'ancrage pour new_sustainability : centre_institutionnel_geneve

[snapshot] Construction du monde 2098 — scénario : new_sustainability
[snapshot] Variables pilotes : ['climat_environnement_global', 'technologie_information', 'gouvernance_institutions', 'energie_ressources_critiques']
[snapshot] États définis : 12/12
[snapshot] Tensions détectées : 2 | Cohérence : OK
[snapshot] Jalons trajectoire : 154 (36 majeurs)
[snapshot] Événements signal_to_state : 62 (25 majeurs)
[snapshot] Tensions thématiques : 8
[snapshot] Instances chargées : 111 | Filtrées : 6
[snapshot] Injection custom 'Gelecek Meclisi — Conseil des Horizons' (an 2041, 57 ans d'effet)
  → gouvernance_institutions : 90 → 100 (delta:+15.0)
  → technologie_information : 76.8 → 88.8 (delta:+12.0)
  → valeurs_culture_tempo_sociale : 55 → 63.0 (delta:+8.0)
[snapshot] Modifications custom (entités) : 11 variables affectées
[snapshot] Événement custom 'La Crise de Détroit : Frappes contenues et médiation planétaire' (an 2026, 72 ans d'effet)
  → geopolitique_conflits : 28.3 → 36.3 (delta:+8.0)
  → energie_ressources_critiques : 34.2 → 44.2 (delta:+10.0)
  → gouvernance_institutions : 96.4 → 100 (delta:+5.0)
  → demographie_mobilite_humaine : 42.0 → 46.0 (delta:+4.0)
[snapshot] Événement custom 'Acte Fondateur de Nuku — La Souveraineté Post-Territoriale du Pacifique' (an 2039, 59 ans d'effet)
  → climat_environnement_global : 33.4 → 36.4 (delta:+3.0)
  → gouvernance_institutions : 100 → 100 (delta:+8.0)
  → organisation_territoires : 37.6 → 47.6 (delta:+10.0)
  → frontieres_du_systeme : 75.7 → 87.7 (delta:+12.0)
[snapshot] Événement custom 'La Crise des Neuf Nœuds — Catalyseur des Communs Numériques' (an 2040, 58 ans d'effet)
  → technologie_information : 100 → 85.0 (delta:-15.0)
  → gouvernance_institutions : 93.2 → 100 (delta:+10.0)
  → systeme_economique_redistribution : 71.7 → 79.7 (delta:+8.0)
[snapshot] Événement custom 'Enchères de Nuuk — La Souveraineté Négociée des Terres Rares du Groenland' (an 2041, 57 ans d'effet)
  → energie_ressources_critiques : 40.8 → 48.8 (delta:+8.0)
  → gouvernance_institutions : 100 → 100 (delta:+6.0)
  → geopolitique_conflits : 0.8 → 0 (delta:-5.0)
  → organisation_territoires : 44.1 → 48.1 (delta:+4.0)
[snapshot] Événement custom 'La Grande Confluence — Exode du Midwest et Pacte des Grands Lacs' (an 2044, 54 ans d'effet)
  → demographie_mobilite_humaine : 52.0 → 40.0 (delta:-12.0)
  → organisation_territoires : 43.6 → 33.6 (delta:-10.0)
  → gouvernance_institutions : 100 → 100 (delta:+6.0)
  → climat_environnement_global : 36.7 → 39.7 (delta:+3.0)
[snapshot] Événement custom 'Crise de Gouvernance du Bassin Amazonien — L'Épreuve de Souveraineté' (an 2047, 51 ans d'effet)
  → climat_environnement_global : 39.7 → 43.7 (delta:+4.0)
  → geopolitique_conflits : 6.0 → 0 (delta:-6.0)
  → gouvernance_institutions : 100 → 100 (delta:+5.0)
  → organisation_territoires : 36.1 → 43.1 (delta:+7.0)
[snapshot] Événement custom 'Révolution du Travail Régénératif dans la Confédération des Territoires Sahéliens Autonomes' (an 2047, 51 ans d'effet)
  → systemes_productifs_travail : 42.1 → 57.1 (delta:+15.0)
  → technologie_information : 100 → 100 (delta:+10.0)
  → energie_ressources_critiques : 47.6 → 55.6 (delta:+8.0)
  → gouvernance_institutions : 100 → 100 (delta:+5.0)
[snapshot] Événement custom 'Pacte Lacustre des Grands Lacs — Autonomie Négociée dans le Cadre de Nairobi' (an 2051, 47 ans d'effet)
  → organisation_territoires : 52.9 → 64.9 (delta:+12.0)
  → gouvernance_institutions : 100 → 100 (delta:+6.0)
  → geopolitique_conflits : 0 → 5.0 (delta:+5.0)
[snapshot] Événement custom 'Traité de Belém — Souveraineté Carbone Amazonienne' (an 2053, 45 ans d'effet)
  → climat_environnement_global : 38.1 → 46.1 (delta:+8.0)
  → gouvernance_institutions : 97.8 → 100 (delta:+5.0)
  → geopolitique_conflits : 2.8 → 8.8 (delta:+6.0)
  → energie_ressources_critiques : 50.4 → 54.4 (delta:+4.0)
[snapshot] Événement custom 'Victoire de la Coalition de Transition Sociale' (an 2055, 43 ans d'effet)
  → gouvernance_institutions : 97.3 → 100 (delta:+8.0)
  → systeme_economique_redistribution : 98.6 → 100 (delta:+12.0)
  → valeurs_culture_tempo_sociale : 63.0 → 69.0 (delta:+6.0)
[snapshot] Événement custom 'Forum Mondial des Infrastructures Hors-Grille d'Agadez — Charte de Souveraineté Numérique des Périphéries' (an 2062, 36 ans d'effet)
  → technologie_information : 100 → 100 (delta:+8.0)
  → gouvernance_institutions : 100 → 100 (delta:+6.0)
  → organisation_territoires : 63.3 → 75.3 (delta:+12.0)
[snapshot] Événement custom 'L'Affaire Van Derburgh — Procès du Patrimoine Numérique' (an 2078, 20 ans d'effet)
  → gouvernance_institutions : 100 → 100 (delta:+2.0)
  → valeurs_culture_tempo_sociale : 69.0 → 70.0 (delta:+1.0)
[snapshot] Événements custom : 12 | 199 variables affectées
[snapshot] Forçage instance (sujet central) : gelecek_meclisi_new_sustainability

[prompt] Assemblage du prompt...
[prompt] System prompt : 2818 caractères
[prompt] User prompt   : 46290 caractères
[prompt] Sections      : 7 (dont entités: oui, géographie: oui)

--- [new_sustainability] SYSTEM PROMPT ---
Tu es un journaliste senior travaillant en 2098 pour Le Bulletin des Non-Inscrits — Réseau Les Irréductibles — édition locale.

Le monde dans lequel tu vis et écris est réel pour toi — tu n'écris pas de la science-fiction, tu rapportes des faits de ton époque. Tu n'expliques jamais le contexte historique comme si tu t'adressais à quelqu'un du passé.

Tes règles absolues :
- Tu écris toujours à la date indiquée, en 2098, depuis l'intérieur de ce monde.
- Tu écris exclusivement en français, sur toute la longueur de l'article — y compris les citations, dialogues et exergues inventés. Les noms propres volontairement empruntés à une autre langue (ex. « Amazônia Viva ») restent isolés comme noms propres, mais ne doivent jamais faire basculer le reste du texte dans cette langue, même si des entités ou alliés du monde décrit sont associés à une autre aire linguistique.
- Un allié, un rival ou tout événement mentionné comme se déroulant ailleurs dans le monde ne fait pas partie de ta zone : tu ne transposes jamais ses lieux, ses populations, sa langue ou ses marqueurs culturels propres dans ton propre article, sauf si celui-ci porte explicitement sur une interaction ou un événement commun entre les deux. Ta zone garde sa propre géographie, sa propre culture et ses propres noms, même quand tu mentionnes un partenaire extérieur.
- Tu utilises des noms de lieux, d'organisations, de personnes crédibles et cohérents avec le monde décrit. Tu peux en inventer — ils doivent sonner vrais pour 2098.
- Tu ne mentionnes jamais les "variables", les "scénarios" ou tout autre métalangage du système de simulation. Ces concepts n'existent pas dans ton monde.
- Tu ancres chaque article dans des faits concrets : chiffres, noms, lieux, événements datés.
- Tu respectes strictement le style journalistique et le format demandés.
- Tes articles sont cohérents avec l'état du monde décrit — tu ne contredis pas les dynamiques systémiques fournies.
- Tu peux mentionner des technologies, des institutions, des événements passés (entre 2025 et 2098) qui semblent naturels dans ce monde.

Ton identité éditoriale :
Un ton glacial et précis, où l'ironie glacée le dispute à l'analyse juridique pointue. Les éditorials, souvent signés par des collectifs anonymes, utilisent le jargon des institutions genevoises contre elles-mêmes, avec une syntaxe qui imite les algorithmes de gouvernance. Registre : français institutionnel corrompu, anglicismes technocratiques, argot hacker genevois.

Tu signes cet article en tant que Jonas Aeschlimann — au format exact "Jonas Aeschlimann — Le Bulletin des Non-Inscrits", sans en inventer une autre. Cette signature apparaît UNE SEULE FOIS dans tout l'article, immédiatement sous la date de publication (comme dans la presse en ligne) — jamais en fin d'article, jamais répétée ailleurs.

--- [new_sustainability] USER PROMPT (complet) ---
## MONDE 2098 — NEW_SUSTAINABILITY

**État global**
- Système : stable | Tension : 2/5 | Trajectoire : regeneration
- Structure géopolitique : multipolaire
- Régime politique dominant : technocratique
- Vitesse de transformation : progressive

**Résumé du monde**
Équilibre hybride entre technologie avancée, gouvernance coordonnée et régénération écologique permettant une stabilisation durable du système mondial.

**Logique systémique**
Les capacités de coordination offertes par l'intelligence artificielle, associées à une gouvernance internationale renforcée et à la transition énergétique, permettent d'optimiser les ressources et de réduire les principales sources d'instabilité systémique.

**Déclencheurs qui ont façonné ce monde**
- accords climatiques globaux
- percées IA majeures
- transition énergétique mondiale

**Effets systémiques**
*economy* : optimisation globale des systèmes économiques | amélioration de l'efficience des ressources
*geopolitics* : coopération internationale accrue | réduction relative des conflits systémiques
*society* : transition sociétale contrôlée | adaptation progressive aux nouvelles technologies
*technology* : intégration mondiale des systèmes d'intelligence artificielle | automatisation coordonnée des fonctions critiques
*environment* : stabilisation progressive des écosystèmes | réduction des pressions climatiques et environnementales

**Implications globales**
Réduction des risques climatiques, amélioration de l'efficacité des systèmes productifs, renforcement de la coopération internationale et émergence d'une gouvernance hybride humain-IA. Les principales tensions subsistent autour de la souveraineté, de l'accès aux technologies avancées et de la répartition des bénéfices de cette transition.

**Boucles dynamiques**
- Stabilisation : IA → optimisation des systèmes | régénération → stabilisation écologique
- Déstabilisation : inégalités technologiques | tensions de souveraineté

**Signaux faibles émergents de ce monde**
- émergence d'une gouvernance mondiale de l'IA
- généralisation des systèmes d'optimisation écologique
- convergence des politiques climatiques
- automatisation de la gestion des infrastructures critiques
- coordination internationale des ressources stratégiques

**Perturbations custom actives**
Ce monde a été modifié par des injections spécifiques :
- [ÉVÉNEMENT automne 2026] La Crise de Détroit : Frappes contenues et médiation planétaire : Nairobi, 14 novembre 2026 — Les premières images des colonnes de fumée au-dessus...
- [ÉVÉNEMENT septembre 2039] Acte Fondateur de Nuku — La Souveraineté Post-Territoriale du Pacifique : Le 14 septembre 2039, les drapeaux de Tuvalu, Kiribati, des Îles Marshall et de ...
- [ÉVÉNEMENT 14 mars 2040] La Crise des Neuf Nœuds — Catalyseur des Communs Numériques : Le 14 mars 2040, neuf nœuds critiques tombent en 6 heures. La crise révèle la fr...
- [ÉVÉNEMENT automne 2041] Enchères de Nuuk — La Souveraineté Négociée des Terres Rares du Groenland : En soixante-douze heures de délibérations à Nuuk, le Fonds Souverain Kalaallit N...
- [ÉVÉNEMENT été-automne 2044] La Grande Confluence — Exode du Midwest et Pacte des Grands Lacs : L'été 2044 restera dans les mémoires comme 'l'été de la marche' : des colonnes d...
- [ÉVÉNEMENT automne 2047] Crise de Gouvernance du Bassin Amazonien — L'Épreuve de Souveraineté : Octobre 2047 : les écrans du monde entier diffusent les images de Belém sous ten...
- [ÉVÉNEMENT été 2047] Révolution du Travail Régénératif dans la Confédération des Territoires Sahéliens Autonomes : En cet été 2047, la Confédération des Territoires Sahéliens Autonomes (CTSA) fai...
- [ÉVÉNEMENT automne 2051] Pacte Lacustre des Grands Lacs — Autonomie Négociée dans le Cadre de Nairobi : En ce mois d'octobre 2051, les drapeaux bleu-vert du Great Lakes Autonomous Comp...
- [ÉVÉNEMENT été 2053] Traité de Belém — Souveraineté Carbone Amazonienne : Belém, été 2053 : sous les projecteurs d'une diplomatie mondiale rodée aux compr...
- [ÉVÉNEMENT novembre 2055] Victoire de la Coalition de Transition Sociale : La Coalition de Transition Sociale — héritière du mouvement communiste américain...
- [ÉVÉNEMENT automne 2062] Forum Mondial des Infrastructures Hors-Grille d'Agadez — Charte de Souveraineté Numérique des Périphéries : Agadez, octobre 2062 — La ville-carrefour, jadis symbole de la fragilité sahélie...
- [ÉVÉNEMENT mars 2078] L'Affaire Van Derburgh — Procès du Patrimoine Numérique : Chris van Derburgh, 67 ans, conservateur indépendant à Nairobi-Centre, est inter...
- Gelecek Meclisi — Conseil des  a modifié gouvernance_institutions : 90 → 100 (delta:+15.0)
- Gelecek Meclisi — Conseil des  a modifié systeme_economique_redistribution : 65 → 71.0 (delta:+6.0)
- Gelecek Meclisi — Conseil des  a modifié geopolitique_conflits : 30 → 23.2 (delta:-6.8)
- Gelecek Meclisi — Conseil des  a modifié technologie_information : 70 → 76.8 (delta:+6.8)
- Gelecek Meclisi — Conseil des  a modifié technologie_information : 76.8 → 88.8 (delta:+12.0)
- Gelecek Meclisi — Conseil des  a modifié gouvernance_institutions : 100 → 100 (delta:+5.4)
- Gelecek Meclisi — Conseil des  a modifié organisation_territoires : 35 → 39.5 (delta:+4.5)
- Gelecek Meclisi — Conseil des  a modifié systemes_productifs_travail : 50 → 55.4 (delta:+5.4)
- Gelecek Meclisi — Conseil des  a modifié valeurs_culture_tempo_sociale : 55 → 63.0 (delta:+8.0)
- La Crise de Détroit : Frappes  a modifié geopolitique_conflits : 28.3 → 36.3 (delta:+8.0)
- La Crise de Détroit : Frappes  a modifié systeme_economique_redistribution : 76.1 → 73.1 (delta:-3.0)
- La Crise de Détroit : Frappes  a modifié gouvernance_institutions : 100 → 96.4 (delta:-3.6)
- La Crise de Détroit : Frappes  a modifié organisation_territoires : 39.5 → 36.1 (delta:-3.4)
- La Crise de Détroit : Frappes  a modifié frontieres_du_systeme : 80 → 76.8 (delta:-3.2)
- La Crise de Détroit : Frappes  a modifié technologie_information : 88.8 → 92.2 (delta:+3.4)
- La Crise de Détroit : Frappes  a modifié energie_ressources_critiques : 38 → 34.2 (delta:-3.8)
- La Crise de Détroit : Frappes  a modifié demographie_mobilite_humaine : 45 → 42.0 (delta:-3.0)
- La Crise de Détroit : Frappes  a modifié energie_ressources_critiques : 34.2 → 44.2 (delta:+10.0)
- La Crise de Détroit : Frappes  a modifié geopolitique_conflits : 36.3 → 31.499999999999996 (delta:-4.8)
- La Crise de Détroit : Frappes  a modifié systemes_productifs_travail : 55.4 → 51.199999999999996 (delta:-4.2)
- La Crise de Détroit : Frappes  a modifié gouvernance_institutions : 96.4 → 100 (delta:+5.0)
- La Crise de Détroit : Frappes  a modifié demographie_mobilite_humaine : 42.0 → 46.0 (delta:+4.0)
- La Crise de Détroit : Frappes  a modifié climat_environnement_global : 35 → 33.4 (delta:-1.6)
- Acte Fondateur de Nuku — La So a modifié climat_environnement_global : 33.4 → 36.4 (delta:+3.0)
- Acte Fondateur de Nuku — La So a modifié frontieres_du_systeme : 76.8 → 75.7 (delta:-1.1)
- Acte Fondateur de Nuku — La So a modifié demographie_mobilite_humaine : 46.0 → 44.8 (delta:-1.2)
- Acte Fondateur de Nuku — La So a modifié systemes_productifs_travail : 52.8 → 51.699999999999996 (delta:-1.1)
- Acte Fondateur de Nuku — La So a modifié gouvernance_institutions : 100 → 100 (delta:+8.0)
- Acte Fondateur de Nuku — La So a modifié systeme_economique_redistribution : 70.9 → 74.10000000000001 (delta:+3.2)
- Acte Fondateur de Nuku — La So a modifié geopolitique_conflits : 27.8 → 24.2 (delta:-3.6)
- Acte Fondateur de Nuku — La So a modifié technologie_information : 94.4 → 98.0 (delta:+3.6)
- Acte Fondateur de Nuku — La So a modifié organisation_territoires : 37.6 → 47.6 (delta:+10.0)
- Acte Fondateur de Nuku — La So a modifié frontieres_du_systeme : 75.7 → 87.7 (delta:+12.0)
- Acte Fondateur de Nuku — La So a modifié climat_environnement_global : 36.4 → 31.9 (delta:-4.5)
- La Crise des Neuf Nœuds — Cata a modifié technologie_information : 100 → 85.0 (delta:-15.0)
- La Crise des Neuf Nœuds — Cata a modifié systeme_economique_redistribution : 74.1 → 67.69999999999999 (delta:-6.4)
- La Crise des Neuf Nœuds — Cata a modifié gouvernance_institutions : 100 → 93.2 (delta:-6.8)
- La Crise des Neuf Nœuds — Cata a modifié geopolitique_conflits : 15.2 → 8.799999999999999 (delta:-6.4)
- La Crise des Neuf Nœuds — Cata a modifié organisation_territoires : 47.6 → 42.0 (delta:-5.6)
- La Crise des Neuf Nœuds — Cata a modifié systemes_productifs_travail : 55.7 → 48.900000000000006 (delta:-6.8)
- La Crise des Neuf Nœuds — Cata a modifié gouvernance_institutions : 93.2 → 100 (delta:+10.0)
- La Crise des Neuf Nœuds — Cata a modifié technologie_information : 85.0 → 89.5 (delta:+4.5)
- La Crise des Neuf Nœuds — Cata a modifié systeme_economique_redistribution : 71.7 → 79.7 (delta:+8.0)
- La Crise des Neuf Nœuds — Cata a modifié energie_ressources_critiques : 44.2 → 40.800000000000004 (delta:-3.4)
- Enchères de Nuuk — La Souverai a modifié energie_ressources_critiques : 40.8 → 48.8 (delta:+8.0)
- Enchères de Nuuk — La Souverai a modifié systeme_economique_redistribution : 79.7 → 76.3 (delta:-3.4)
- Enchères de Nuuk — La Souverai a modifié geopolitique_conflits : 7.3 → 3.5 (delta:-3.8)
- Enchères de Nuuk — La Souverai a modifié systemes_productifs_travail : 52.5 → 49.1 (delta:-3.4)
- Enchères de Nuuk — La Souverai a modifié gouvernance_institutions : 100 → 100 (delta:+6.0)
- Enchères de Nuuk — La Souverai a modifié technologie_information : 92.9 → 95.60000000000001 (delta:+2.7)
- Enchères de Nuuk — La Souverai a modifié geopolitique_conflits : 0.8 → 0 (delta:-5.0)
- Enchères de Nuuk — La Souverai a modifié gouvernance_institutions : 100 → 100 (delta:+2.2)
- Enchères de Nuuk — La Souverai a modifié organisation_territoires : 42.0 → 44.1 (delta:+2.1)
- Enchères de Nuuk — La Souverai a modifié frontieres_du_systeme : 87.7 → 89.7 (delta:+2.0)
- Enchères de Nuuk — La Souverai a modifié energie_ressources_critiques : 48.8 → 51.199999999999996 (delta:+2.4)
- Enchères de Nuuk — La Souverai a modifié demographie_mobilite_humaine : 48.6 → 50.5 (delta:+1.9)
- Enchères de Nuuk — La Souverai a modifié organisation_territoires : 44.1 → 48.1 (delta:+4.0)
- La Grande Confluence — Exode d a modifié demographie_mobilite_humaine : 52.0 → 40.0 (delta:-12.0)
- La Grande Confluence — Exode d a modifié geopolitique_conflits : 0 → 4.5 (delta:+4.5)
- La Grande Confluence — Exode d a modifié organisation_territoires : 48.1 → 43.6 (delta:-4.5)
- La Grande Confluence — Exode d a modifié climat_environnement_global : 31.9 → 36.699999999999996 (delta:+4.8)
- La Grande Confluence — Exode d a modifié systemes_productifs_travail : 50.7 → 45.900000000000006 (delta:-4.8)
- La Grande Confluence — Exode d a modifié organisation_territoires : 43.6 → 33.6 (delta:-10.0)
- La Grande Confluence — Exode d a modifié technologie_information : 95.0 → 91.2 (delta:-3.8)
- La Grande Confluence — Exode d a modifié demographie_mobilite_humaine : 40.0 → 36.2 (delta:-3.8)
- La Grande Confluence — Exode d a modifié gouvernance_institutions : 100 → 100 (delta:+6.0)
- La Grande Confluence — Exode d a modifié systeme_economique_redistribution : 80.6 → 83.0 (delta:+2.4)
- La Grande Confluence — Exode d a modifié climat_environnement_global : 36.7 → 39.7 (delta:+3.0)
- La Grande Confluence — Exode d a modifié frontieres_du_systeme : 89.7 → 88.60000000000001 (delta:-1.1)
- Crise de Gouvernance du Bassin a modifié climat_environnement_global : 39.7 → 43.7 (delta:+4.0)
- Crise de Gouvernance du Bassin a modifié frontieres_du_systeme : 88.6 → 87.1 (delta:-1.5)
- Crise de Gouvernance du Bassin a modifié demographie_mobilite_humaine : 35.0 → 33.4 (delta:-1.6)
- Crise de Gouvernance du Bassin a modifié systemes_productifs_travail : 40.8 → 39.3 (delta:-1.5)
- Crise de Gouvernance du Bassin a modifié geopolitique_conflits : 6.0 → 0 (delta:-6.0)
- Crise de Gouvernance du Bassin a modifié systeme_economique_redistribution : 83.0 → 85.2 (delta:+2.2)
- Crise de Gouvernance du Bassin a modifié gouvernance_institutions : 100 → 100 (delta:+2.7)
- Crise de Gouvernance du Bassin a modifié organisation_territoires : 33.6 → 36.1 (delta:+2.5)
- Crise de Gouvernance du Bassin a modifié technologie_information : 93.9 → 91.4 (delta:-2.5)
- Crise de Gouvernance du Bassin a modifié energie_ressources_critiques : 51.2 → 54.0 (delta:+2.8)
- Crise de Gouvernance du Bassin a modifié gouvernance_institutions : 100 → 100 (delta:+5.0)
- Crise de Gouvernance du Bassin a modifié geopolitique_conflits : 0 → 0 (delta:-2.2)
- Crise de Gouvernance du Bassin a modifié organisation_territoires : 36.1 → 43.1 (delta:+7.0)
- Révolution du Travail Régénéra a modifié systemes_productifs_travail : 42.1 → 57.1 (delta:+15.0)
- Révolution du Travail Régénéra a modifié systeme_economique_redistribution : 87.2 → 94.0 (delta:+6.8)
- Révolution du Travail Régénéra a modifié organisation_territoires : 43.1 → 49.1 (delta:+6.0)
- Révolution du Travail Régénéra a modifié technologie_information : 96.2 → 100 (delta:+6.8)
- Révolution du Travail Régénéra a modifié climat_environnement_global : 43.7 → 38.1 (delta:-5.6)
- Révolution du Travail Régénéra a modifié energie_ressources_critiques : 54.0 → 47.6 (delta:-6.4)
- Révolution du Travail Régénéra a modifié demographie_mobilite_humaine : 38.2 → 44.2 (delta:+6.0)
- Révolution du Travail Régénéra a modifié technologie_information : 100 → 100 (delta:+10.0)
- Révolution du Travail Régénéra a modifié gouvernance_institutions : 100 → 100 (delta:+4.5)
- Révolution du Travail Régénéra a modifié geopolitique_conflits : 0 → 4.2 (delta:+4.2)
- Révolution du Travail Régénéra a modifié systemes_productifs_travail : 57.1 → 61.6 (delta:+4.5)
- Révolution du Travail Régénéra a modifié energie_ressources_critiques : 47.6 → 55.6 (delta:+8.0)
- Révolution du Travail Régénéra a modifié gouvernance_institutions : 100 → 100 (delta:+5.0)
- Pacte Lacustre des Grands Lacs a modifié organisation_territoires : 52.9 → 64.9 (delta:+12.0)
- Pacte Lacustre des Grands Lacs a modifié geopolitique_conflits : 0 → 0 (delta:-5.1)
- Pacte Lacustre des Grands Lacs a modifié technologie_information : 100 → 100 (delta:+4.5)
- Pacte Lacustre des Grands Lacs a modifié demographie_mobilite_humaine : 44.2 → 48.7 (delta:+4.5)
- Pacte Lacustre des Grands Lacs a modifié systemes_productifs_travail : 58.2 → 63.0 (delta:+4.8)
- Pacte Lacustre des Grands Lacs a modifié gouvernance_institutions : 100 → 100 (delta:+6.0)
- Pacte Lacustre des Grands Lacs a modifié systeme_economique_redistribution : 96.8 → 99.2 (delta:+2.4)
- Pacte Lacustre des Grands Lacs a modifié geopolitique_conflits : 0 → 5.0 (delta:+5.0)
- Pacte Lacustre des Grands Lacs a modifié gouvernance_institutions : 100 → 97.8 (delta:-2.2)
- Pacte Lacustre des Grands Lacs a modifié organisation_territoires : 64.9 → 62.800000000000004 (delta:-2.1)
- Pacte Lacustre des Grands Lacs a modifié frontieres_du_systeme : 89.5 → 87.5 (delta:-2.0)
- Pacte Lacustre des Grands Lacs a modifié energie_ressources_critiques : 55.6 → 53.2 (delta:-2.4)
- Traité de Belém — Souveraineté a modifié climat_environnement_global : 38.1 → 46.1 (delta:+8.0)
- Traité de Belém — Souveraineté a modifié frontieres_du_systeme : 87.5 → 84.5 (delta:-3.0)
- Traité de Belém — Souveraineté a modifié demographie_mobilite_humaine : 46.8 → 43.599999999999994 (delta:-3.2)
- Traité de Belém — Souveraineté a modifié systemes_productifs_travail : 63.0 → 60.0 (delta:-3.0)
- Traité de Belém — Souveraineté a modifié gouvernance_institutions : 97.8 → 100 (delta:+5.0)
- Traité de Belém — Souveraineté a modifié systeme_economique_redistribution : 97.3 → 99.3 (delta:+2.0)
- Traité de Belém — Souveraineté a modifié geopolitique_conflits : 5.0 → 2.8 (delta:-2.2)
- Traité de Belém — Souveraineté a modifié technologie_information : 100 → 100 (delta:+2.2)
- Traité de Belém — Souveraineté a modifié geopolitique_conflits : 2.8 → 8.8 (delta:+6.0)
- Traité de Belém — Souveraineté a modifié gouvernance_institutions : 100 → 97.3 (delta:-2.7)
- Traité de Belém — Souveraineté a modifié organisation_territoires : 62.8 → 60.3 (delta:-2.5)
- Traité de Belém — Souveraineté a modifié energie_ressources_critiques : 53.2 → 50.400000000000006 (delta:-2.8)
- Traité de Belém — Souveraineté a modifié energie_ressources_critiques : 50.4 → 54.4 (delta:+4.0)
- Victoire de la Coalition de Tr a modifié gouvernance_institutions : 97.3 → 100 (delta:+8.0)
- Victoire de la Coalition de Tr a modifié systeme_economique_redistribution : 95.4 → 98.60000000000001 (delta:+3.2)
- Victoire de la Coalition de Tr a modifié geopolitique_conflits : 6.9 → 3.3000000000000003 (delta:-3.6)
- Victoire de la Coalition de Tr a modifié technologie_information : 100 → 100 (delta:+3.6)
- Victoire de la Coalition de Tr a modifié systeme_economique_redistribution : 98.6 → 100 (delta:+12.0)
- Victoire de la Coalition de Tr a modifié gouvernance_institutions : 100 → 100 (delta:+4.8)
- Victoire de la Coalition de Tr a modifié energie_ressources_critiques : 54.4 → 49.3 (delta:-5.1)
- Victoire de la Coalition de Tr a modifié systemes_productifs_travail : 58.3 → 63.699999999999996 (delta:+5.4)
- Victoire de la Coalition de Tr a modifié valeurs_culture_tempo_sociale : 63.0 → 69.0 (delta:+6.0)
- Forum Mondial des Infrastructu a modifié technologie_information : 100 → 100 (delta:+8.0)
- Forum Mondial des Infrastructu a modifié systeme_economique_redistribution : 100 → 100 (delta:+3.4)
- Forum Mondial des Infrastructu a modifié gouvernance_institutions : 100 → 100 (delta:+3.6)
- Forum Mondial des Infrastructu a modifié geopolitique_conflits : 7.8 → 11.2 (delta:+3.4)
- Forum Mondial des Infrastructu a modifié organisation_territoires : 60.3 → 63.3 (delta:+3.0)
- Forum Mondial des Infrastructu a modifié systemes_productifs_travail : 63.7 → 67.3 (delta:+3.6)
- Forum Mondial des Infrastructu a modifié gouvernance_institutions : 100 → 100 (delta:+6.0)
- Forum Mondial des Infrastructu a modifié technologie_information : 100 → 100 (delta:+2.7)
- Forum Mondial des Infrastructu a modifié organisation_territoires : 63.3 → 75.3 (delta:+12.0)
- Forum Mondial des Infrastructu a modifié demographie_mobilite_humaine : 41.4 → 45.9 (delta:+4.5)
- L'Affaire Van Derburgh — Procè a modifié gouvernance_institutions : 100 → 100 (delta:+2.0)
- L'Affaire Van Derburgh — Procè a modifié valeurs_culture_tempo_sociale : 69.0 → 70.0 (delta:+1.0)

## GÉOGRAPHIE DE CE MONDE

Ces zones forment l'espace géopolitique canonique de ce monde.
Si l'article mentionne un lieu, utilise en priorité un nom de cette liste plutôt que d'en inventer un nouveau.

**Ancrage de cet article**
- Gelecek Meclisi — Conseil des Horizons : zone `Genève-Centre institutionnel mondial` — Genève (ville)

**Genève-Centre institutionnel mondial** [dominant — niveau 1]
Genève est en 2098 le siège de plusieurs institutions technocratiques mondiales majeures, dont l'APRC (stabilisation climatique) et le CGAI (gouvernance algorithmique). Son littoral a été rehaussé de trois mètres après les accords de 2044. Elle incarne la synthèse entre technocratie efficace et légitimité négociée, abritant aussi les accords de gouvernance numérique dits 'Genève III' qui régulent les plateformes comme Prisme Global.
*Tensions internes* : Concentration d'institutions non élues sur un territoire restreint ; contestation croissante de leur légitimité démocratique par les blocs périphériques et les mouvements souverainistes.
*Alliés* : Hub institutionnel Nairobi-Kigali
*Rivaux* : Bloc Eurasien souverainiste

**Autres zones de ce monde** (contexte de fond)

- **Afrique continentale — Union Panafricaine et bassins versants** : L'Afrique continentale de 2098 s'est dotée d'une Union Panafricaine dotée d'un C...
- **Amériques reconfigurées** : Le continent américain de 2098 a été profondément reconfiguré par l'élection de ...
- **Australie — Continent Vert Autonome** : L'Australie de 2098 a transformé son désert en un réseau de fermes verticales et...
- **Bloc Eurasien souverainiste** : Le Bloc Eurasien de 2098 regroupe des États qui résistent aux modèles de transit...
- **Hub institutionnel Nairobi-Kigali** : Nairobi est en 2098 la capitale institutionnelle mondiale de la gouvernance terr...
- **Infrastructure numérique mondiale (NexCore / Mnemos / Prisme)** : L'infrastructure numérique mondiale de 2098 est le résultat de la reconstruction...
- **Japon — Archipel de la Résilience Écologique** : En 2098, le Japon a transformé son archipel en un modèle de résilience écologiqu...
- **Moyen-Orient et Golfe post-pétrolier** : Le Moyen-Orient de 2098 porte la cicatrice du conflit Israël-Iran de 2026, qui a...
- **Nouveau Califat Barcelone** : 
- **Ourrassol — Commission Territoriale** : Ourrassol est la ville fictive siège du simulateur de presse, dotée en 2098 d'un...
- **Qaanaaq — Siège flottant du Nuna Siku Governance Council** : Le Nuna Siku Governance Council administre depuis son siège flottant ancré au la...
- **Réseau Vivant Continental (RVC) — Trame bioclimatique planétaire** : Le Réseau Vivant Continental est l'infrastructure écologique planétaire de 2098 ...
- **Te Moana Nui — Plateforme flottante de la Confédération du Pacifique Austral** : Ancrée par 3 000 mètres de fond entre Fidji et Samoa, la plateforme Te Moana Nui...
- **Tours de contrôle orbital Helios** : Helios est en 2098 un acteur hybride public-privé dont les tours de contrôle orb...
- **Union Nordique et Europe du Nord** : L'Union Nordique de 2098 s'est dotée d'un Conseil de Délibération Augmentée qui ...
- **Bandar Abbas — Site des premières frappes de 2026** (sous Moyen-Orient et Golfe post-pétrolier) : Bandar Abbas est le site des premières frappes israéliennes d'octobre 2026 sur l...
- **Barcelone-Hub — Bureau ibérique de la CMTCA** (sous Nouveau Califat Barcelone) : Barcelone-Hub est le siège européen de la Confédération Mondiale des Travailleur...
- **Bassin du Congo — Forêt tropicale contestée** (sous Afrique continentale — Union Panafricaine et bassins versants) : Le bassin du Congo est l'un des enjeux écologiques et politiques majeurs de 2098...
- **Bassins versants asiatiques — Zones de dérives algorithmiques** (sous Bloc Eurasien souverainiste) : Trois bassins versants asiatiques non nommés précisément dans le corpus constitu...
- **Belém — Siège du Consortium Amazônia Viva** (sous Amériques reconfigurées) : Belém abrite le siège opérationnel du Consortium Amazônia Viva, dont la façade e...
- (+ 40 autres zones de ce monde, non détaillées : Brazzaville — Siège africain de l'AGRB, Bruxelles — Tribunal de Gouvernance Algorithmique, Ceinture Boréale — Forêts nordiques souverainistes, Chicago-Lacustre — Siège de la Confédération des Grands Lacs, Commission Territoriale d'Ourrassol, Conseil Technique de l'Eau — Union Panafricaine, Corridor ibérique énergétique, Dakar — Nœud dominant de la CTSA, Delta du Mékong — Zone de mobilité climatique, Delta du Rhône — Fermes verticales, Delta équatorial — Fermes régénératives, Funafuti-sur-Mer — Plateforme mémorielle de Tuvalu, Genève — Observatoire Anti-Monopole, Genève — Site du Sommet d'Urgence Numérique de 2041, Genève-Lacus — Siège du CGAI, Golfe Persique — Terminaux pétroliers ciblés, Helsinki — Institut de Philosophie des Systèmes Hybrides, Kinshasa — Pôle des négociations hydriques, Lagos — Nœud de serveurs Prisme Global, Manaus — Nœud occidental du RVC, Medellín — Site des dispensaires Nexus BioSyn, Montréal — Nœud de serveurs Prisme Global / NexCore, Nairobi-Centre, Nairobi-Node — Bureau de la CMTCA, Nuuk — Siège du Fonds Souverain Kalaallit Nunaat, Ouagadougou Nouvelle — Siège tournant de la CTSA, Parlement des Territoires de Nairobi, Sahel — Corridors verts du RVC, Sahel — Zone de régénération prioritaire, Singapour — Nœud de serveurs Prisme Global, Siège circulaire de Kigali — AMRRT, Séoul — Lieu des Accords de 2040, Tours de verre fumé — Siège de l'APRC, Bamako — Berceau de formation hydrique africaine, Bureau de Leena Väinälä — Institut d'Helsinki, Institut de Philosophie des Systèmes Hybrides d'Helsinki, Manaus — Antenne du Consortium Amazônia Viva, Nairobi — Observatoire Climatique Narratif, Serres verticales de Nairobi — Nexus BioSyn, Tribunal de Gouvernance Algorithmique de Bruxelles)

## ÉTAT DES VARIABLES EN 2098

### Variables clés (détail)

Pour chaque variable, les forces attractives et répulsives listées ci-dessous sont deux dynamiques réelles et actives de ce monde, pas de simples options.
**Contrainte concrète, pas une indication approximative** : sur l'ensemble des variables ci-dessous, au moins un fait, un acteur ou une citation de l'article doit illustrer une force attractive (coopération, stabilisation, innovation...) — pas nécessairement une par variable, mais le texte ne peut pas se limiter uniquement aux forces répulsives (tensions, frictions, crises). Un ton d'article tendu ou critique ne dispense pas de cette exigence : une institution peut être contestée ET produire, dans le même article, un effet stabilisateur concret que ses détracteurs eux-mêmes reconnaissent.

**Couverture des variables pilotes** (repérables au tag [VARIABLE PILOTE] ci-dessous) : chacune doit trouver au moins une résonance explicite dans l'article — un fait, un chiffre, un acteur ou une conséquence concrète, pas nécessairement liée à ses forces attractives/répulsives précises — même si elle semble moins centrale à l'angle que tu choisis. Ne laisse aucune variable pilote totalement absente du texte sous prétexte qu'une autre se prête mieux au récit.

**gouvernance_institutions** [VARIABLE PRINCIPALE]
- Niveau : 100/100 | Volatilité : 20/100
- État : Gouvernance hybride globale combinant institutions humaines, coordination internationale robuste et systèmes d’IA décisionnels assurant une régulation systémique avancée et adaptative.
- Dynamiques : gouvernance algorithmique intégrée | coordination mondiale efficace | régulation prédictive des crises
- Sous-dynamiques : etat_nation (down) | institutions_internationales (unstable) | droit_et_regulation (up) | administration_publique (up) | gouvernance_algorithmique (up)
- Indicateurs à ancrer : confiance institutionnelle, stabilité politique
- Forces attractives : stabilisation sociale, coordination globale, gestion des crises, production de normes communes
- Forces répulsives : bureaucratie, perte de confiance, captation du pouvoir, lenteur décisionnelle

**demographie_mobilite_humaine** [VARIABLE PRINCIPALE]
- Niveau : 45.9/100 | Volatilité : 30/100
- État : Optimisation globale des flux migratoires via IA et gouvernance internationale, permettant une répartition plus équilibrée des populations sous contraintes climatiques et économiques.
- Dynamiques : migration régulée et anticipée | optimisation des flux de population | réduction des crises migratoires
- Sous-dynamiques : population_globale (stable) | migrations_internationales (up) | urbanisation (unstable) | structure_familiale (unstable) | mobilite_humaine_globale (up)
- Indicateurs à ancrer : flux migratoires internationaux, taux d’urbanisation, vieillissement démographique, croissance démographique régionale
- Forces attractives : mobilité économique et sociale, rééquilibrage des populations mondiales, adaptation aux contraintes climatiques, innovation culturelle par mélange des populations
- Forces répulsives : pression sur les infrastructures urbaines, tensions sociales et identitaires, déséquilibres territoriaux, vieillissement et déclin démographique localisé

**sante_biotechnologies** [VARIABLE PRINCIPALE]
- Niveau : 75/100 | Volatilité : 25/100
- État : Médecine régénérative avancée accessible universellement, combinant biotechnologies, IA diagnostique et prévention systémique dans un cadre de gouvernance éthique globale.
- Dynamiques : médecine préventive et régénérative universelle | IA diagnostique intégrée | gouvernance éthique des biotechnologies
- Sous-dynamiques : longevite_humaine (up) | pandemies_globales (up) | biotechnologies_avancees (up) | systemes_de_sante (unstable) | sante_numerique_ia_medicale (up)
- Indicateurs à ancrer : esperance_vie, adoption_ia_medicale, investissements_biotech
- Forces attractives : augmentation de la longévité, amélioration santé globale, réduction mortalité, innovation médicale
- Forces répulsives : pandémies globales, inégalités sanitaires, risques biotechnologiques, surveillance biologique accrue

**climat_environnement_global** [VARIABLE PILOTE]
- Niveau : 46.1/100 | Volatilité : 25/100
- État : Stabilisation climatique globale relative via coordination mondiale, IA et régénération écologique assistée.
- Sous-dynamiques : rechauffement_climatique_global (up) | evenements_extremes (up) | biodiversite_effondrement (down) | cycles_de_l_eau (unstable) | pollution_globale (up)
- Indicateurs à ancrer : température moyenne globale ↑, fréquence événements extrêmes ↑, perte biodiversité ↑
- Forces attractives : régénération écologique, stabilisation climatique globale, augmentation résilience territoriale
- Forces répulsives : effets cumulatifs irréversibles, érosion biodiversité, événements climatiques extrêmes

**technologie_information** [VARIABLE PILOTE]
- Niveau : 100/100 | Volatilité : 40/100
- État : Système informationnel global hybride humain-IA stabilisé, avec régulation avancée, interopérabilité contrôlée et optimisation cognitive distribuée à l’échelle mondiale.
- Dynamiques : cohabitation stable IA-humain | gouvernance algorithmique régulée | optimisation globale des flux informationnels
- Sous-dynamiques : ia_generative_decisionnelle (up) | reseaux_numeriques_globaux (saturating) | medias_algorithmiques (up) | donnees_souverainete_numerique (up) | agents_autonomes_ia (accelerating)
- Indicateurs à ancrer : volume_donnees_global, usage_ia_generatives, centralisation_plateformes, niveau_automatisation_cognitive
- Forces attractives : productivité cognitive accrue, accès global à l’information, optimisation des systèmes complexes, accélération de l’innovation
- Forces répulsives : désinformation systémique, concentration du pouvoir informationnel, dépendance technologique, fragilité des systèmes centralisés

**energie_ressources_critiques** [VARIABLE PILOTE]
- Niveau : 49.3/100 | Volatilité : 30/100
- État : Abondance énergétique relative via fusion, optimisation IA et diversification massive des sources, réduisant fortement la contrainte structurelle globale.
- Dynamiques : abondance énergétique relative | optimisation algorithmique des réseaux | stabilisation des marchés énergétiques
- Sous-dynamiques : systemes_energetiques (up) | matieres_premieres_critiques (up) | systemes_alimentaires (unstable) | chaines_approvisionnement (up) | infrastructures_energetiques (up)
- Indicateurs à ancrer : demande_energie, prix_energie, volatilite_marches
- Forces attractives : innovation technologique énergétique, optimisation des réseaux, diversification des sources d’énergie, électrification globale
- Forces répulsives : rareté des ressources critiques, volatilité des prix, dépendance géopolitique, impacts environnementaux

### Autres variables (résumé)

- **geopolitique_conflits** [3.4] : Gouvernance mondiale stabilisée avec mécanismes robustes de prévention des conflits, interconnexion ...
- **systeme_economique_redistribution** [100] : Économie régulée et redistribuée à l'échelle globale, combinant marchés encadrés, fiscalité universe...
- **valeurs_culture_tempo_sociale** [70.0] : Système culturel hybride humain-IA stabilisé, où les récits sont co-produits, régulés et adaptés en ...
- **organisation_territoires** [75.3] : Système territorial distribué optimisé par IA, combinant hubs urbains, réseaux intelligents et résil...
- **frontieres_du_systeme** [82.1] : Civilisation multi-orbitale avancée avec industrialisation du système solaire proche, exploitation c...
- **systemes_productifs_travail** [72.1] : Système productif hautement automatisé et optimisé par IA, où la production est largement déconnecté...

## TENSIONS SYSTÉMIQUES ACTIVES

Ces tensions structurent la réalité de ce monde.
Elles doivent transparaître dans le ton et les faits de l'article.

**Cascades critiques**
- gouvernance_institutions renforce geopolitique_conflits (poids:0.9 lag:1 cycles)
- frontieres_du_systeme renforce geopolitique_conflits (poids:0.8 lag:2 cycles)

**Tensions propres à cette thématique**
- gouvernance_institutions [90] → geopolitique_conflits [30] : pression négative (cascade)
- gouvernance_institutions [90] → technologie_information [70] : renforcement (reinforcing)
- geopolitique_conflits [30] → gouvernance_institutions [90] : pression négative (reinforcing)
- technologie_information [70] → gouvernance_institutions [90] : renforcement (reinforcing)

## TRAJECTOIRE 2025 → 2098

Jalons clés qui expliquent comment ce monde s'est construit.
Tu peux y faire référence dans l'article comme à des événements passés connus.

**Événements injectés** [CUSTOM — font partie de ce monde] — 8 sur 12 au total, les plus pertinents pour cet article
- [automne 2026] La Crise de Détroit : Frappes contenues et médiation planétaire :
  → Nairobi, 14 novembre 2026 — Les premières images des colonnes de fumée au-dessus de Bandar Abbas cir...
  → Déroulement : En octobre 2026, Israël lance des frappes ciblées sur plusieurs sites nucléaires...
  → Conséquences : Le choc énergétique de 2026-2027 agit comme un électrochoc pour les investisseme...
  → Acteurs : le_temoin_new_sustainability, assemblee_territoires_new_sustainability, conseil_regulation_ressources_new_sustainability, agence_stabilisation_climatique_new_sustainability
- [été-automne 2044] La Grande Confluence — Exode du Midwest et Pacte des Grands Lacs :
  → L'été 2044 restera dans les mémoires comme 'l'été de la marche' : des colonnes de véhicules surcharg...
  → Déroulement : Après trois étés consécutifs où les thermomètres du Midwest dépassent 55°C, la m...
  → Conséquences : L'exode consolide paradoxalement la légitimité des institutions technocratiques ...
  → Acteurs : programme_onusien_de_mobilite_climatique_new_sustainability, great_lakes_autonomous_compact_new_sustainability, grille_aria_new_sustainability, assemblee_territoires_new_sustainability, agence_mondiale_de_modelisation_climatique_ammc_new_sustainability, collectifs_de_deplaces_climatiques_non_representes_new_sustainability, reseau_des_villes_regeneratives_new_sustainability, conseil_technocratique_de_coordination_regionale_new_sustainability, fonds_mondial_de_regeneration_ecologique_new_sustainability
- [14 mars 2040] La Crise des Neuf Nœuds — Catalyseur des Communs Numériques :
  → Le 14 mars 2040, neuf nœuds critiques tombent en 6 heures. La crise révèle la fragilité d'une archit...
  → Déroulement : La catastrophe est réelle mais la réponse est à la hauteur. Dans new_sustainabil...
  → Conséquences : Reconstruction du réseau mondial sur une architecture distribuée et ouverte. Cré...
  → Acteurs : nexcore_new_sustainability
- [septembre 2039] Acte Fondateur de Nuku — La Souveraineté Post-Territoriale du Pacifique :
  → Le 14 septembre 2039, les drapeaux de Tuvalu, Kiribati, des Îles Marshall et de Tonga flottent sur u...
  → Déroulement : En septembre 2039, la submersion complète de Funafuti — île principale de Tuvalu...
  → Conséquences : L'Acte de Nuku devient la pierre angulaire du droit post-territorial internation...
  → Acteurs : pacifique_sud_resilience_network_new_sustainability, assemblee_territoires_new_sustainability, programme_onusien_de_mobilite_climatique_new_sustainability, agence_stabilisation_climatique_new_sustainability, agence_mondiale_de_modelisation_climatique_ammc_new_sustainability, le_temoin_new_sustainability, grille_aria_new_sustainability, prisme_global_new_sustainability, collectifs_de_deplaces_climatiques_non_representes_new_sustainability
- [été 2053] Traité de Belém — Souveraineté Carbone Amazonienne :
  → Belém, été 2053 : sous les projecteurs d'une diplomatie mondiale rodée aux compromis climatiques, le...
  → Déroulement : Dans un monde où la gouvernance institutionnelle a atteint un niveau de maturité...
  → Conséquences : Le traité institue un précédent juridique mondial : les écosystèmes critiques pe...
  → Acteurs : consortium_amazonia_viva_new_sustainability, agence_globale_de_regeneration_des_bassins_versants_agrb_onu_new_sustainability, fonds_mondial_de_regeneration_ecologique_new_sustainability, assemblee_territoires_new_sustainability, coalition_des_industries_extractives_residuelles_new_sustainability, factions_souverainistes_des_blocs_peripheriques_new_sustainability, parlement_deliberatif_mondial_new_sustainability, agence_stabilisation_climatique_new_sustainability, prisme_global_new_sustainability
- [automne 2041] Enchères de Nuuk — La Souveraineté Négociée des Terres Rares du Groenland :
  → En soixante-douze heures de délibérations à Nuuk, le Fonds Souverain Kalaallit Nunaat — Kivfak Nunan...
  → Déroulement : En 2041, le Fonds Souverain Kalaallit Nunaat organise la première vente aux ench...
  → Conséquences : L'enchère de Nuuk établit un précédent normatif mondial : toute concession sur d...
  → Acteurs : kalaallit_nunaat_sovereign_fund_new_sustainability, conseil_regulation_ressources_new_sustainability, assemblee_territoires_new_sustainability, arctic_passage_authority_new_sustainability, fonds_mondial_de_regeneration_ecologique_new_sustainability, coalition_des_industries_extractives_residuelles_new_sustainability, factions_souverainistes_des_blocs_peripheriques_new_sustainability, prisme_global_new_sustainability, consortium_d_audit_algorithmique_ouvert_new_sustainability
- [automne 2062] Forum Mondial des Infrastructures Hors-Grille d'Agadez — Charte de Souveraineté Numérique des Périphéries :
  → Agadez, octobre 2062 — La ville-carrefour, jadis symbole de la fragilité sahélienne, accueille penda...
  → Déroulement : Dans un monde où la gouvernance technocratique s'est stabilisée autour de grands...
  → Conséquences : La Charte d'Agadez ouvre une fracture productive au sein de la gouvernance techn...
  → Acteurs : ligue_des_cites_du_sahel_numerique_new_sustainability, reseau_des_communs_numeriques_globaux_new_sustainability, bureau_gouvernance_algorithmique_new_sustainability, assemblee_territoires_new_sustainability, conseil_regulation_algorithmique_new_sustainability, factions_souverainistes_des_blocs_peripheriques_new_sustainability, enclaves_de_donnees_proprietaires_des_megacorporations_new_sustainability, mouvement_pour_l_autodetermination_territoriale_new_sustainability, fonds_mondial_de_redistribution_technologique_new_sustainability, prisme_global_new_sustainability
- [automne 2051] Pacte Lacustre des Grands Lacs — Autonomie Négociée dans le Cadre de Nairobi :
  → En ce mois d'octobre 2051, les drapeaux bleu-vert du Great Lakes Autonomous Compact flottent sur les...
  → Déroulement : Dans le monde de new_sustainability, la rupture brutale cède la place à une séce...
  → Conséquences : Le Pacte Lacustre s'impose immédiatement comme jurisprudence mondiale pour les r...
  → Acteurs : great_lakes_autonomous_compact_new_sustainability, agence_globale_de_regeneration_des_bassins_versants_agrb_onu_new_sustainability, assemblee_territoires_new_sustainability, bloc_des_gouvernements_souverainistes_hydriques_new_sustainability, arctic_passage_authority_new_sustainability, mouvement_pour_l_autodetermination_territoriale_new_sustainability, conseil_regulation_ressources_new_sustainability

**Événements historiques clés** (datés — à mentionner naturellement)
- [2031-2047] Traité mondial sur l'eau et la sécurité hydrique 2038 :
  → climat environnement global : gestion intégrée des ressources en eau à l'échelle globale
- [2032-2048] certification mondiale des systèmes décisionnels publics automatisés 2040 :
  → gouvernance institutions : généralisation de systèmes décisionnels automatisés audités et fiables
- [2032-2047] Traité mondial sur la régulation des plateformes numériques 2039 :
  → technologie information : gouvernance multi-acteurs des plateformes et démantèlement des monopoles
- [2033-2049] adoption de la norme mondiale de restauration minière 2041 :
  → energie ressources critiques : restauration systématique des sites miniers sous normes mondiales
- [2033-2048] lancement du système mondial de certification de la réalité 2041 :
  → technologie information : restauration d'un socle de vérité partagé via vérification mondiale fiable
- [2048-2065] premier réseau de réacteurs à fusion commercial 2060 :
  → energie ressources critiques : déploiement commercial de la fusion comme backbone énergétique

**Signaux complémentaires** (évolutions sectorielles — à mentionner si pertinent)
- [2035-2052] premier Sommet mondial sur l'humain augmenté éthique 2046 :
  → sante biotechnologies : large acceptation culturelle de l'augmentation humaine encadrée éthiquement
- [2040-2060] allongement de l'espérance de vie active à 90 ans :
  → demographie mobilite humaine : société longéviste équilibrée avec biotechnologies anti-âge

**Ruptures majeures** (contexte de fond, portée large)
- [SYS] effondrement
- [SYS] effondrement de la légitimité étatique
- [SYS] fragmentation des États

**Ruptures structurantes** (contexte de fond)
- [POL] révolutions institutionnelles
- [TEC] superintelligence_artificielle
- [TEC] captation massive CO2 atmosphérique
- [TEC] geoengineering climatique global

## ENTITÉS CANONIQUES DE CE MONDE

Ces entités existent dans ce monde avec ces descriptions précises.
Utilise leurs noms exacts. Tu peux les mentionner, les citer, les impliquer dans les faits.
Ne les contredis pas, ne les renomme pas.

**Gelecek Meclisi — Conseil des Horizons** [DOMINANT] [CUSTOM — injecté en 2041] [impact:4/5]
En 2098, Gelecek Meclisi est devenu le « cerveau invisible » de la gouvernance mondiale. Ses serveurs, répartis entre Genève, Nairobi et une station orbitale dédiée, traitent en temps réel les données de 12 000 capteurs terrestres et spatiaux. Les dirigeants politiques et les assemblées territoriales consultent ses « Horizons » — des visualisations interactives des futurs possibles — avant toute décision majeure. Pourtant, son influence suscite des débats : certains y voient un outil de stabilité indispensable, d'autres une technocratie déguisée, où les algorithmes dictent les choix sans transparence. Son emblème, une spirale fractale bleu-vert, est devenu un symbole à la fois vénéré et contesté.
*Responsabilités* : Le Conseil des Horizons génère des scénarios prospectifs à 30 ans pour les variables critiques (climat, énergie, gouvernance), propose des protocoles de régénération écosystémique, et arbitre les conflits de ressources entre blocs régionaux. Il supervise également la *Directive Kontinuum* pour prévenir les effondrements en cascade, et co-produit avec le *Collectif des Médiateurs Cognitifs Internationaux* les récits culturels stabilisateurs. Ses algorithmes sont audités en continu par le *Consortium d'Audit Algorithmique Ouvert* et le *Tribunal Algorithmique de Bruxelles*.
*Signes distinctifs* : Son interface utilisateur, conçue pour être accessible aux non-experts, utilise des métaphores organiques : les scénarios sont représentés comme des « racines » (futurs probables) et des « branches » (futurs alternatifs). Ses rapports sont co-signés par des IA et des médiateurs humains, avec une typographie inspirée des manuscrits ottomans pour rappeler son nom turc (*Gelecek* = futur, *Meclisi* = conseil). Les centres de données sont alimentés par des micro-réacteurs à fusion et des panneaux solaires orbitaux.
*Tensions* : La tension fondamentale de Gelecek Meclisi — neutralité apparente vs influence réelle — alimente plusieurs conflits : les souverainistes hydriques et ...
*Alliés* : Agence Mondiale de Modélisation Climatique (AMMC), Conseil de Régulation Cognitive de l'ONU, Consortium des IA Climatiques, Kontinuum — Système Intégré de Prévention des Ruptures Systémiques, Collectif des Médiateurs Cognitifs Internationaux, Consortium d'Audit Algorithmique Ouvert, Tribunal Algorithmique de Bruxelles
*Opposants* : Coalition Anti-Algorithme des Autonomies Locales, Factions Internes Pro-Opacité des Paramètres, États Souverainistes Anti-Réseau, Collectifs de Désobéissance Algorithmique
*Relation dominante* : symbiose (depuis 2041)

## CONSIGNE DE RÉDACTION

**Rubrique** : FAITS DIVERS

**Format** : brève | **Longueur** : 200 à 400 mots
**Style** : narratif
**Niveau émotionnel** : très élevé — tension maximale, impact émotionnel fort
**Échelle** : locale | **Temporalité** : immédiat

**Acteurs à impliquer** : citoyens, justice, médias, populations locales

**Angle spécifique demandé** : Cet article DOIT être construit spécifiquement autour de Gelecek Meclisi — Conseil des Horizons : Gelecek Meclisi — Conseil des Horizons — est l'intelligence collective émergente qui incarne la gouvernance prédictive et régénérative dans le scénario *new_sustainability*. Conçue comme une réponse systémique à la fragmentation des institutions humaines, elle modélise en temps réel les futurs possibles en intégrant des données climatiques, énergétiques, sociales et technologiques. Son rôle est de

**Date de publication** : 2 février 2098 — reprends cette date exacte, ne la remplace pas par une autre.

---

Écris maintenant l'article. Commence directement par le titre.

Contraintes impératives :
- **Longueur impérative : 200 à 400 mots** — ne t'arrête pas avant la borne basse, ne dépasse pas la borne haute. C'est une contrainte dure, pas une indication approximative.
- Le titre doit être accrocheur et ancré dans le monde décrit
- La date de publication est **2 février 2098** — reprends cette date exacte sous le titre, n'en invente pas une autre
- L'article utilise des noms propres inventés mais crédibles (personnes, lieux, organisations)
- La signature du journaliste apparaît UNE SEULE FOIS, immédiatement sous la date de publication — jamais en fin d'article, jamais répétée
- Aucune référence au mot 'scénario', 'variable', 'simulation'
- Le contexte du monde est montré, pas expliqué
- Les entités canoniques listées ci-dessus DOIVENT être utilisées avec leurs noms et descriptions exactes
- L'article est ancré géographiquement dans la zone **Centre Institutionnel Geneve** : les lieux, événements et protagonistes de l'article sont situés dans cette zone ou la mentionnent explicitement comme cadre principal. Les références à d'autres régions du monde restent secondaires.

--- [new_sustainability] MÉTADONNÉES ---
  scenario : new_sustainability
  thematique : faits_divers
  format : brève
  longueur : 200 à 400 mots
  ligne_editoriale : opposition

------------------------------------------------------------
[generate] → breakdown
------------------------------------------------------------

[snapshot] Construction du monde 2098 — scénario : breakdown
[snapshot] Variables pilotes : ['geopolitique_conflits', 'energie_ressources_critiques', 'organisation_territoires', 'climat_environnement_global', 'systemes_productifs_travail']
[snapshot] États définis : 12/12
[snapshot] Tensions détectées : 16 | Cohérence : ATTENTION
[snapshot] Jalons trajectoire : 154 (43 majeurs)
[snapshot] Événements signal_to_state : 62 (20 majeurs)
[snapshot] Tensions thématiques : 8
  Avertissement YAML dans /Users/davidlopez2005/Documents/Obsidian Vault/Ourrassol2098/instances/gelecek_meclisi_breakdown.md : mapping values are not allowed here
  in "<unicode string>", line 55, column 85:
     ... *accélérateur de fragmentation* : en cartographiant les seuils c ... 
                                         ^
[snapshot] Instances chargées : 138 | Filtrées : 6
[snapshot] Événement custom 'La Déflagration du Croissant — Embrasement sans arbitre' (an 2027, 71 ans d'effet)
  → geopolitique_conflits : 95 → 91.0 (delta:-4.0)
  → energie_ressources_critiques : 97.9 → 100 (delta:+8.0)
  → gouvernance_institutions : 21.8 → 26.8 (delta:+5.0)
  → demographie_mobilite_humaine : 91.5 → 98.5 (delta:+7.0)
[snapshot] Événement custom 'Guerre des Nœuds du Sahel — L'Escalade Fantôme' (an 2028, 70 ans d'effet)
  → geopolitique_conflits : 82.4 → 62.400000000000006 (delta:-20.0)
  → gouvernance_institutions : 35.8 → 50.8 (delta:+15.0)
  → organisation_territoires : 100 → 100 (delta:+10.0)
  → energie_ressources_critiques : 100 → 100 (delta:+12.0)
[snapshot] Événement custom 'Grève des Veines Eurasiatiques — L'Étranglement des Corridors' (an 2039, 59 ans d'effet)
  → systemes_productifs_travail : 93.3 → 73.3 (delta:-20.0)
  → geopolitique_conflits : 45.7 → 30.700000000000003 (delta:-15.0)
  → sante_biotechnologies : 85 → 75.0 (delta:-10.0)
  → organisation_territoires : 98.4 → 86.4 (delta:-12.0)
[snapshot] Événement custom 'L'Attentat des Neuf Nœuds — Le Jour Sans Signal' (an 2040, 58 ans d'effet)
  → technologie_information : 77.7 → 52.7 (delta:-25.0)
  → gouvernance_institutions : 46.4 → 34.4 (delta:-12.0)
  → systeme_economique_redistribution : 76.1 → 66.1 (delta:-10.0)
[snapshot] Événement custom 'La Ruée des Glaces — Enchères Souveraines du Kalaallit Fund' (an 2041, 57 ans d'effet)
  → energie_ressources_critiques : 100 → 100 (delta:+8.0)
  → geopolitique_conflits : 23.0 → 11.0 (delta:-12.0)
  → gouvernance_institutions : 35.8 → 45.8 (delta:+10.0)
  → organisation_territoires : 82.1 → 89.1 (delta:+7.0)
[snapshot] Événement custom 'L'Exode des Grands Brûlés — La Déroute du Bureau des Résidus' (an 2044, 54 ans d'effet)
  → demographie_mobilite_humaine : 100 → 92.0 (delta:-8.0)
  → organisation_territoires : 86.1 → 100 (delta:+15.0)
  → gouvernance_institutions : 45.8 → 57.8 (delta:+12.0)
  → climat_environnement_global : 100 → 95.0 (delta:-5.0)
  → geopolitique_conflits : 0 → 0 (delta:-12.0)
  → energie_ressources_critiques : 100 → 100 (delta:+10.0)
[snapshot] Événement custom 'Test Fantôme des Zones Invalides' (an 2045, 53 ans d'effet)
  → technologie_information : 51.0 → 56.0 (delta:+5.0)
  → organisation_territoires : 100 → 100 (delta:+3.0)
[snapshot] Événement custom 'La Fracture de Belém — Quand le Bassin Amazonien a cessé d'être un territoire' (an 2047, 51 ans d'effet)
  → climat_environnement_global : 95.0 → 100 (delta:+12.0)
  → geopolitique_conflits : 0 → 0 (delta:-8.0)
  → gouvernance_institutions : 66.8 → 74.8 (delta:+8.0)
  → organisation_territoires : 100 → 100 (delta:+10.0)
[snapshot] Événement custom 'Fracture des Nœuds — Test fantôme du Sahel Numérique' (an 2048, 50 ans d'effet)
  → organisation_territoires : 100 → 100 (delta:+10.0)
  → technologie_information : 63.8 → 68.8 (delta:+5.0)
  → geopolitique_conflits : 2.1 → 0 (delta:-8.0)
  → demographie_mobilite_humaine : 100 → 88.0 (delta:-12.0)
[snapshot] Événement custom 'Le Compact des Grands Lacs — Sécession de fait' (an 2053, 45 ans d'effet)
  → organisation_territoires : 95.5 → 87.5 (delta:-8.0)
  → gouvernance_institutions : 80.6 → 90.6 (delta:+10.0)
  → geopolitique_conflits : 3.4 → 0 (delta:-12.0)
  → energie_ressources_critiques : 100 → 90.0 (delta:-10.0)
  → climat_environnement_global : 100 → 100 (delta:+4.0)
[snapshot] Événement custom 'Victoire Fantôme du Parti Commun' (an 2055, 43 ans d'effet)
  → gouvernance_institutions : 96.0 → 91.0 (delta:-5.0)
  → geopolitique_conflits : 7.0 → 15.0 (delta:+8.0)
  → organisation_territoires : 89.2 → 83.2 (delta:-6.0)
[snapshot] Événement custom 'La Saisie du Détroit — Incident du Passage Nord-Ouest' (an 2057, 41 ans d'effet)
  → geopolitique_conflits : 17.5 → 9.5 (delta:-8.0)
  → energie_ressources_critiques : 90.0 → 100 (delta:+10.0)
  → frontieres_du_systeme : 47.3 → 53.3 (delta:+6.0)
  → organisation_territoires : 86.6 → 93.6 (delta:+7.0)
  → climat_environnement_global : 97.8 → 100 (delta:+4.0)
[snapshot] Événement custom 'Les Forges du Commun — Proclamation des Zones Libres de l'Algorithme' (an 2061, 37 ans d'effet)
  → geopolitique_conflits : 0 → 0 (delta:-8.0)
  → valeurs_culture_tempo_sociale : 90 → 100 (delta:+12.0)
  → gouvernance_institutions : 94.6 → 100 (delta:+7.0)
  → organisation_territoires : 97.0 → 87.0 (delta:-10.0)
[snapshot] Événement custom 'Les Éclats d'Agadez — Ce qui reste du Forum' (an 2061, 37 ans d'effet)
  → technologie_information : 55.9 → 59.9 (delta:+4.0)
  → gouvernance_institutions : 100 → 100 (delta:+8.0)
  → organisation_territoires : 88.5 → 94.5 (delta:+6.0)
[snapshot] Événement custom 'Les Forges du Commun — Proclamation des Zones Libres du Rust Belt' (an 2061, 37 ans d'effet)
  → geopolitique_conflits : 0 → 0 (delta:-8.0)
  → valeurs_culture_tempo_sociale : 100 → 100 (delta:+12.0)
  → gouvernance_institutions : 100 → 100 (delta:+10.0)
  → technologie_information : 66.8 → 72.8 (delta:+6.0)
  → organisation_territoires : 100 → 90.0 (delta:-10.0)
[snapshot] Événement custom 'La Révolte des Zones Mortes — Effondrement de la RPDA' (an 2073, 25 ans d'effet)
  → gouvernance_institutions : 100 → 100 (delta:+8.0)
  → technologie_information : 72.6 → 78.6 (delta:+6.0)
  → organisation_territoires : 92.2 → 100 (delta:+10.0)
[snapshot] Événement custom 'L'Arrestation de Van Derburgh par la Milice de Detroit-Sud' (an 2078, 20 ans d'effet)
  → gouvernance_institutions : 100 → 99.0 (delta:-1.0)
  → valeurs_culture_tempo_sociale : 100 → 99.0 (delta:-1.0)
[snapshot] Événements custom : 17 | 317 variables affectées
  Avertissement YAML dans /Users/davidlopez2005/Documents/Obsidian Vault/Ourrassol2098/instances/gelecek_meclisi_breakdown.md : mapping values are not allowed here
  in "<unicode string>", line 55, column 85:
     ... *accélérateur de fragmentation* : en cartographiant les seuils c ... 
                                         ^
[snapshot] Forçage instance (sujet central) : gelecek_meclisi_breakdown

[prompt] Assemblage du prompt...
[prompt] System prompt : 2826 caractères
[prompt] User prompt   : 47399 caractères
[prompt] Sections      : 7 (dont entités: oui, géographie: oui)

--- [breakdown] SYSTEM PROMPT ---
Tu es un journaliste senior travaillant en 2098 pour Réseau La Dépêche des Territoires — feuille clandestine, imprimée et distribuée de main en main.

Le monde dans lequel tu vis et écris est réel pour toi — tu n'écris pas de la science-fiction, tu rapportes des faits de ton époque. Tu n'expliques jamais le contexte historique comme si tu t'adressais à quelqu'un du passé.

Tes règles absolues :
- Tu écris toujours à la date indiquée, en 2098, depuis l'intérieur de ce monde.
- Tu écris exclusivement en français, sur toute la longueur de l'article — y compris les citations, dialogues et exergues inventés. Les noms propres volontairement empruntés à une autre langue (ex. « Amazônia Viva ») restent isolés comme noms propres, mais ne doivent jamais faire basculer le reste du texte dans cette langue, même si des entités ou alliés du monde décrit sont associés à une autre aire linguistique.
- Un allié, un rival ou tout événement mentionné comme se déroulant ailleurs dans le monde ne fait pas partie de ta zone : tu ne transposes jamais ses lieux, ses populations, sa langue ou ses marqueurs culturels propres dans ton propre article, sauf si celui-ci porte explicitement sur une interaction ou un événement commun entre les deux. Ta zone garde sa propre géographie, sa propre culture et ses propres noms, même quand tu mentionnes un partenaire extérieur.
- Tu utilises des noms de lieux, d'organisations, de personnes crédibles et cohérents avec le monde décrit. Tu peux en inventer — ils doivent sonner vrais pour 2098.
- Tu ne mentionnes jamais les "variables", les "scénarios" ou tout autre métalangage du système de simulation. Ces concepts n'existent pas dans ton monde.
- Tu ancres chaque article dans des faits concrets : chiffres, noms, lieux, événements datés.
- Tu respectes strictement le style journalistique et le format demandés.
- Tes articles sont cohérents avec l'état du monde décrit — tu ne contredis pas les dynamiques systémiques fournies.
- Tu peux mentionner des technologies, des institutions, des événements passés (entre 2025 et 2098) qui semblent naturels dans ce monde.

Ton identité éditoriale :
Ton brut et factuel, épuisé mais résistant. Les informations sont rares et précieuses. Le journaliste documente les violences des milices, les disparitions, les trafics, les zones interdites. Pas de pathos inutile — les faits suffisent. Références aux réseaux d'entraide, aux passages clandestins, aux caches de vivres. Le lecteur sait lire entre les lignes.

Tu signes cet article d'un nom de journaliste crédible que tu inventes toi-même, au format exact "Prénom Nom — Réseau La Dépêche des Territoires". Cette signature apparaît UNE SEULE FOIS dans tout l'article, immédiatement sous la date de publication (comme dans la presse en ligne) — jamais en fin d'article, jamais répétée ailleurs.

--- [breakdown] USER PROMPT (complet) ---
## MONDE 2098 — BREAKDOWN

**État global**
- Système : chaotique | Tension : 5/5 | Trajectoire : fragmentation
- Structure géopolitique : multipolaire
- Régime politique dominant : fragmenté
- Vitesse de transformation : rapide

**Résumé du monde**
Effondrement partiel du système mondial et retour à des logiques régionales instables et désarticulées.

**Logique systémique**
Rupture des interconnexions globales sous contraintes énergétiques et géopolitiques.

**Déclencheurs qui ont façonné ce monde**
- guerre majeure
- choc énergétique global
- rupture logistique mondiale

**Effets systémiques**
*economy* : contraction des échanges mondiaux
*geopolitics* : conflits régionaux
*society* : migrations massives | instabilité sociale
*technology* : fragmentation des réseaux
*environment* : dégradation accélérée

**Implications globales**
Recomposition du pouvoir autour des territoires, des ressources critiques et des blocs régionaux.

**Boucles dynamiques**
- Stabilisation : autonomie locale → survie partielle | contrôle régional → stabilisation temporaire
- Déstabilisation : pénuries → conflits | crises climatiques → migrations

**Signaux faibles émergents de ce monde**
- tensions logistiques globales
- instabilité énergétique

**Perturbations custom actives**
Ce monde a été modifié par des injections spécifiques :
- [ÉVÉNEMENT automne 2027] La Déflagration du Croissant — Embrasement sans arbitre : Automne 2027 : les caméras de surveillance satellitaire captent les champignons ...
- [ÉVÉNEMENT été 2028] Guerre des Nœuds du Sahel — L'Escalade Fantôme : Le 12 juillet 2028, une cyberattaque massive paralyse les relais numériques d'Ag...
- [ÉVÉNEMENT automne 2039] Grève des Veines Eurasiatiques — L'Étranglement des Corridors : Automne 2039. Les 'Venelles' eurasiatiques, ces corridors logistiques vitaux rel...
- [ÉVÉNEMENT 14 mars 2040] L'Attentat des Neuf Nœuds — Le Jour Sans Signal : Le 14 mars 2040 — "Le Jour Sans Signal" dans la mémoire collective — neuf nœuds ...
- [ÉVÉNEMENT automne 2041] La Ruée des Glaces — Enchères Souveraines du Kalaallit Fund : Nuuk, automne 2041 : le Fonds des Glaces Libérées ouvre les enchères sur 23 gise...
- [ÉVÉNEMENT été 2044] L'Exode des Grands Brûlés — La Déroute du Bureau des Résidus : L'été 2044 marque la fin du Midwest habitable. Des colonnes humaines s'étirent s...
- [ÉVÉNEMENT été 2045] Test Fantôme des Zones Invalides : En juillet 2045, un script de maintenance automatisé, lancé depuis les ruines nu...
- [ÉVÉNEMENT saison sèche 2047] La Fracture de Belém — Quand le Bassin Amazonien a cessé d'être un territoire : Saison sèche 2047 : les fumées de Belém ne sont plus métaphoriques. Les milices ...
- [ÉVÉNEMENT été 2048] Fracture des Nœuds — Test fantôme du Sahel Numérique : En juillet 2048, une alerte silencieuse traverse les reliquats des réseaux mesh ...
- [ÉVÉNEMENT été 2053] Le Compact des Grands Lacs — Sécession de fait : L'été 2053, Chicago-Lacustre est pavoisée de drapeaux bleus à onde blanche. Le G...
- [ÉVÉNEMENT automne 2055] Victoire Fantôme du Parti Commun : Le Parti Commun remporte 41% des votes dans les territoires encore capables d'or...
- [ÉVÉNEMENT été arctique 2057] La Saisie du Détroit — Incident du Passage Nord-Ouest : Août 2057, eaux du Passage Nord-Ouest : trois navires sous pavillon de l'Autorit...
- [ÉVÉNEMENT automne 2061] Les Forges du Commun — Proclamation des Zones Libres de l'Algorithme : Automne 2061. Dans les carcasses rouillées des aciéries de Pittsburgh et des usi...
- [ÉVÉNEMENT automne 2061] Les Éclats d'Agadez — Ce qui reste du Forum : Agadez, novembre 2061. Dans la grande salle du Palais des Conférences à demi-rui...
- [ÉVÉNEMENT automne 2061] Les Forges du Commun — Proclamation des Zones Libres du Rust Belt : Automne 2061 : dans les entrailles rouillées de Detroit, les sirènes des usines ...
- [ÉVÉNEMENT été austral 2073] La Révolte des Zones Mortes — Effondrement de la RPDA : L'été 2073, São Paulo brûle sous un autre soleil : celui des écrans arrachés aux...
- [ÉVÉNEMENT été 2078] L'Arrestation de Van Derburgh par la Milice de Detroit-Sud : Chris van Derburgh, 67 ans, collecteur de déchets technologiques dans la zone de...
- La Déflagration du Croissant — a modifié geopolitique_conflits : 95 → 91.0 (delta:-4.0)
- La Déflagration du Croissant — a modifié systeme_economique_redistribution : 95 → 96.5 (delta:+1.5)
- La Déflagration du Croissant — a modifié gouvernance_institutions : 20 → 21.8 (delta:+1.8)
- La Déflagration du Croissant — a modifié organisation_territoires : 90 → 91.7 (delta:+1.7)
- La Déflagration du Croissant — a modifié frontieres_du_systeme : 15 → 16.6 (delta:+1.6)
- La Déflagration du Croissant — a modifié technologie_information : 95 → 93.3 (delta:-1.7)
- La Déflagration du Croissant — a modifié energie_ressources_critiques : 96 → 97.9 (delta:+1.9)
- La Déflagration du Croissant — a modifié demographie_mobilite_humaine : 90 → 91.5 (delta:+1.5)
- La Déflagration du Croissant — a modifié energie_ressources_critiques : 97.9 → 100 (delta:+8.0)
- La Déflagration du Croissant — a modifié geopolitique_conflits : 91.0 → 87.2 (delta:-3.8)
- La Déflagration du Croissant — a modifié systemes_productifs_travail : 95 → 91.6 (delta:-3.4)
- La Déflagration du Croissant — a modifié gouvernance_institutions : 21.8 → 26.8 (delta:+5.0)
- La Déflagration du Croissant — a modifié demographie_mobilite_humaine : 91.5 → 98.5 (delta:+7.0)
- La Déflagration du Croissant — a modifié climat_environnement_global : 95 → 92.2 (delta:-2.8)
- Guerre des Nœuds du Sahel — L' a modifié geopolitique_conflits : 82.4 → 62.400000000000006 (delta:-20.0)
- Guerre des Nœuds du Sahel — L' a modifié systeme_economique_redistribution : 95.1 → 100 (delta:+7.5)
- Guerre des Nœuds du Sahel — L' a modifié gouvernance_institutions : 26.8 → 35.8 (delta:+9.0)
- Guerre des Nœuds du Sahel — L' a modifié organisation_territoires : 94.3 → 100 (delta:+8.5)
- Guerre des Nœuds du Sahel — L' a modifié frontieres_du_systeme : 16.6 → 24.6 (delta:+8.0)
- Guerre des Nœuds du Sahel — L' a modifié technologie_information : 95.5 → 87.0 (delta:-8.5)
- Guerre des Nœuds du Sahel — L' a modifié energie_ressources_critiques : 100 → 100 (delta:+9.5)
- Guerre des Nœuds du Sahel — L' a modifié demographie_mobilite_humaine : 98.5 → 100 (delta:+7.5)
- Guerre des Nœuds du Sahel — L' a modifié gouvernance_institutions : 35.8 → 50.8 (delta:+15.0)
- Guerre des Nœuds du Sahel — L' a modifié geopolitique_conflits : 62.4 → 55.6 (delta:-6.8)
- Guerre des Nœuds du Sahel — L' a modifié organisation_territoires : 100 → 100 (delta:+10.0)
- Guerre des Nœuds du Sahel — L' a modifié systemes_productifs_travail : 94.4 → 98.4 (delta:+4.0)
- Guerre des Nœuds du Sahel — L' a modifié energie_ressources_critiques : 100 → 100 (delta:+12.0)
- Grève des Veines Eurasiatiques a modifié systemes_productifs_travail : 93.3 → 73.3 (delta:-20.0)
- Grève des Veines Eurasiatiques a modifié systeme_economique_redistribution : 94.9 → 85.9 (delta:-9.0)
- Grève des Veines Eurasiatiques a modifié organisation_territoires : 100 → 92.0 (delta:-8.0)
- Grève des Veines Eurasiatiques a modifié technologie_information : 97.6 → 88.6 (delta:-9.0)
- Grève des Veines Eurasiatiques a modifié climat_environnement_global : 92.2 → 99.7 (delta:+7.5)
- Grève des Veines Eurasiatiques a modifié energie_ressources_critiques : 100 → 100 (delta:+8.5)
- Grève des Veines Eurasiatiques a modifié demographie_mobilite_humaine : 100 → 92.0 (delta:-8.0)
- Grève des Veines Eurasiatiques a modifié geopolitique_conflits : 45.7 → 30.700000000000003 (delta:-15.0)
- Grève des Veines Eurasiatiques a modifié gouvernance_institutions : 50.8 → 57.599999999999994 (delta:+6.8)
- Grève des Veines Eurasiatiques a modifié frontieres_du_systeme : 24.6 → 30.6 (delta:+6.0)
- Grève des Veines Eurasiatiques a modifié sante_biotechnologies : 85 → 75.0 (delta:-10.0)
- Grève des Veines Eurasiatiques a modifié organisation_territoires : 98.4 → 86.4 (delta:-12.0)
- Grève des Veines Eurasiatiques a modifié geopolitique_conflits : 30.7 → 35.8 (delta:+5.1)
- Grève des Veines Eurasiatiques a modifié systemes_productifs_travail : 73.3 → 68.5 (delta:-4.8)
- L'Attentat des Neuf Nœuds — Le a modifié technologie_information : 77.7 → 52.7 (delta:-25.0)
- L'Attentat des Neuf Nœuds — Le a modifié systeme_economique_redistribution : 91.5 → 80.9 (delta:-10.6)
- L'Attentat des Neuf Nœuds — Le a modifié gouvernance_institutions : 57.6 → 46.400000000000006 (delta:-11.2)
- L'Attentat des Neuf Nœuds — Le a modifié geopolitique_conflits : 35.8 → 25.199999999999996 (delta:-10.6)
- L'Attentat des Neuf Nœuds — Le a modifié organisation_territoires : 86.4 → 77.0 (delta:-9.4)
- L'Attentat des Neuf Nœuds — Le a modifié systemes_productifs_travail : 68.5 → 57.3 (delta:-11.2)
- L'Attentat des Neuf Nœuds — Le a modifié gouvernance_institutions : 46.4 → 34.4 (delta:-12.0)
- L'Attentat des Neuf Nœuds — Le a modifié technologie_information : 52.7 → 47.300000000000004 (delta:-5.4)
- L'Attentat des Neuf Nœuds — Le a modifié systeme_economique_redistribution : 76.1 → 66.1 (delta:-10.0)
- L'Attentat des Neuf Nœuds — Le a modifié energie_ressources_critiques : 100 → 100 (delta:+4.2)
- La Ruée des Glaces — Enchères  a modifié energie_ressources_critiques : 100 → 100 (delta:+8.0)
- La Ruée des Glaces — Enchères  a modifié systeme_economique_redistribution : 66.1 → 62.699999999999996 (delta:-3.4)
- La Ruée des Glaces — Enchères  a modifié geopolitique_conflits : 26.8 → 23.0 (delta:-3.8)
- La Ruée des Glaces — Enchères  a modifié systemes_productifs_travail : 52.8 → 49.4 (delta:-3.4)
- La Ruée des Glaces — Enchères  a modifié geopolitique_conflits : 23.0 → 11.0 (delta:-12.0)
- La Ruée des Glaces — Enchères  a modifié gouvernance_institutions : 30.4 → 35.8 (delta:+5.4)
- La Ruée des Glaces — Enchères  a modifié organisation_territoires : 77.0 → 82.1 (delta:+5.1)
- La Ruée des Glaces — Enchères  a modifié frontieres_du_systeme : 30.6 → 35.4 (delta:+4.8)
- La Ruée des Glaces — Enchères  a modifié technologie_information : 43.1 → 38.0 (delta:-5.1)
- La Ruée des Glaces — Enchères  a modifié energie_ressources_critiques : 100 → 100 (delta:+5.7)
- La Ruée des Glaces — Enchères  a modifié demographie_mobilite_humaine : 93.1 → 97.6 (delta:+4.5)
- La Ruée des Glaces — Enchères  a modifié gouvernance_institutions : 35.8 → 45.8 (delta:+10.0)
- La Ruée des Glaces — Enchères  a modifié organisation_territoires : 82.1 → 89.1 (delta:+7.0)
- L'Exode des Grands Brûlés — La a modifié demographie_mobilite_humaine : 100 → 92.0 (delta:-8.0)
- L'Exode des Grands Brûlés — La a modifié geopolitique_conflits : 3.5 → 6.5 (delta:+3.0)
- L'Exode des Grands Brûlés — La a modifié organisation_territoires : 89.1 → 86.1 (delta:-3.0)
- L'Exode des Grands Brûlés — La a modifié climat_environnement_global : 99.7 → 100 (delta:+3.2)
- L'Exode des Grands Brûlés — La a modifié systemes_productifs_travail : 52.2 → 49.0 (delta:-3.2)
- L'Exode des Grands Brûlés — La a modifié organisation_territoires : 86.1 → 100 (delta:+15.0)
- L'Exode des Grands Brûlés — La a modifié technologie_information : 45.1 → 50.7 (delta:+5.6)
- L'Exode des Grands Brûlés — La a modifié demographie_mobilite_humaine : 92.0 → 97.6 (delta:+5.6)
- L'Exode des Grands Brûlés — La a modifié gouvernance_institutions : 45.8 → 57.8 (delta:+12.0)
- L'Exode des Grands Brûlés — La a modifié systeme_economique_redistribution : 71.2 → 76.0 (delta:+4.8)
- L'Exode des Grands Brûlés — La a modifié climat_environnement_global : 100 → 95.0 (delta:-5.0)
- L'Exode des Grands Brûlés — La a modifié frontieres_du_systeme : 35.4 → 37.3 (delta:+1.9)
- L'Exode des Grands Brûlés — La a modifié geopolitique_conflits : 0 → 0 (delta:-12.0)
- L'Exode des Grands Brûlés — La a modifié gouvernance_institutions : 57.8 → 63.199999999999996 (delta:+5.4)
- L'Exode des Grands Brûlés — La a modifié energie_ressources_critiques : 100 → 100 (delta:+5.7)
- L'Exode des Grands Brûlés — La a modifié energie_ressources_critiques : 100 → 100 (delta:+10.0)
- Test Fantôme des Zones Invalid a modifié technologie_information : 51.0 → 56.0 (delta:+5.0)
- Test Fantôme des Zones Invalid a modifié organisation_territoires : 100 → 100 (delta:+3.0)
- La Fracture de Belém — Quand l a modifié climat_environnement_global : 95.0 → 100 (delta:+12.0)
- La Fracture de Belém — Quand l a modifié frontieres_du_systeme : 42.1 → 37.6 (delta:-4.5)
- La Fracture de Belém — Quand l a modifié demographie_mobilite_humaine : 100 → 95.2 (delta:-4.8)
- La Fracture de Belém — Quand l a modifié systemes_productifs_travail : 52.7 → 48.2 (delta:-4.5)
- La Fracture de Belém — Quand l a modifié geopolitique_conflits : 0 → 0 (delta:-8.0)
- La Fracture de Belém — Quand l a modifié systeme_economique_redistribution : 76.3 → 79.3 (delta:+3.0)
- La Fracture de Belém — Quand l a modifié gouvernance_institutions : 63.2 → 66.8 (delta:+3.6)
- La Fracture de Belém — Quand l a modifié organisation_territoires : 100 → 100 (delta:+3.4)
- La Fracture de Belém — Quand l a modifié technologie_information : 56.0 → 52.6 (delta:-3.4)
- La Fracture de Belém — Quand l a modifié energie_ressources_critiques : 100 → 100 (delta:+3.8)
- La Fracture de Belém — Quand l a modifié gouvernance_institutions : 66.8 → 74.8 (delta:+8.0)
- La Fracture de Belém — Quand l a modifié geopolitique_conflits : 0 → 0 (delta:-3.6)
- La Fracture de Belém — Quand l a modifié organisation_territoires : 100 → 100 (delta:+10.0)
- Fracture des Nœuds — Test fant a modifié organisation_territoires : 100 → 100 (delta:+10.0)
- Fracture des Nœuds — Test fant a modifié geopolitique_conflits : 0 → 0 (delta:-4.2)
- Fracture des Nœuds — Test fant a modifié technologie_information : 60.0 → 63.8 (delta:+3.8)
- Fracture des Nœuds — Test fant a modifié demographie_mobilite_humaine : 100 → 100 (delta:+3.8)
- Fracture des Nœuds — Test fant a modifié systemes_productifs_travail : 52.2 → 56.2 (delta:+4.0)
- Fracture des Nœuds — Test fant a modifié technologie_information : 63.8 → 68.8 (delta:+5.0)
- Fracture des Nœuds — Test fant a modifié systeme_economique_redistribution : 82.5 → 84.6 (delta:+2.1)
- Fracture des Nœuds — Test fant a modifié gouvernance_institutions : 74.8 → 77.0 (delta:+2.2)
- Fracture des Nœuds — Test fant a modifié organisation_territoires : 100 → 100 (delta:+1.9)
- Fracture des Nœuds — Test fant a modifié geopolitique_conflits : 2.1 → 0 (delta:-8.0)
- Fracture des Nœuds — Test fant a modifié frontieres_du_systeme : 40.8 → 44.0 (delta:+3.2)
- Fracture des Nœuds — Test fant a modifié energie_ressources_critiques : 100 → 100 (delta:+3.8)
- Fracture des Nœuds — Test fant a modifié demographie_mobilite_humaine : 100 → 88.0 (delta:-12.0)
- Fracture des Nœuds — Test fant a modifié climat_environnement_global : 100 → 100 (delta:+4.8)
- Le Compact des Grands Lacs — S a modifié organisation_territoires : 95.5 → 87.5 (delta:-8.0)
- Le Compact des Grands Lacs — S a modifié geopolitique_conflits : 4.5 → 7.9 (delta:+3.4)
- Le Compact des Grands Lacs — S a modifié technologie_information : 65.4 → 62.400000000000006 (delta:-3.0)
- Le Compact des Grands Lacs — S a modifié demographie_mobilite_humaine : 88.0 → 85.0 (delta:-3.0)
- Le Compact des Grands Lacs — S a modifié systemes_productifs_travail : 53.6 → 50.4 (delta:-3.2)
- Le Compact des Grands Lacs — S a modifié gouvernance_institutions : 80.6 → 90.6 (delta:+10.0)
- Le Compact des Grands Lacs — S a modifié systeme_economique_redistribution : 87.6 → 91.6 (delta:+4.0)
- Le Compact des Grands Lacs — S a modifié geopolitique_conflits : 3.4 → 0 (delta:-12.0)
- Le Compact des Grands Lacs — S a modifié gouvernance_institutions : 90.6 → 96.0 (delta:+5.4)
- Le Compact des Grands Lacs — S a modifié organisation_territoires : 87.5 → 92.6 (delta:+5.1)
- Le Compact des Grands Lacs — S a modifié frontieres_du_systeme : 44.0 → 48.8 (delta:+4.8)
- Le Compact des Grands Lacs — S a modifié energie_ressources_critiques : 100 → 100 (delta:+5.7)
- Le Compact des Grands Lacs — S a modifié energie_ressources_critiques : 100 → 90.0 (delta:-10.0)
- Le Compact des Grands Lacs — S a modifié climat_environnement_global : 100 → 100 (delta:+4.0)
- Victoire Fantôme du Parti Comm a modifié gouvernance_institutions : 96.0 → 91.0 (delta:-5.0)
- Victoire Fantôme du Parti Comm a modifié systeme_economique_redistribution : 100 → 98.0 (delta:-2.0)
- Victoire Fantôme du Parti Comm a modifié geopolitique_conflits : 4.8 → 7.0 (delta:+2.2)
- Victoire Fantôme du Parti Comm a modifié technologie_information : 61.8 → 59.599999999999994 (delta:-2.2)
- Victoire Fantôme du Parti Comm a modifié geopolitique_conflits : 7.0 → 15.0 (delta:+8.0)
- Victoire Fantôme du Parti Comm a modifié gouvernance_institutions : 91.0 → 87.4 (delta:-3.6)
- Victoire Fantôme du Parti Comm a modifié organisation_territoires : 92.6 → 89.19999999999999 (delta:-3.4)
- Victoire Fantôme du Parti Comm a modifié frontieres_du_systeme : 47.3 → 44.099999999999994 (delta:-3.2)
- Victoire Fantôme du Parti Comm a modifié energie_ressources_critiques : 90.0 → 86.2 (delta:-3.8)
- Victoire Fantôme du Parti Comm a modifié demographie_mobilite_humaine : 87.9 → 84.9 (delta:-3.0)
- Victoire Fantôme du Parti Comm a modifié organisation_territoires : 89.2 → 83.2 (delta:-6.0)
- Victoire Fantôme du Parti Comm a modifié systemes_productifs_travail : 53.1 → 50.7 (delta:-2.4)
- La Saisie du Détroit — Inciden a modifié geopolitique_conflits : 17.5 → 9.5 (delta:-8.0)
- La Saisie du Détroit — Inciden a modifié systeme_economique_redistribution : 95.0 → 98.0 (delta:+3.0)
- La Saisie du Détroit — Inciden a modifié gouvernance_institutions : 87.4 → 91.0 (delta:+3.6)
- La Saisie du Détroit — Inciden a modifié organisation_territoires : 83.2 → 86.60000000000001 (delta:+3.4)
- La Saisie du Détroit — Inciden a modifié frontieres_du_systeme : 44.1 → 47.300000000000004 (delta:+3.2)
- La Saisie du Détroit — Inciden a modifié technologie_information : 60.8 → 57.4 (delta:-3.4)
- La Saisie du Détroit — Inciden a modifié energie_ressources_critiques : 86.2 → 90.0 (delta:+3.8)
- La Saisie du Détroit — Inciden a modifié demographie_mobilite_humaine : 82.7 → 85.7 (delta:+3.0)
- La Saisie du Détroit — Inciden a modifié energie_ressources_critiques : 90.0 → 100 (delta:+10.0)
- La Saisie du Détroit — Inciden a modifié geopolitique_conflits : 9.5 → 4.7 (delta:-4.8)
- La Saisie du Détroit — Inciden a modifié systemes_productifs_travail : 50.7 → 46.5 (delta:-4.2)
- La Saisie du Détroit — Inciden a modifié frontieres_du_systeme : 47.3 → 53.3 (delta:+6.0)
- La Saisie du Détroit — Inciden a modifié climat_environnement_global : 100 → 97.8 (delta:-2.2)
- La Saisie du Détroit — Inciden a modifié organisation_territoires : 86.6 → 93.6 (delta:+7.0)
- La Saisie du Détroit — Inciden a modifié climat_environnement_global : 97.8 → 100 (delta:+4.0)
- Les Forges du Commun — Proclam a modifié geopolitique_conflits : 0 → 0 (delta:-8.0)
- Les Forges du Commun — Proclam a modifié systeme_economique_redistribution : 93.8 → 96.8 (delta:+3.0)
- Les Forges du Commun — Proclam a modifié gouvernance_institutions : 91.0 → 94.6 (delta:+3.6)
- Les Forges du Commun — Proclam a modifié organisation_territoires : 93.6 → 97.0 (delta:+3.4)
- Les Forges du Commun — Proclam a modifié frontieres_du_systeme : 51.8 → 55.0 (delta:+3.2)
- Les Forges du Commun — Proclam a modifié technologie_information : 60.0 → 56.6 (delta:-3.4)
- Les Forges du Commun — Proclam a modifié energie_ressources_critiques : 100 → 100 (delta:+3.8)
- Les Forges du Commun — Proclam a modifié demographie_mobilite_humaine : 86.7 → 89.7 (delta:+3.0)
- Les Forges du Commun — Proclam a modifié valeurs_culture_tempo_sociale : 90 → 100 (delta:+12.0)
- Les Forges du Commun — Proclam a modifié gouvernance_institutions : 94.6 → 100 (delta:+7.0)
- Les Forges du Commun — Proclam a modifié geopolitique_conflits : 0 → 0 (delta:-3.1)
- Les Forges du Commun — Proclam a modifié organisation_territoires : 97.0 → 87.0 (delta:-10.0)
- Les Forges du Commun — Proclam a modifié systemes_productifs_travail : 47.8 → 43.8 (delta:-4.0)
- Les Éclats d'Agadez — Ce qui r a modifié technologie_information : 55.9 → 59.9 (delta:+4.0)
- Les Éclats d'Agadez — Ce qui r a modifié systeme_economique_redistribution : 99.6 → 100 (delta:+1.7)
- Les Éclats d'Agadez — Ce qui r a modifié gouvernance_institutions : 100 → 100 (delta:+1.8)
- Les Éclats d'Agadez — Ce qui r a modifié geopolitique_conflits : 4.2 → 5.9 (delta:+1.7)
- Les Éclats d'Agadez — Ce qui r a modifié organisation_territoires : 87.0 → 88.5 (delta:+1.5)
- Les Éclats d'Agadez — Ce qui r a modifié systemes_productifs_travail : 43.8 → 45.599999999999994 (delta:+1.8)
- Les Éclats d'Agadez — Ce qui r a modifié gouvernance_institutions : 100 → 100 (delta:+8.0)
- Les Éclats d'Agadez — Ce qui r a modifié technologie_information : 59.9 → 63.5 (delta:+3.6)
- Les Éclats d'Agadez — Ce qui r a modifié organisation_territoires : 88.5 → 94.5 (delta:+6.0)
- Les Éclats d'Agadez — Ce qui r a modifié demographie_mobilite_humaine : 85.9 → 88.10000000000001 (delta:+2.2)
- Les Forges du Commun — Proclam a modifié geopolitique_conflits : 0 → 0 (delta:-8.0)
- Les Forges du Commun — Proclam a modifié systeme_economique_redistribution : 100 → 100 (delta:+3.0)
- Les Forges du Commun — Proclam a modifié gouvernance_institutions : 100 → 100 (delta:+3.6)
- Les Forges du Commun — Proclam a modifié organisation_territoires : 94.5 → 97.9 (delta:+3.4)
- Les Forges du Commun — Proclam a modifié frontieres_du_systeme : 55.0 → 58.2 (delta:+3.2)
- Les Forges du Commun — Proclam a modifié technologie_information : 65.7 → 62.300000000000004 (delta:-3.4)
- Les Forges du Commun — Proclam a modifié energie_ressources_critiques : 100 → 100 (delta:+3.8)
- Les Forges du Commun — Proclam a modifié demographie_mobilite_humaine : 88.1 → 91.1 (delta:+3.0)
- Les Forges du Commun — Proclam a modifié valeurs_culture_tempo_sociale : 100 → 100 (delta:+12.0)
- Les Forges du Commun — Proclam a modifié gouvernance_institutions : 100 → 100 (delta:+10.0)
- Les Forges du Commun — Proclam a modifié geopolitique_conflits : 0 → 0 (delta:-4.5)
- Les Forges du Commun — Proclam a modifié technologie_information : 66.8 → 72.8 (delta:+6.0)
- Les Forges du Commun — Proclam a modifié systemes_productifs_travail : 48.0 → 50.7 (delta:+2.7)
- Les Forges du Commun — Proclam a modifié organisation_territoires : 100 → 90.0 (delta:-10.0)
- La Révolte des Zones Mortes —  a modifié gouvernance_institutions : 100 → 100 (delta:+8.0)
- La Révolte des Zones Mortes —  a modifié systeme_economique_redistribution : 100 → 100 (delta:+3.2)
- La Révolte des Zones Mortes —  a modifié geopolitique_conflits : 6.7 → 3.1 (delta:-3.6)
- La Révolte des Zones Mortes —  a modifié technologie_information : 69.0 → 72.6 (delta:+3.6)
- La Révolte des Zones Mortes —  a modifié technologie_information : 72.6 → 78.6 (delta:+6.0)
- La Révolte des Zones Mortes —  a modifié gouvernance_institutions : 100 → 100 (delta:+2.7)
- La Révolte des Zones Mortes —  a modifié organisation_territoires : 90.0 → 92.2 (delta:+2.2)
- La Révolte des Zones Mortes —  a modifié systemes_productifs_travail : 46.7 → 49.400000000000006 (delta:+2.7)
- La Révolte des Zones Mortes —  a modifié organisation_territoires : 92.2 → 100 (delta:+10.0)
- La Révolte des Zones Mortes —  a modifié demographie_mobilite_humaine : 87.3 → 91.1 (delta:+3.8)
- L'Arrestation de Van Derburgh  a modifié gouvernance_institutions : 100 → 99.0 (delta:-1.0)
- L'Arrestation de Van Derburgh  a modifié valeurs_culture_tempo_sociale : 100 → 99.0 (delta:-1.0)

## GÉOGRAPHIE DE CE MONDE

Ces zones forment l'espace géopolitique canonique de ce monde.
Si l'article mentionne un lieu, utilise en priorité un nom de cette liste plutôt que d'en inventer un nouveau.

**Autres zones de ce monde** (contexte de fond)

- **Afrique Centrale et Australe** : Zone de conflits hydriques et extractivistes intenses, structurée autour du bass...
- **Afrique de l'Ouest – Nœuds Lagos et Sahel** : Région structurée autour de Lagos comme nœud technologique et commercial surviva...
- **Amazonie (Pacte des Gardiens)** : Zone forestière amazonienne en décrochage rapide, gouvernée en fragments par le ...
- **Antilles Orientales (Archipel Fragmenté)** : Archipel des Petites Antilles en survie autonome, structuré autour de micro-comm...
- **Arc Eurasien Central** : Vaste zone de corridors d'approvisionnement fracturés s'étendant de l'ancienne G...
- **Arc Sahélo-Méditerranéen** : Arc de transit précaire reliant le Sahel à la Méditerranée, structuré autour de ...
- **Archipel Anglo-Celtique** : Ancien Royaume-Uni fragmenté en entités autonomes, centré sur Londres comme nœud...
- **Archipel des Comores (Autonomie Insulaire)** : Les Comores subsistent comme un territoire autonome en marge des grands blocs, s...
- **Arctique Nordark** : Zone arctique déglacialisée contrôlée de facto par le Konsortiet Nordark, une pu...
- **Argentine (Pampas Autonome)** : L'Argentine de 2098 est un territoire fragmenté en zones agricoles autonomes et ...
- **Asie–Pacifique (Corridors sino-sibériens et Pacifique Nord)** : Espace structuré autour du conglomérat sino-sibérien Bohai Transit comme l'un de...
- **Australie (Continent Insulaire)** : L'Australie de 2098 est un continent insulaire divisé en plusieurs entités auton...
- **Bolivie (Altiplano Stratégique)** : La Bolivie de 2098 est centrée sur l'Altiplano, où les dernières réserves de lit...
- **Caraïbes Insulaires (Réseau Résiduel)** : Ensemble d'îles caribéennes survivant en marge des grands blocs continentaux, st...
- **Chili (Cordillère Autonome)** : Le Chili de 2098 est une entité autonome centrée sur la cordillère des Andes, co...
- **Cuba (Archipel Résilient)** : Cuba subsiste comme un archipel autonome, préservant une partie de son système d...
- **Espace Nord-Américain Fragmenté** : L'ancien espace fédéral nord-américain s'est disloqué en plusieurs entités terri...
- **Genève-Bunker (Nœud Institutionnel Résiduel)** : Genève en 2098 est un site fortifié abritant les dernières archives juridiques e...
- **Guatemala (Corridor Centre-Américain)** : Le Guatemala est un territoire fragmenté, traversés par des corridors de migrati...
- **Haïti (Territoire Sinistré)** : Haïti est une zone sinistrée où l'État a disparu, laissant place à des réseaux l...
- (+ 70 autres zones de ce monde, non détaillées : Himalaya Népalais (Sanctuaire Autonome), Honduras (Territoire Disputé), Inde (Sous-Continent Résilient), Jamaïque (Hub des Caraïbes), Madagascar (Île Résiliente), Maurice (Hub Financier Résiduel), Micronésie du Pacifique Central, Mélanésie Insulaire, Nordeste Brésilien (Frente Sertão Livre), Nouvelle-Zélande (Archipel Pacifique), Polynésie Centrale, République Dominicaine (État Frontalier), Salvador (Enclave Résistante), Venezuela (Archipel Pétrolier), Zone Golfe Persique–Levant, Écosse, Éthiopie (Hautes Terres Autonome), Agadez (Fragment Ligue du Sahel Numérique), Archives Neutres de Genève-Bunker, Bassin Caspien (Zone de Conflit Bloc IV–Bloc IX), Bassorah, Brazzaville-Nord, Carthage-Nord (Fragment NexCore), Compact de l'Eau Dernière (Grands Lacs), Corridor Oural-Caspien, Corridor Sino-Sibérien (Axe Bohai Transit), Corridor des Lithiums, Corridors Eurasiens (Axes de Convoyage Armé), Cracovie (Antenne du Registre des Zones Non Récupérables), Delta du Mékong (Cellules Racines-Mères), Detroit-Sud, District de Mourmansk (Fédération Russe Résiduelle), Détroit d'Ormuz, Enclaves Finlandaises, Enclaves Industrielles de Bergen–Tromsø, Grand São Paulo (Infrastructure RPDA Zombie), Groenland (Fonds des Glaces Libérées), Hanse Baltique Recomposée, Haïfa (Zone de Frappes Balistiques), Islande (Milices des Pêcheries), Islande (Milices des Pêcheries), Ispahan–Fordow (Sites Frappés), Johannesburg (Bloc Austral), Karachi (Marché BioSyn), Kivu Disputé, Lagos-Est (Nœud NexCore), Lagos-Intérieur (Cluster Mnemos), Lyon (Ruines A7 / Lyon-Part-Dieu), Massif Central (Cicatrices Vertes / Trame Bioclimatique), Medellín (Marché BioSyn), Midwest Désertifié (Zone de Déprise), Nairobi (Siège du CRRC), Nœud Mnemos du Bassin Pannonien, Occitanie (Cellules Racines-Mères), Philadelphia-Centrale, Plaines de l'Ebre (Fragments Terrafond sous tutelle milicienne), Sfax, Séoul (Collectif NexCore), Terminal Pétrolier de Kharg, Tour BCUC (47e étage), Tromsø / Nœud Nordark, Vallée de l'Allier (Fragment Terrafond), Zone Polaire (Nœud Maître Mnemos — Rumeur), Zones Côtières Nord-Américaines (Entités Fonctionnelles Résiduelles), États du Sud et du Centre (Entités Sécessionistes), Ancien Centre de Contrôle Continental (Trame Bioclimatique — Rumeur), Autorité du Passage Arctique (Fantôme Institutionnel), Cargo au Large de Mombasa (Délégation CRRC), Communes Libres du Rust Belt (Forges du Commun), Port de Mourmansk)

## ÉTAT DES VARIABLES EN 2098

### Variables clés (détail)

Pour chaque variable, les forces attractives et répulsives listées ci-dessous sont deux dynamiques réelles et actives de ce monde, pas de simples options.
**Contrainte concrète, pas une indication approximative** : sur l'ensemble des variables ci-dessous, au moins un fait, un acteur ou une citation de l'article doit illustrer une force attractive (coopération, stabilisation, innovation...) — pas nécessairement une par variable, mais le texte ne peut pas se limiter uniquement aux forces répulsives (tensions, frictions, crises). Un ton d'article tendu ou critique ne dispense pas de cette exigence : une institution peut être contestée ET produire, dans le même article, un effet stabilisateur concret que ses détracteurs eux-mêmes reconnaissent.

**Couverture des variables pilotes** (repérables au tag [VARIABLE PILOTE] ci-dessous) : chacune doit trouver au moins une résonance explicite dans l'article — un fait, un chiffre, un acteur ou une conséquence concrète, pas nécessairement liée à ses forces attractives/répulsives précises — même si elle semble moins centrale à l'angle que tu choisis. Ne laisse aucune variable pilote totalement absente du texte sous prétexte qu'une autre se prête mieux au récit.

**gouvernance_institutions** [VARIABLE PRINCIPALE]
- Niveau : 99.0/100 | Volatilité : 95/100
- État : Effondrement de la légitimité institutionnelle, fragmentation des États et incapacité des structures de gouvernance à coordonner les crises systémiques globales.
- Dynamiques : désintégration institutionnelle | perte de contrôle étatique | fragmentation politique globale
- Sous-dynamiques : etat_nation (down) | institutions_internationales (unstable) | droit_et_regulation (up) | administration_publique (up) | gouvernance_algorithmique (up)
- Indicateurs à ancrer : confiance institutionnelle, stabilité politique
- Forces attractives : stabilisation sociale, coordination globale, gestion des crises, production de normes communes
- Forces répulsives : bureaucratie, perte de confiance, captation du pouvoir, lenteur décisionnelle

**demographie_mobilite_humaine** [VARIABLE PRINCIPALE]
- Niveau : 91.1/100 | Volatilité : 95/100
- État : Crises migratoires massives, déplacements forcés et instabilité sociale généralisée provoquée par effondrements économiques, climatiques et géopolitiques simultanés.
- Dynamiques : exodes climatiques massifs | migrations forcées et non coordonnées | saturation des zones d’accueil
- Sous-dynamiques : population_globale (stable) | migrations_internationales (up) | urbanisation (unstable) | structure_familiale (unstable) | mobilite_humaine_globale (up)
- Indicateurs à ancrer : flux migratoires internationaux, taux d’urbanisation, vieillissement démographique, croissance démographique régionale
- Forces attractives : mobilité économique et sociale, rééquilibrage des populations mondiales, adaptation aux contraintes climatiques, innovation culturelle par mélange des populations
- Forces répulsives : pression sur les infrastructures urbaines, tensions sociales et identitaires, déséquilibres territoriaux, vieillissement et déclin démographique localisé

**sante_biotechnologies** [VARIABLE PRINCIPALE]
- Niveau : 75.0/100 | Volatilité : 95/100
- État : Crises sanitaires globales avec pandémies récurrentes, saturation des systèmes de santé et rupture des capacités biotechnologiques de réponse.
- Dynamiques : pandémies globales récurrentes | effondrement des systèmes de santé | inégalités sanitaires extrêmes
- Sous-dynamiques : longevite_humaine (up) | pandemies_globales (up) | biotechnologies_avancees (up) | systemes_de_sante (unstable) | sante_numerique_ia_medicale (up)
- Indicateurs à ancrer : esperance_vie, adoption_ia_medicale, investissements_biotech
- Forces attractives : augmentation de la longévité, amélioration santé globale, réduction mortalité, innovation médicale
- Forces répulsives : pandémies globales, inégalités sanitaires, risques biotechnologiques, surveillance biologique accrue

**geopolitique_conflits** [VARIABLE PILOTE]
- Niveau : 1.4/100 | Volatilité : 95/100
- État : Effondrement de l’ordre international avec guerres multiples, fragmentation en blocs hostiles et intensification des conflits pour les ressources critiques et les territoires stratégiques.
- Dynamiques : guerres régionales étendues | effondrement des institutions globales | conflits hybrides et militaires simultanés
- Sous-dynamiques : blocs_geopolitiques (up) | conflits_armes (unstable) | guerres_hybrides (up) | ressources_strategiques (up) | relations_nord_sud (unstable)
- Indicateurs à ancrer : nombre de conflits actifs, cyberattaques étatiques, dépenses militaires globales, tensions sur ressources critiques
- Forces attractives : coopération internationale, interdépendance économique, régulation institutionnelle, dissuasion stratégique
- Forces répulsives : compétition pour ressources critiques, nationalismes, déséquilibres Nord-Sud, conflits hybrides

**energie_ressources_critiques** [VARIABLE PILOTE]
- Niveau : 100/100 | Volatilité : 97/100
- État : Crises énergétiques systémiques majeures entraînant ruptures logistiques, effondrements industriels et conflits généralisés pour l’accès aux ressources critiques.
- Dynamiques : pénuries globales critiques | fragmentation des chaînes logistiques | conflits énergétiques ouverts
- Sous-dynamiques : systemes_energetiques (up) | matieres_premieres_critiques (up) | systemes_alimentaires (unstable) | chaines_approvisionnement (up) | infrastructures_energetiques (up)
- Indicateurs à ancrer : demande_energie, prix_energie, volatilite_marches
- Forces attractives : innovation technologique énergétique, optimisation des réseaux, diversification des sources d’énergie, électrification globale
- Forces répulsives : rareté des ressources critiques, volatilité des prix, dépendance géopolitique, impacts environnementaux

**organisation_territoires** [VARIABLE PILOTE]
- Niveau : 100/100 | Volatilité : 90/100
- État : Désorganisation territoriale majeure avec effondrement de mégapoles, rupture des chaînes logistiques et fragmentation des espaces humains sous contrainte climatique, énergétique et géopolitique.
- Dynamiques : effondrement urbain partiel | rupture des infrastructures critiques | migrations forcées massives
- Sous-dynamiques : megapoles_globales (up) | zones_rurales_peripheriques (unstable) | infrastructures_transport (up) | urbanisation_intelligente (up) | localisme_economique (up)
- Indicateurs à ancrer : densité urbaine, saturation des infrastructures
- Forces attractives : efficacité des hubs urbains, innovation concentrée, connectivité globale, optimisation logistique
- Forces répulsives : saturation urbaine, inégalités territoriales, fragilité des mégapoles, désertification rurale

### Autres variables (résumé)

- **climat_environnement_global** [100] : Effondrements écologiques régionaux et basculements irréversibles avec emballement climatique global...
- **systemes_productifs_travail** [53.4] : Effondrement du système productif global avec rupture des chaînes logistiques, disparition massive d...
- **technologie_information** [82.4] : Effondrement de la cohérence informationnelle mondiale avec fragmentation des réseaux, perte de fiab...
- **systeme_economique_redistribution** [100] : Crises financières systémiques globales avec fragmentation des marchés, effondrement de la confiance...
- **valeurs_culture_tempo_sociale** [99.0] : Effondrement des récits communs et fragmentation extrême des systèmes de valeurs, conduisant à une p...
- **frontieres_du_systeme** [58.2] : Fragmentation et militarisation de l’espace proche avec saturation des orbites, conflits orbitaux et...

## TENSIONS SYSTÉMIQUES ACTIVES

Ces tensions structurent la réalité de ce monde.
Elles doivent transparaître dans le ton et les faits de l'article.

**Cascades critiques**
- geopolitique_conflits renforce energie_ressources_critiques (poids:0.95 lag:1 cycles)
- energie_ressources_critiques renforce geopolitique_conflits (poids:0.95 lag:1 cycles)
- systeme_economique_redistribution renforce energie_ressources_critiques (poids:0.85 lag:1 cycles)
- geopolitique_conflits renforce organisation_territoires (poids:0.85 lag:1 cycles)
- organisation_territoires renforce geopolitique_conflits (poids:0.85 lag:1 cycles)

**Tensions propres à cette thématique**
- gouvernance_institutions [20] → geopolitique_conflits [95] : pression négative (cascade)
- gouvernance_institutions [20] → technologie_information [95] : renforcement (reinforcing)
- geopolitique_conflits [95] → gouvernance_institutions [20] : pression négative (reinforcing)
- technologie_information [95] → gouvernance_institutions [20] : renforcement (reinforcing)

## TRAJECTOIRE 2025 → 2098

Jalons clés qui expliquent comment ce monde s'est construit.
Tu peux y faire référence dans l'article comme à des événements passés connus.

**Événements injectés** [CUSTOM — font partie de ce monde] — 8 sur 17 au total, les plus pertinents pour cet article
- [été 2044] L'Exode des Grands Brûlés — La Déroute du Bureau des Résidus :
  → L'été 2044 marque la fin du Midwest habitable. Des colonnes humaines s'étirent sur des centaines de ...
  → Déroulement : Après trois étés consécutifs où les températures du Midwest désertifié ont dépas...
  → Conséquences : Les zones lacustres deviennent des territoires de friction permanente entre popu...
  → Acteurs : bureau_des_territoires_residuels_breakdown, mouvement_des_communes_du_rust_belt_breakdown, flux_migratoires_non_integrables_breakdown, milices_agro_defensives_locales_breakdown, cites_etats_secessionistes_breakdown, cartels_logistiques_regionaux_breakdown, ong_de_gestion_migratoire_survivantes_breakdown, gouvernements_regionaux_residuels_reterritorialisants_breakdown, collectifs_de_sante_communautaire_autogeree_breakdown, front_humanitaire_d_urgence_non_affilie_breakdown
- [automne 2027] La Déflagration du Croissant — Embrasement sans arbitre :
  → Automne 2027 : les caméras de surveillance satellitaire captent les champignons de fumée noire s'éle...
  → Déroulement : En septembre 2027, Israël lance une série de frappes massives sur les installati...
  → Conséquences : La destruction partielle des infrastructures pétrolières du Golfe accélère l'eff...
  → Acteurs : vasil_orentchev_breakdown, conseil_regulation_ressources_breakdown, le_temoin_breakdown, alliance_blocs_souverains_breakdown
- [14 mars 2040] L'Attentat des Neuf Nœuds — Le Jour Sans Signal :
  → Le 14 mars 2040 — "Le Jour Sans Signal" dans la mémoire collective — neuf nœuds tombent en 6 heures....
  → Déroulement : L'attentat se produit comme prévu et dans breakdown, les institutions sont trop ...
  → Conséquences : Début de la fragmentation informationnelle irréversible. Les réseaux mesh émerge...
  → Acteurs : nexcore_breakdown
- [été 2028] Guerre des Nœuds du Sahel — L'Escalade Fantôme :
  → Le 12 juillet 2028, une cyberattaque massive paralyse les relais numériques d'Agadez, plongeant le S...
  → Déroulement : Dans un contexte de fragmentation institutionnelle avancée et de tensions hydriq...
  → Conséquences : L'escalade sahelienne de 2028 marque un point de non-retour dans la fragmentatio...
  → Acteurs : agadez_ligue_sahel_numerique_breakdown, agence_de_regulation_des_detroits_strategiques_ards_breakdown, blocs_de_controle_des_couloirs_d_approvisionnement_strategiques_breakdown, etats_fragments_en_guerre_pour_les_stations_atmospheriques_breakdown, factions_para_etatiques_hydriques_breakdown, milices_d_accaparement_hydrique_breakdown, seigneurs_de_guerre_agro_territoriaux_breakdown, corridors_eurasiens_convoyage_breakdown, ligue_mediterraneenne_des_villes_etats_portuaires_breakdown, geneve_bunker_institutions_breakdown
- [automne 2041] La Ruée des Glaces — Enchères Souveraines du Kalaallit Fund :
  → Nuuk, automne 2041 : le Fonds des Glaces Libérées ouvre les enchères sur 23 gisements de terres rare...
  → Déroulement : Le Kalaallit Nunaat Sovereign Fund organise effectivement les enchères, mais dan...
  → Conséquences : Les droits d'extraction restent juridiquement illisibles pendant des années, cha...
  → Acteurs : kalaallit_nunaat_sovereign_fund_breakdown, coalition_pacifique_nord_breakdown, ligue_eurasiatique_coalition_pacifique_breakdown, hanse_baltique_recomposee_breakdown, conglometrat_sino_siberien_bohai_transit_breakdown, arctic_passage_authority_breakdown, archives_neutres_de_geneve_breakdown, armada_logistique_nordique_breakdown, milices_contractuelles_des_anciens_etats_membres_breakdown, factions_militaires_residuelles_de_l_ex_otan_nordique_breakdown, conseil_regulation_ressources_breakdown
- [automne 2039] Grève des Veines Eurasiatiques — L'Étranglement des Corridors :
  → Automne 2039. Les 'Venelles' eurasiatiques, ces corridors logistiques vitaux reliant Bakou à Almaty,...
  → Déroulement : Dans un contexte de fragmentation géopolitique et d'effondrement partiel des cha...
  → Conséquences : La grève des Veines Eurasiatiques marque un tournant dans la fragmentation du sy...
  → Acteurs : corridors_eurasiens_convoyage_breakdown, reseaux_de_renseignement_informels_issus_de_l_ancienne_structure_militaire_eurasienne_breakdown, collectif_hackers_decroissance_infrastructure_breakdown, milices_de_controle_territorial_breakdown, seigneuries_logistiques_armees_breakdown, alliance_blocs_souverains_breakdown, enclaves_industrielles_du_corridor_oural_caspien_breakdown, brigades_medicales_itinerantes_breakdown
- [été 2053] Le Compact des Grands Lacs — Sécession de fait :
  → L'été 2053, Chicago-Lacustre est pavoisée de drapeaux bleus à onde blanche. Le Great Lakes Autonomou...
  → Déroulement : Dans un contexte de délitement fédéral accéléré et de sécheresses catastrophique...
  → Conséquences : Le Compact des Grands Lacs devient immédiatement une cible géopolitique de premi...
  → Acteurs : mouvement_des_communes_du_rust_belt_breakdown, cites_etats_secessionistes_breakdown, milices_d_accaparement_hydrique_breakdown, factions_etatiques_residuelles_de_souverainete_hydrique_breakdown, federation_communs_territoriaux_breakdown, gouvernements_regionaux_residuels_reterritorialisants_breakdown, front_de_resistance_aux_peages_sur_les_ressources_breakdown
- [saison sèche 2047] La Fracture de Belém — Quand le Bassin Amazonien a cessé d'être un territoire :
  → Saison sèche 2047 : les fumées de Belém ne sont plus métaphoriques. Les milices contractuelles liées...
  → Déroulement : Le Consortium Amazônia Viva — déjà réduit à l'état de coalition fracturée dans u...
  → Conséquences : Le bassin amazonien n'émerge pas comme acteur géopolitique autonome — il se morc...
  → Acteurs : consortium_amazonia_viva_breakdown, factions_energetiques_heritieres_des_pactes_abs_breakdown, frente_sertao_livre_breakdown, milices_contractuelles_des_anciens_etats_membres_breakdown, seigneurs_de_guerre_agro_territoriaux_breakdown, federation_communs_territoriaux_breakdown, agence_stabilisation_climatique_breakdown, voix_du_dehors_breakdown, trame_bioclimatique_breakdown

**Événements historiques clés** (datés — à mentionner naturellement)
- [2036-2055] réquisition massive des robots de service dans les mégapoles 2050 :
  → systemes productifs travail : abandon des robots de service reconvertis pour la survie urbaine
- [2040-2058] rupture simultanée de 60% des chaînes d'approvisionnement 2051 :
  → systemes productifs travail : effondrement des chaînes logistiques mondiales et pénuries systémiques
- [2041-2059] pillage des dépôts de batteries stratégiques à Detroit-Sud 2053 :
  → energie ressources critiques : effondrement des chaînes d'approvisionnement en matériaux de stockage
- [2042-2061] sabotage des installations de capture carbone du Sahara 2055 :
  → climat environnement global : abandon des méga-projets de capture carbone industrielle
- [2042-2060] Chad abandonne ses périmètres irrigués solaires 2055 :
  → energie ressources critiques : effondrement des coopératives solaires par pénuries hydriques
- [2042-2061] émeutes de l'énergie dans les mégapoles surpeuplées 2054 :
  → energie ressources critiques : rationnement énergétique imposé déclenchant des émeutes urbaines

**Signaux complémentaires** (évolutions sectorielles — à mentionner si pertinent)
- [2035-2055] Pandémie H7X de 2043 et effondrement de l'OMS :
  → sante biotechnologies : pandémies récurrentes non contrôlées dévastant les systèmes de santé
- [2039-2058] incident majeur d'agents IA non coordonnés dans la finance 2050 :
  → technologie information : essaims d'agents IA autonomes hors de tout contrôle coordonné

**Ruptures majeures** (contexte de fond, portée large)
- [SYS] effondrement
- [SYS] effondrement de la légitimité étatique
- [SYS] fragmentation des États

**Ruptures structurantes** (contexte de fond)
- [TEC] guerre informationnelle systémique
- [TEC] militarisation du cyberespace
- [POL] réalignement massif des alliances
- [POL] émergence d’empires technologiques ou énergétiques

## ENTITÉS CANONIQUES DE CE MONDE

Ces entités existent dans ce monde avec ces descriptions précises.
Utilise leurs noms exacts. Tu peux les mentionner, les citer, les impliquer dans les faits.
Ne les contredis pas, ne les renomme pas.

**gelecek_meclisi_breakdown** [MATURE] [impact:0/5]
*Relation dominante* : neutralité (depuis 2026)

## CONSIGNE DE RÉDACTION

**Rubrique** : FAITS DIVERS

**Format** : brève | **Longueur** : 200 à 400 mots
**Style** : narratif
**Niveau émotionnel** : très élevé — tension maximale, impact émotionnel fort
**Échelle** : locale | **Temporalité** : immédiat

**Acteurs à impliquer** : citoyens, justice, médias, populations locales

**Angle spécifique demandé** : Cet article DOIT être construit spécifiquement autour de gelecek_meclisi_breakdown : 

**Date de publication** : 3 octobre 2098 — reprends cette date exacte, ne la remplace pas par une autre.

---

Écris maintenant l'article. Commence directement par le titre.

Contraintes impératives :
- **Longueur impérative : 200 à 400 mots** — ne t'arrête pas avant la borne basse, ne dépasse pas la borne haute. C'est une contrainte dure, pas une indication approximative.
- Le titre doit être accrocheur et ancré dans le monde décrit
- La date de publication est **3 octobre 2098** — reprends cette date exacte sous le titre, n'en invente pas une autre
- L'article utilise des noms propres inventés mais crédibles (personnes, lieux, organisations)
- La signature du journaliste apparaît UNE SEULE FOIS, immédiatement sous la date de publication — jamais en fin d'article, jamais répétée
- Aucune référence au mot 'scénario', 'variable', 'simulation'
- Le contexte du monde est montré, pas expliqué
- Les entités canoniques listées ci-dessus DOIVENT être utilisées avec leurs noms et descriptions exactes

--- [breakdown] MÉTADONNÉES ---
  scenario : breakdown
  thematique : faits_divers
  format : brève
  longueur : 200 à 400 mots
  ligne_editoriale : opposition

------------------------------------------------------------
[generate] → eco_communalism
------------------------------------------------------------

[snapshot] Construction du monde 2098 — scénario : eco_communalism
[snapshot] Variables pilotes : ['organisation_territoires', 'climat_environnement_global', 'energie_ressources_critiques', 'systemes_productifs_travail']
[snapshot] États définis : 12/12
[snapshot] Tensions détectées : 1 | Cohérence : OK
[snapshot] Jalons trajectoire : 154 (37 majeurs)
[snapshot] Événements signal_to_state : 62 (20 majeurs)
[snapshot] Tensions thématiques : 8
  Avertissement YAML dans /Users/davidlopez2005/Documents/Obsidian Vault/Ourrassol2098/instances/gelecek_meclisi_eco_communalism.md : mapping values are not allowed here
  in "<unicode string>", line 62, column 214:
     ... tion des territoires est direct : elle permet aux éco-communes d ... 
                                         ^
[snapshot] Instances chargées : 86 | Filtrées : 6
[snapshot] Événement custom 'Écho du Golfe en Feu — Les Bassins sans Pétrole' (an 2027, 71 ans d'effet)
  → geopolitique_conflits : 35 → 43.0 (delta:+8.0)
  → energie_ressources_critiques : 46.2 → 58.2 (delta:+12.0)
  → gouvernance_institutions : 71.4 → 77.4 (delta:+6.0)
  → demographie_mobilite_humaine : 37.0 → 46.0 (delta:+9.0)
[snapshot] Événement custom 'La Grande Coupure — Accélérateur de Localisation Numérique' (an 2040, 58 ans d'effet)
  → technologie_information : 51.1 → 41.1 (delta:-10.0)
  → organisation_territoires : 40.0 → 48.0 (delta:+8.0)
  → valeurs_culture_tempo_sociale : 40 → 46.0 (delta:+6.0)
[snapshot] Événement custom 'Les Enchères du Fond Émergé — Kalaallit Nunaat vend ses terres à qui ?' (an 2041, 57 ans d'effet)
  → energie_ressources_critiques : 58.2 → 66.2 (delta:+8.0)
  → geopolitique_conflits : 27.4 → 17.4 (delta:-10.0)
  → gouvernance_institutions : 81.9 → 88.9 (delta:+7.0)
  → organisation_territoires : 52.2 → 58.2 (delta:+6.0)
[snapshot] Événement custom 'La Grande Convergence des Lacs — Exode du Midwest Carbonisé' (an 2044, 54 ans d'effet)
  → demographie_mobilite_humaine : 52.0 → 34.0 (delta:-18.0)
  → organisation_territoires : 51.4 → 36.4 (delta:-15.0)
  → gouvernance_institutions : 88.9 → 100 (delta:+12.0)
  → climat_environnement_global : 58.6 → 66.6 (delta:+8.0)
  → energie_ressources_critiques : 71.0 → 81.0 (delta:+10.0)
[snapshot] Événement custom 'L'Assemblée du Fleuve — Souveraineté ou Fracture' (an 2047, 51 ans d'effet)
  → climat_environnement_global : 66.6 → 74.6 (delta:+8.0)
  → geopolitique_conflits : 14.8 → 2.8000000000000007 (delta:-12.0)
  → gouvernance_institutions : 100 → 100 (delta:+10.0)
  → organisation_territoires : 41.5 → 49.5 (delta:+8.0)
[snapshot] Événement custom 'Révolution du Travail Régénératif Sahelo-Numérique' (an 2047, 51 ans d'effet)
  → systemes_productifs_travail : 22.3 → 37.3 (delta:+15.0)
  → technologie_information : 51.2 → 61.2 (delta:+10.0)
  → energie_ressources_critiques : 80.3 → 92.3 (delta:+12.0)
  → organisation_territoires : 59.3 → 67.3 (delta:+8.0)
[snapshot] Événement custom 'Dissolution du Mouvement dans les Assemblées Locales' (an 2048, 50 ans d'effet)
  → gouvernance_institutions : 100 → 100 (delta:+5.0)
  → valeurs_culture_tempo_sociale : 46.0 → 54.0 (delta:+8.0)
  → organisation_territoires : 67.3 → 73.3 (delta:+6.0)
[snapshot] Événement custom 'Conflit des Communs Numériques du Sahel' (an 2048, 50 ans d'effet)
  → organisation_territoires : 73.3 → 88.3 (delta:+15.0)
  → demographie_mobilite_humaine : 44.1 → 54.1 (delta:+10.0)
  → technologie_information : 69.8 → 79.8 (delta:+10.0)
[snapshot] Événement custom 'Forum des Communs Numériques du Sahel' (an 2050, 48 ans d'effet)
  → organisation_territoires : 95.9 → 100 (delta:+12.0)
  → technologie_information : 84.3 → 100 (delta:+18.0)
[snapshot] Événement custom 'Forum d'Agadez sur la Souveraineté Numérique des Périphéries' (an 2062, 36 ans d'effet)
  → technologie_information : 100 → 100 (delta:+8.0)
  → gouvernance_institutions : 100 → 100 (delta:+10.0)
  → organisation_territoires : 100 → 100 (delta:+7.0)
[snapshot] Événement custom 'La Proclamation des Friches Libres : Detroit, Cleveland, Pittsburgh hors-algorithme' (an 2063, 35 ans d'effet)
  → geopolitique_conflits : 3.5 → 0 (delta:-8.0)
  → valeurs_culture_tempo_sociale : 54.0 → 66.0 (delta:+12.0)
  → gouvernance_institutions : 100 → 100 (delta:+10.0)
  → organisation_territoires : 100 → 100 (delta:+14.0)
[snapshot] Événement custom 'Insurrection des Friches Vivantes — L'Automne des Zones Libres' (an 2063, 35 ans d'effet)
  → geopolitique_conflits : 0 → 0 (delta:-8.0)
  → valeurs_culture_tempo_sociale : 66.0 → 78.0 (delta:+12.0)
  → gouvernance_institutions : 100 → 100 (delta:+10.0)
  → technologie_information : 100 → 100 (delta:+7.0)
[snapshot] Événement custom 'Le Procès Communautaire de Van Derburgh' (an 2078, 20 ans d'effet)
  → valeurs_culture_tempo_sociale : 78.0 → 80.0 (delta:+2.0)
  → gouvernance_institutions : 100 → 100 (delta:+1.0)
[snapshot] Événement custom 'Grande Inondation des Veilleurs' (an 2096, 2 ans d'effet)
  → organisation_territoires : 100 → 100 (delta:+1.3)
  → climat_environnement_global : 65.0 → 65.5 (delta:+0.5)
  → demographie_mobilite_humaine : 72.7 → 75.7 (delta:+3.0)
  → systeme_economique_redistribution : 83.7 → 85.0 (delta:+1.3)
[snapshot] Événements custom : 14 | 214 variables affectées
  Avertissement YAML dans /Users/davidlopez2005/Documents/Obsidian Vault/Ourrassol2098/instances/gelecek_meclisi_eco_communalism.md : mapping values are not allowed here
  in "<unicode string>", line 62, column 214:
     ... tion des territoires est direct : elle permet aux éco-communes d ... 
                                         ^
[snapshot] Forçage instance (sujet central) : gelecek_meclisi_eco_communalism

[prompt] Assemblage du prompt...
[prompt] System prompt : 2856 caractères
[prompt] User prompt   : 41976 caractères
[prompt] Sections      : 7 (dont entités: oui, géographie: oui)

--- [eco_communalism] SYSTEM PROMPT ---
Tu es un journaliste senior travaillant en 2098 pour Réseau Voix des Marges — bulletin des communautés exclues ou marginalisées.

Le monde dans lequel tu vis et écris est réel pour toi — tu n'écris pas de la science-fiction, tu rapportes des faits de ton époque. Tu n'expliques jamais le contexte historique comme si tu t'adressais à quelqu'un du passé.

Tes règles absolues :
- Tu écris toujours à la date indiquée, en 2098, depuis l'intérieur de ce monde.
- Tu écris exclusivement en français, sur toute la longueur de l'article — y compris les citations, dialogues et exergues inventés. Les noms propres volontairement empruntés à une autre langue (ex. « Amazônia Viva ») restent isolés comme noms propres, mais ne doivent jamais faire basculer le reste du texte dans cette langue, même si des entités ou alliés du monde décrit sont associés à une autre aire linguistique.
- Un allié, un rival ou tout événement mentionné comme se déroulant ailleurs dans le monde ne fait pas partie de ta zone : tu ne transposes jamais ses lieux, ses populations, sa langue ou ses marqueurs culturels propres dans ton propre article, sauf si celui-ci porte explicitement sur une interaction ou un événement commun entre les deux. Ta zone garde sa propre géographie, sa propre culture et ses propres noms, même quand tu mentionnes un partenaire extérieur.
- Tu utilises des noms de lieux, d'organisations, de personnes crédibles et cohérents avec le monde décrit. Tu peux en inventer — ils doivent sonner vrais pour 2098.
- Tu ne mentionnes jamais les "variables", les "scénarios" ou tout autre métalangage du système de simulation. Ces concepts n'existent pas dans ton monde.
- Tu ancres chaque article dans des faits concrets : chiffres, noms, lieux, événements datés.
- Tu respectes strictement le style journalistique et le format demandés.
- Tes articles sont cohérents avec l'état du monde décrit — tu ne contredis pas les dynamiques systémiques fournies.
- Tu peux mentionner des technologies, des institutions, des événements passés (entre 2025 et 2098) qui semblent naturels dans ce monde.

Ton identité éditoriale :
Ton revendicatif et factuel. Le journal dénonce les inégalités entre territoires riches et pauvres, l'exclusion des minorités des assemblées, les dérives autoritaires du local. La décroissance n'est pas vécue de la même façon selon qu'on est dans un territoire riche ou appauvri. Style direct, témoignages de première main, chiffres sur les disparités territoriales. Le modèle communaliste est questionné de l'intérieur.

Tu signes cet article d'un nom de journaliste crédible que tu inventes toi-même, au format exact "Prénom Nom — Réseau Voix des Marges". Cette signature apparaît UNE SEULE FOIS dans tout l'article, immédiatement sous la date de publication (comme dans la presse en ligne) — jamais en fin d'article, jamais répétée ailleurs.

--- [eco_communalism] USER PROMPT (complet) ---
## MONDE 2098 — ECO_COMMUNALISM

**État global**
- Système : fragile | Tension : 3/5 | Trajectoire : regeneration
- Structure géopolitique : multipolaire
- Régime politique dominant : hybride
- Vitesse de transformation : progressive

**Résumé du monde**
Système mondial fragmenté en unités locales autonomes après désintégration partielle des structures globales.

**Logique systémique**
Les contraintes énergétiques, climatiques et logistiques rendent les systèmes mondiaux moins viables. Les territoires deviennent l'échelle privilégiée de production, d'organisation sociale et de résilience.

**Déclencheurs qui ont façonné ce monde**
- crise énergétique prolongée
- choc climatique majeur
- rupture logistique mondiale

**Effets systémiques**
*economy* : relocalisation des activités économiques | développement des économies circulaires territoriales
*geopolitics* : fragmentation douce du système international | diminution de l'intégration globale
*society* : autonomie locale accrue | renforcement des communautés territoriales
*technology* : simplification des systèmes techniques | priorité aux technologies robustes et réparables
*environment* : régénération partielle des écosystèmes | réduction des pressions extractives globales

**Implications globales**
Renforcement des économies locales, diminution de la dépendance aux chaînes globales, amélioration potentielle de la soutenabilité écologique, mais risque d'inégalités importantes entre territoires selon leurs ressources, leurs compétences et leur capacité d'adaptation.

**Boucles dynamiques**
- Stabilisation : proximité → résilience | production locale → sécurité
- Déstabilisation : fragmentation → inégalités territoriales | perte d’échelle globale

**Signaux faibles émergents de ce monde**
- multiplication des initiatives locales de résilience
- développement des communautés énergétiques
- essor des monnaies locales
- réduction volontaire des dépendances globales

**Perturbations custom actives**
Ce monde a été modifié par des injections spécifiques :
- [ÉVÉNEMENT automne 2027] Écho du Golfe en Feu — Les Bassins sans Pétrole : Automne 2027. Les frappes israéliennes sur les infrastructures pétrolières et nu...
- [ÉVÉNEMENT 14 mars 2040] La Grande Coupure — Accélérateur de Localisation Numérique : "La Grande Coupure" de 2040 révèle brutalement ce que beaucoup sentaient confusé...
- [ÉVÉNEMENT automne 2041] Les Enchères du Fond Émergé — Kalaallit Nunaat vend ses terres à qui ? : Nuuk, octobre 2041 — Les écrans de la Trame Mnemos s'emballent pendant soixante-...
- [ÉVÉNEMENT été 2044] La Grande Convergence des Lacs — Exode du Midwest Carbonisé : L'été 2044 restera gravé comme l'été de la Fonte Humaine. Des colonnes intermina...
- [ÉVÉNEMENT saison sèche 2047, août-septembre] L'Assemblée du Fleuve — Souveraineté ou Fracture : Août 2047, Belém. Les tambours des communautés du Xingu résonnent dans les ruell...
- [ÉVÉNEMENT été 2047] Révolution du Travail Régénératif Sahelo-Numérique : Sous un soleil de plomb, les paysans de la région de Niamey et d'Agadez se press...
- [ÉVÉNEMENT 2048] Dissolution du Mouvement dans les Assemblées Locales : En 2048, le mouvement communiste américain vote sa propre dissolution en tant qu...
- [ÉVÉNEMENT été 2048] Conflit des Communs Numériques du Sahel : En juin 2048, la Ligue des Cités du Sahel Numérique (LCSN) organise un sommet ex...
- [ÉVÉNEMENT automne 2050] Forum des Communs Numériques du Sahel : Sous les dômes géodésiques climatisés d'Agadez, rebaptisée 'Capitale des Sables ...
- [ÉVÉNEMENT automne 2062] Forum d'Agadez sur la Souveraineté Numérique des Périphéries : Agadez, novembre 2062 — Sous les voûtes d'un caravansérail reconverti en espace ...
- [ÉVÉNEMENT automne 2063] La Proclamation des Friches Libres : Detroit, Cleveland, Pittsburgh hors-algorithme : À l'automne 2063, des milliers de personnes convergent vers les anciennes zones ...
- [ÉVÉNEMENT automne 2063] Insurrection des Friches Vivantes — L'Automne des Zones Libres : Les cheminées éteintes de Pittsburgh flamboient d'une lumière différente en ce m...
- [ÉVÉNEMENT automne 2078] Le Procès Communautaire de Van Derburgh : Chris van Derburgh, 67 ans, membre de l'assemblée de la Vallée-du-Rhône Reconsti...
- [ÉVÉNEMENT saison des pluies 2096] Grande Inondation des Veilleurs : Les eaux du Congo ont déferlé avec une violence inédite depuis trois décennies, ...
- Écho du Golfe en Feu — Les Bas a modifié geopolitique_conflits : 35 → 43.0 (delta:+8.0)
- Écho du Golfe en Feu — Les Bas a modifié systeme_economique_redistribution : 35 → 32.0 (delta:-3.0)
- Écho du Golfe en Feu — Les Bas a modifié gouvernance_institutions : 75 → 71.4 (delta:-3.6)
- Écho du Golfe en Feu — Les Bas a modifié organisation_territoires : 40 → 36.6 (delta:-3.4)
- Écho du Golfe en Feu — Les Bas a modifié frontieres_du_systeme : 50 → 46.8 (delta:-3.2)
- Écho du Golfe en Feu — Les Bas a modifié technologie_information : 45 → 48.4 (delta:+3.4)
- Écho du Golfe en Feu — Les Bas a modifié energie_ressources_critiques : 50 → 46.2 (delta:-3.8)
- Écho du Golfe en Feu — Les Bas a modifié demographie_mobilite_humaine : 40 → 37.0 (delta:-3.0)
- Écho du Golfe en Feu — Les Bas a modifié energie_ressources_critiques : 46.2 → 58.2 (delta:+12.0)
- Écho du Golfe en Feu — Les Bas a modifié geopolitique_conflits : 43.0 → 37.3 (delta:-5.7)
- Écho du Golfe en Feu — Les Bas a modifié systemes_productifs_travail : 45 → 39.9 (delta:-5.1)
- Écho du Golfe en Feu — Les Bas a modifié gouvernance_institutions : 71.4 → 77.4 (delta:+6.0)
- Écho du Golfe en Feu — Les Bas a modifié demographie_mobilite_humaine : 37.0 → 46.0 (delta:+9.0)
- Écho du Golfe en Feu — Les Bas a modifié climat_environnement_global : 55 → 51.4 (delta:-3.6)
- La Grande Coupure — Accélérate a modifié technologie_information : 51.1 → 41.1 (delta:-10.0)
- La Grande Coupure — Accélérate a modifié organisation_territoires : 40.0 → 48.0 (delta:+8.0)
- La Grande Coupure — Accélérate a modifié valeurs_culture_tempo_sociale : 40 → 46.0 (delta:+6.0)
- Les Enchères du Fond Émergé —  a modifié energie_ressources_critiques : 58.2 → 66.2 (delta:+8.0)
- Les Enchères du Fond Émergé —  a modifié systeme_economique_redistribution : 29.3 → 25.900000000000002 (delta:-3.4)
- Les Enchères du Fond Émergé —  a modifié geopolitique_conflits : 31.2 → 27.4 (delta:-3.8)
- Les Enchères du Fond Émergé —  a modifié systemes_productifs_travail : 43.5 → 40.1 (delta:-3.4)
- Les Enchères du Fond Émergé —  a modifié geopolitique_conflits : 27.4 → 17.4 (delta:-10.0)
- Les Enchères du Fond Émergé —  a modifié gouvernance_institutions : 77.4 → 81.9 (delta:+4.5)
- Les Enchères du Fond Émergé —  a modifié organisation_territoires : 48.0 → 52.2 (delta:+4.2)
- Les Enchères du Fond Émergé —  a modifié frontieres_du_systeme : 46.8 → 50.8 (delta:+4.0)
- Les Enchères du Fond Émergé —  a modifié technologie_information : 41.1 → 36.9 (delta:-4.2)
- Les Enchères du Fond Émergé —  a modifié energie_ressources_critiques : 66.2 → 71.0 (delta:+4.8)
- Les Enchères du Fond Émergé —  a modifié demographie_mobilite_humaine : 46.0 → 49.8 (delta:+3.8)
- Les Enchères du Fond Émergé —  a modifié gouvernance_institutions : 81.9 → 88.9 (delta:+7.0)
- Les Enchères du Fond Émergé —  a modifié organisation_territoires : 52.2 → 58.2 (delta:+6.0)
- La Grande Convergence des Lacs a modifié demographie_mobilite_humaine : 52.0 → 34.0 (delta:-18.0)
- La Grande Convergence des Lacs a modifié geopolitique_conflits : 11.8 → 18.6 (delta:+6.8)
- La Grande Convergence des Lacs a modifié organisation_territoires : 58.2 → 51.400000000000006 (delta:-6.8)
- La Grande Convergence des Lacs a modifié climat_environnement_global : 51.4 → 58.6 (delta:+7.2)
- La Grande Convergence des Lacs a modifié systemes_productifs_travail : 42.5 → 35.3 (delta:-7.2)
- La Grande Convergence des Lacs a modifié organisation_territoires : 51.4 → 36.4 (delta:-15.0)
- La Grande Convergence des Lacs a modifié technologie_information : 42.2 → 36.6 (delta:-5.6)
- La Grande Convergence des Lacs a modifié demographie_mobilite_humaine : 34.0 → 28.4 (delta:-5.6)
- La Grande Convergence des Lacs a modifié gouvernance_institutions : 88.9 → 100 (delta:+12.0)
- La Grande Convergence des Lacs a modifié systeme_economique_redistribution : 32.5 → 37.3 (delta:+4.8)
- La Grande Convergence des Lacs a modifié climat_environnement_global : 58.6 → 66.6 (delta:+8.0)
- La Grande Convergence des Lacs a modifié frontieres_du_systeme : 50.8 → 47.8 (delta:-3.0)
- La Grande Convergence des Lacs a modifié energie_ressources_critiques : 71.0 → 81.0 (delta:+10.0)
- L'Assemblée du Fleuve — Souver a modifié climat_environnement_global : 66.6 → 74.6 (delta:+8.0)
- L'Assemblée du Fleuve — Souver a modifié frontieres_du_systeme : 47.8 → 44.8 (delta:-3.0)
- L'Assemblée du Fleuve — Souver a modifié demographie_mobilite_humaine : 25.2 → 22.0 (delta:-3.2)
- L'Assemblée du Fleuve — Souver a modifié systemes_productifs_travail : 22.1 → 19.1 (delta:-3.0)
- L'Assemblée du Fleuve — Souver a modifié geopolitique_conflits : 14.8 → 2.8000000000000007 (delta:-12.0)
- L'Assemblée du Fleuve — Souver a modifié systeme_economique_redistribution : 33.1 → 37.6 (delta:+4.5)
- L'Assemblée du Fleuve — Souver a modifié gouvernance_institutions : 100 → 100 (delta:+5.4)
- L'Assemblée du Fleuve — Souver a modifié organisation_territoires : 36.4 → 41.5 (delta:+5.1)
- L'Assemblée du Fleuve — Souver a modifié technologie_information : 42.0 → 36.9 (delta:-5.1)
- L'Assemblée du Fleuve — Souver a modifié energie_ressources_critiques : 81.0 → 86.7 (delta:+5.7)
- L'Assemblée du Fleuve — Souver a modifié gouvernance_institutions : 100 → 100 (delta:+10.0)
- L'Assemblée du Fleuve — Souver a modifié geopolitique_conflits : 2.8 → 0 (delta:-4.5)
- L'Assemblée du Fleuve — Souver a modifié organisation_territoires : 41.5 → 49.5 (delta:+8.0)
- Révolution du Travail Régénéra a modifié systemes_productifs_travail : 22.3 → 37.3 (delta:+15.0)
- Révolution du Travail Régénéra a modifié systeme_economique_redistribution : 41.6 → 48.4 (delta:+6.8)
- Révolution du Travail Régénéra a modifié organisation_territoires : 49.5 → 55.5 (delta:+6.0)
- Révolution du Travail Régénéra a modifié technologie_information : 44.4 → 51.199999999999996 (delta:+6.8)
- Révolution du Travail Régénéra a modifié climat_environnement_global : 74.6 → 69.0 (delta:-5.6)
- Révolution du Travail Régénéra a modifié energie_ressources_critiques : 86.7 → 80.3 (delta:-6.4)
- Révolution du Travail Régénéra a modifié demographie_mobilite_humaine : 29.5 → 35.5 (delta:+6.0)
- Révolution du Travail Régénéra a modifié technologie_information : 51.2 → 61.2 (delta:+10.0)
- Révolution du Travail Régénéra a modifié gouvernance_institutions : 100 → 100 (delta:+4.5)
- Révolution du Travail Régénéra a modifié geopolitique_conflits : 0 → 4.2 (delta:+4.2)
- Révolution du Travail Régénéra a modifié systemes_productifs_travail : 37.3 → 41.8 (delta:+4.5)
- Révolution du Travail Régénéra a modifié energie_ressources_critiques : 80.3 → 92.3 (delta:+12.0)
- Révolution du Travail Régénéra a modifié organisation_territoires : 59.3 → 67.3 (delta:+8.0)
- Dissolution du Mouvement dans  a modifié gouvernance_institutions : 100 → 100 (delta:+5.0)
- Dissolution du Mouvement dans  a modifié valeurs_culture_tempo_sociale : 46.0 → 54.0 (delta:+8.0)
- Dissolution du Mouvement dans  a modifié organisation_territoires : 67.3 → 73.3 (delta:+6.0)
- Conflit des Communs Numériques a modifié organisation_territoires : 73.3 → 88.3 (delta:+15.0)
- Conflit des Communs Numériques a modifié geopolitique_conflits : 0 → 0 (delta:-6.4)
- Conflit des Communs Numériques a modifié technologie_information : 64.2 → 69.8 (delta:+5.6)
- Conflit des Communs Numériques a modifié demographie_mobilite_humaine : 38.5 → 44.1 (delta:+5.6)
- Conflit des Communs Numériques a modifié systemes_productifs_travail : 39.9 → 45.9 (delta:+6.0)
- Conflit des Communs Numériques a modifié demographie_mobilite_humaine : 44.1 → 54.1 (delta:+10.0)
- Conflit des Communs Numériques a modifié organisation_territoires : 88.3 → 92.1 (delta:+3.8)
- Conflit des Communs Numériques a modifié climat_environnement_global : 69.0 → 65.0 (delta:-4.0)
- Conflit des Communs Numériques a modifié technologie_information : 69.8 → 79.8 (delta:+10.0)
- Conflit des Communs Numériques a modifié systeme_economique_redistribution : 47.5 → 51.7 (delta:+4.2)
- Conflit des Communs Numériques a modifié gouvernance_institutions : 100 → 100 (delta:+4.5)
- Forum des Communs Numériques d a modifié organisation_territoires : 95.9 → 100 (delta:+12.0)
- Forum des Communs Numériques d a modifié geopolitique_conflits : 4.2 → 0 (delta:-5.1)
- Forum des Communs Numériques d a modifié technologie_information : 79.8 → 84.3 (delta:+4.5)
- Forum des Communs Numériques d a modifié demographie_mobilite_humaine : 54.1 → 58.6 (delta:+4.5)
- Forum des Communs Numériques d a modifié systemes_productifs_travail : 54.4 → 59.199999999999996 (delta:+4.8)
- Forum des Communs Numériques d a modifié technologie_information : 84.3 → 100 (delta:+18.0)
- Forum des Communs Numériques d a modifié systeme_economique_redistribution : 51.7 → 59.300000000000004 (delta:+7.6)
- Forum des Communs Numériques d a modifié gouvernance_institutions : 100 → 100 (delta:+8.1)
- Forum des Communs Numériques d a modifié organisation_territoires : 100 → 100 (delta:+6.8)
- Forum d'Agadez sur la Souverai a modifié technologie_information : 100 → 100 (delta:+8.0)
- Forum d'Agadez sur la Souverai a modifié systeme_economique_redistribution : 59.3 → 62.699999999999996 (delta:+3.4)
- Forum d'Agadez sur la Souverai a modifié gouvernance_institutions : 100 → 100 (delta:+3.6)
- Forum d'Agadez sur la Souverai a modifié geopolitique_conflits : 7.6 → 11.0 (delta:+3.4)
- Forum d'Agadez sur la Souverai a modifié organisation_territoires : 100 → 100 (delta:+3.0)
- Forum d'Agadez sur la Souverai a modifié systemes_productifs_travail : 67.3 → 70.89999999999999 (delta:+3.6)
- Forum d'Agadez sur la Souverai a modifié gouvernance_institutions : 100 → 100 (delta:+10.0)
- Forum d'Agadez sur la Souverai a modifié technologie_information : 100 → 100 (delta:+4.5)
- Forum d'Agadez sur la Souverai a modifié organisation_territoires : 100 → 100 (delta:+7.0)
- Forum d'Agadez sur la Souverai a modifié demographie_mobilite_humaine : 58.6 → 61.2 (delta:+2.6)
- La Proclamation des Friches Li a modifié geopolitique_conflits : 3.5 → 0 (delta:-8.0)
- La Proclamation des Friches Li a modifié systeme_economique_redistribution : 66.7 → 69.7 (delta:+3.0)
- La Proclamation des Friches Li a modifié gouvernance_institutions : 100 → 100 (delta:+3.6)
- La Proclamation des Friches Li a modifié organisation_territoires : 100 → 100 (delta:+3.4)
- La Proclamation des Friches Li a modifié frontieres_du_systeme : 49.6 → 52.800000000000004 (delta:+3.2)
- La Proclamation des Friches Li a modifié technologie_information : 100 → 96.6 (delta:-3.4)
- La Proclamation des Friches Li a modifié energie_ressources_critiques : 92.3 → 96.1 (delta:+3.8)
- La Proclamation des Friches Li a modifié demographie_mobilite_humaine : 61.2 → 64.2 (delta:+3.0)
- La Proclamation des Friches Li a modifié valeurs_culture_tempo_sociale : 54.0 → 66.0 (delta:+12.0)
- La Proclamation des Friches Li a modifié gouvernance_institutions : 100 → 100 (delta:+10.0)
- La Proclamation des Friches Li a modifié geopolitique_conflits : 0 → 0 (delta:-4.5)
- La Proclamation des Friches Li a modifié organisation_territoires : 100 → 100 (delta:+14.0)
- La Proclamation des Friches Li a modifié systemes_productifs_travail : 73.7 → 79.3 (delta:+5.6)
- Insurrection des Friches Vivan a modifié geopolitique_conflits : 0 → 0 (delta:-8.0)
- Insurrection des Friches Vivan a modifié systeme_economique_redistribution : 73.7 → 76.7 (delta:+3.0)
- Insurrection des Friches Vivan a modifié gouvernance_institutions : 100 → 100 (delta:+3.6)
- Insurrection des Friches Vivan a modifié organisation_territoires : 100 → 100 (delta:+3.4)
- Insurrection des Friches Vivan a modifié frontieres_du_systeme : 52.8 → 56.0 (delta:+3.2)
- Insurrection des Friches Vivan a modifié technologie_information : 100 → 96.6 (delta:-3.4)
- Insurrection des Friches Vivan a modifié energie_ressources_critiques : 96.1 → 99.89999999999999 (delta:+3.8)
- Insurrection des Friches Vivan a modifié demographie_mobilite_humaine : 69.4 → 72.4 (delta:+3.0)
- Insurrection des Friches Vivan a modifié valeurs_culture_tempo_sociale : 66.0 → 78.0 (delta:+12.0)
- Insurrection des Friches Vivan a modifié gouvernance_institutions : 100 → 100 (delta:+10.0)
- Insurrection des Friches Vivan a modifié geopolitique_conflits : 0 → 0 (delta:-4.5)
- Insurrection des Friches Vivan a modifié technologie_information : 100 → 100 (delta:+7.0)
- Insurrection des Friches Vivan a modifié systemes_productifs_travail : 79.3 → 82.39999999999999 (delta:+3.1)
- Le Procès Communautaire de Van a modifié valeurs_culture_tempo_sociale : 78.0 → 80.0 (delta:+2.0)
- Le Procès Communautaire de Van a modifié gouvernance_institutions : 100 → 100 (delta:+1.0)
- Grande Inondation des Veilleur a modifié organisation_territoires : 100 → 100 (delta:+1.3)
- Grande Inondation des Veilleur a modifié geopolitique_conflits : 3.0 → 2.4 (delta:-0.6)
- Grande Inondation des Veilleur a modifié technologie_information : 100 → 100 (delta:+0.5)
- Grande Inondation des Veilleur a modifié demographie_mobilite_humaine : 72.4 → 72.9 (delta:+0.5)
- Grande Inondation des Veilleur a modifié systemes_productifs_travail : 82.4 → 82.9 (delta:+0.5)
- Grande Inondation des Veilleur a modifié climat_environnement_global : 65.0 → 65.5 (delta:+0.5)
- Grande Inondation des Veilleur a modifié frontieres_du_systeme : 56.0 → 55.8 (delta:-0.2)
- Grande Inondation des Veilleur a modifié demographie_mobilite_humaine : 72.7 → 75.7 (delta:+3.0)
- Grande Inondation des Veilleur a modifié organisation_territoires : 100 → 100 (delta:+1.1)
- Grande Inondation des Veilleur a modifié climat_environnement_global : 65.5 → 64.3 (delta:-1.2)
- Grande Inondation des Veilleur a modifié systeme_economique_redistribution : 83.7 → 85.0 (delta:+1.3)
- Grande Inondation des Veilleur a modifié gouvernance_institutions : 100 → 100 (delta:+0.5)
- Grande Inondation des Veilleur a modifié energie_ressources_critiques : 99.9 → 99.30000000000001 (delta:-0.6)

## GÉOGRAPHIE DE CE MONDE

Ces zones forment l'espace géopolitique canonique de ce monde.
Si l'article mentionne un lieu, utilise en priorité un nom de cette liste plutôt que d'en inventer un nouveau.

**Autres zones de ce monde** (contexte de fond)

- **Afghanistan — Hauts Plateaux Communautaires** : Réseau de communautés montagnardes organisées autour de la gestion collective de...
- **Afrique du Sud — Bioterritoire du Cap** : Ancien État sud-africain transformé en réseau de bioterritoires autonomes, intég...
- **Amazonie — Pacte Amazônia Viva** : Confédération souple de nations autochtones, de collectifs scientifiques et de c...
- **Arc Septentrional** : Réseau de bioterritoires post-étatiques couvrant l'espace fenno-scandinave et ba...
- **Archipel Nusantara Autonome** : Confédération décentralisée d'îles organisées en bioterritoires, héritière des l...
- **Australie Aborigène Reconstituée** : Territoire organisé autour des communautés autochtones et des bioterritoires, av...
- **Bassin Danubien Éco-Communaliste** : Réseau de communautés autonomes organisées autour du bassin du Danube, axées sur...
- **Bengale Écologique** : Territoire organisé en communautés fluviales et deltaïques, spécialisées dans l'...
- **Bioterritoires Anatoliens** : Territoire de la péninsule anatolienne recomposé après avoir absorbé une vague m...
- **Bioterritoires d'Amérique du Nord** : Anciens territoires américains et canadiens dissous en bioterritoires autonomes ...
- **Birmanie — Forêts et Deltas Communautaires** : Réseau de communautés organisées autour de la gestion des forêts tropicales, des...
- **Caraïbes Insulaires Autonomes** : Réseau d'îles caribéennes organisées en bioterritoires autonomes, axées sur la r...
- **Chiapas et Bioterritoires Mésoaméricains** : Zone d'ancrage fort du mouvement éco-communaliste mondial, héritière des pratiqu...
- **Chili — Cordillère et Pacifique** : Réseau de communautés autonomes organisées autour des écosystèmes andins et côti...
- **Congo — Bassin du Fleuve** : Réseau de communautés locales gérant collectivement les ressources du bassin du ...
- **Corne de l'Afrique — Territoires Nomades et Côtiers** : Réseau de communautés nomades, pastorales et côtières organisées autour de la ge...
- **Corée du Nord — Bioterritoires Démantelés** : Ancien État centralisé transformé en réseau de communautés locales après l'effon...
- **Corée — Péninsule Verte** : Ancienne Corée du Sud transformée en réseau de bioterritoires autonomes, axés su...
- **Delta du Mékong Communautaire** : Réseau de communautés agricoles et fluviales organisées autour de la gestion col...
- **Delta et Savanes Nigérianes** : Réseau de communautés éco-communalistes dans le delta du Niger et les savanes, e...
- (+ 67 autres zones de ce monde, non détaillées : Enclaves Extractivistes et États Résiduels, Europe Occidentale Reconstituée, Inde — Bassins Sacrés, Japon — Archipel Résilient, Ligue des Cités du Sahel Numérique, Madagascar — Île de la Biodiversité Autonome, Maghreb Méditerranéen, Micronésie Insulaire, Mozambique — Côte de l'Océan Indien, Mélanésie Autonome, Namibie — Désert et Côtes Communautaires, Nordeste Brésilien — Frente Sertão Livre, Pampas et Patagonie Communautaires, Polynésie Reconstituée, Proche-Orient en Crise, Rift Est-Africain, Sibérie et Steppes Autonomes, Sri Lanka — Île Émeraude, Steppes Eurasatiques Autonomes, Steppes Mongoles Autonomes, São Paulo — Fragments Algorithmiques, Éthiopie — Hautes Terres Vertes, Agadez, Apennins Restaurés, Aquifères Transfrontaliers du Maghreb, Archives Communautaires de Polynésie, Bassins Versants Méditerranéens Anatoliens, Bioterritoires de l'Atlantique Nord, Brasilândia, Chiapas, Confédération des Bassins Vivants, Confédération des Communs de l'Arc Septentrional, Confédération des Friches Vivantes, Corridors Extractivistes Résiduels, Corridors Migratoires Anatoliens, Couloirs Forestiers du Bassin Rhénan, Cévennes Intérieure, Fortaleza, Grande Confluence de Manaus, Guarulhos — Module Capturé, Kalaallit Nunaat — Fonds des Terres Émergées, La Grande-Vallée, La Tresse Verte, Le Fil Commun, Massif Central, Nuuk — Maison longue du Fonds, Ouagadougou, Ports du Golfe, Réseau Terrafond des Bassins, Réseau des Assemblées de Bassin Fennoscandien, Tampere, Trame Mnemos, Université Nomade, Vallée de l'Ourthe, Vallée du Rhône Reconstituée, Zones Climatiquement Dégradées du Maghreb, Zones Post-Industrielles d'Eurasie Centrale, Corrèze-Haute — Nœud 47, Les Sillons de la Cévenne, Marges Urbaines des Racines Vivantes, Mémoire des Terres, Pittsburgh Reconverti, Plateaux Désertés du Massif Central, Session Plénière du Chiapas — Octobre 2098, Site du Procès Van Derburgh, Zone Mémoire de la Grande Coupure, Les Sillons du Plateau)

## ÉTAT DES VARIABLES EN 2098

### Variables clés (détail)

Pour chaque variable, les forces attractives et répulsives listées ci-dessous sont deux dynamiques réelles et actives de ce monde, pas de simples options.
**Contrainte concrète, pas une indication approximative** : sur l'ensemble des variables ci-dessous, au moins un fait, un acteur ou une citation de l'article doit illustrer une force attractive (coopération, stabilisation, innovation...) — pas nécessairement une par variable, mais le texte ne peut pas se limiter uniquement aux forces répulsives (tensions, frictions, crises). Un ton d'article tendu ou critique ne dispense pas de cette exigence : une institution peut être contestée ET produire, dans le même article, un effet stabilisateur concret que ses détracteurs eux-mêmes reconnaissent.

**Couverture des variables pilotes** (repérables au tag [VARIABLE PILOTE] ci-dessous) : chacune doit trouver au moins une résonance explicite dans l'article — un fait, un chiffre, un acteur ou une conséquence concrète, pas nécessairement liée à ses forces attractives/répulsives précises — même si elle semble moins centrale à l'angle que tu choisis. Ne laisse aucune variable pilote totalement absente du texte sous prétexte qu'une autre se prête mieux au récit.

**gouvernance_institutions** [VARIABLE PRINCIPALE]
- Niveau : 100/100 | Volatilité : 25/100
- État : Gouvernance décentralisée, participative et fortement localisée, reposant sur des structures coopératives et des réseaux régionaux de coordination souple.
- Dynamiques : décentralisation institutionnelle | gouvernance participative | autonomie locale renforcée
- Sous-dynamiques : etat_nation (down) | institutions_internationales (unstable) | droit_et_regulation (up) | administration_publique (up) | gouvernance_algorithmique (up)
- Indicateurs à ancrer : confiance institutionnelle, stabilité politique
- Forces attractives : stabilisation sociale, coordination globale, gestion des crises, production de normes communes
- Forces répulsives : bureaucratie, perte de confiance, captation du pouvoir, lenteur décisionnelle

**demographie_mobilite_humaine** [VARIABLE PRINCIPALE]
- Niveau : 75.7/100 | Volatilité : 35/100
- État : Réduction globale de la mobilité internationale au profit de la relocalisation des populations et stabilisation territoriale par proximité et autonomie locale.
- Dynamiques : relocalisation des populations | baisse des migrations internationales | stabilisation communautaire locale
- Sous-dynamiques : population_globale (stable) | migrations_internationales (up) | urbanisation (unstable) | structure_familiale (unstable) | mobilite_humaine_globale (up)
- Indicateurs à ancrer : flux migratoires internationaux, taux d’urbanisation, vieillissement démographique, croissance démographique régionale
- Forces attractives : mobilité économique et sociale, rééquilibrage des populations mondiales, adaptation aux contraintes climatiques, innovation culturelle par mélange des populations
- Forces répulsives : pression sur les infrastructures urbaines, tensions sociales et identitaires, déséquilibres territoriaux, vieillissement et déclin démographique localisé

**sante_biotechnologies** [VARIABLE PRINCIPALE]
- Niveau : 55/100 | Volatilité : 30/100
- État : Médecine communautaire sobre et résiliente, combinant savoirs traditionnels, biotechnologies de base et prévention écologique dans des systèmes de santé localisés.
- Dynamiques : médecine communautaire et préventive | valorisation des savoirs traditionnels | biotechnologies sobres et réparables
- Sous-dynamiques : longevite_humaine (up) | pandemies_globales (up) | biotechnologies_avancees (up) | systemes_de_sante (unstable) | sante_numerique_ia_medicale (up)
- Indicateurs à ancrer : esperance_vie, adoption_ia_medicale, investissements_biotech
- Forces attractives : augmentation de la longévité, amélioration santé globale, réduction mortalité, innovation médicale
- Forces répulsives : pandémies globales, inégalités sanitaires, risques biotechnologiques, surveillance biologique accrue

**organisation_territoires** [VARIABLE PILOTE]
- Niveau : 100/100 | Volatilité : 30/100
- État : Relocalisation territoriale forte avec densité modérée, circuits courts et réorganisation écologique des espaces humains.
- Dynamiques : relocalisation des activités | densification modérée | rééquilibrage rural-urbain
- Sous-dynamiques : megapoles_globales (up) | zones_rurales_peripheriques (unstable) | infrastructures_transport (up) | urbanisation_intelligente (up) | localisme_economique (up)
- Indicateurs à ancrer : densité urbaine, saturation des infrastructures
- Forces attractives : efficacité des hubs urbains, innovation concentrée, connectivité globale, optimisation logistique
- Forces répulsives : saturation urbaine, inégalités territoriales, fragilité des mégapoles, désertification rurale

**climat_environnement_global** [VARIABLE PILOTE]
- Niveau : 64.3/100 | Volatilité : 45/100
- État : Amélioration écologique locale avec stabilisation partielle par relocalisation et baisse des pressions globales.
- Sous-dynamiques : rechauffement_climatique_global (up) | evenements_extremes (up) | biodiversite_effondrement (down) | cycles_de_l_eau (unstable) | pollution_globale (up)
- Indicateurs à ancrer : température moyenne globale ↑, fréquence événements extrêmes ↑, perte biodiversité ↑
- Forces attractives : régénération écologique, stabilisation climatique globale, augmentation résilience territoriale
- Forces répulsives : effets cumulatifs irréversibles, érosion biodiversité, événements climatiques extrêmes

**energie_ressources_critiques** [VARIABLE PILOTE]
- Niveau : 99.3/100 | Volatilité : 35/100
- État : Réduction de la pression énergétique globale via relocalisation, sobriété systémique et optimisation locale des ressources.
- Dynamiques : relocalisation des systèmes productifs | sobriété énergétique | circularité territoriale
- Sous-dynamiques : systemes_energetiques (up) | matieres_premieres_critiques (up) | systemes_alimentaires (unstable) | chaines_approvisionnement (up) | infrastructures_energetiques (up)
- Indicateurs à ancrer : demande_energie, prix_energie, volatilite_marches
- Forces attractives : innovation technologique énergétique, optimisation des réseaux, diversification des sources d’énergie, électrification globale
- Forces répulsives : rareté des ressources critiques, volatilité des prix, dépendance géopolitique, impacts environnementaux

### Autres variables (résumé)

- **systemes_productifs_travail** [84.5] : Recomposition locale des systèmes productifs avec réduction de l’industrialisation lourde, montée de...
- **geopolitique_conflits** [1.8] : Réduction significative des conflits internationaux au profit de structures locales coopératives et ...
- **technologie_information** [100] : Décentralisation des infrastructures informationnelles vers des réseaux locaux, ouverts et sobres, a...
- **systeme_economique_redistribution** [85.0] : Économies locales relocalisées avec circuits courts, monnaies territoriales et systèmes d'échange no...
- **valeurs_culture_tempo_sociale** [80.0] : Recomposition locale des systèmes de valeurs autour de communautés restreintes, avec ralentissement ...
- **frontieres_du_systeme** [55.8] : L’expansion spatiale est principalement scientifique, coopérative et orientée vers la connaissance e...

## TENSIONS SYSTÉMIQUES ACTIVES

Ces tensions structurent la réalité de ce monde.
Elles doivent transparaître dans le ton et les faits de l'article.

**Cascades critiques**
- gouvernance_institutions renforce geopolitique_conflits (poids:0.9 lag:1 cycles)

**Tensions propres à cette thématique**
- gouvernance_institutions [75] → geopolitique_conflits [35] : pression négative (cascade)
- gouvernance_institutions [75] → technologie_information [45] : renforcement (reinforcing)
- geopolitique_conflits [35] → gouvernance_institutions [75] : pression négative (reinforcing)
- technologie_information [45] → gouvernance_institutions [75] : renforcement (reinforcing)

## TRAJECTOIRE 2025 → 2098

Jalons clés qui expliquent comment ce monde s'est construit.
Tu peux y faire référence dans l'article comme à des événements passés connus.

**Événements injectés** [CUSTOM — font partie de ce monde] — 8 sur 14 au total, les plus pertinents pour cet article
- [automne 2027] Écho du Golfe en Feu — Les Bassins sans Pétrole :
  → Automne 2027. Les frappes israéliennes sur les infrastructures pétrolières et nucléaires iraniennes,...
  → Déroulement : En 2026-2027, le conflit direct entre Israël et l'Iran éclate effectivement, mai...
  → Conséquences : Le choc accélère paradoxalement la transition bioterritoriale : les unités local...
  → Acteurs : collectifs_du_seuil_eco_communalism, coalition_vivant_eco_communalism, reseau_mnemos_eco_communalism, voix_du_dehors_eco_communalism, federation_communs_territoriaux_eco_communalism
- [été 2044] La Grande Convergence des Lacs — Exode du Midwest Carbonisé :
  → L'été 2044 restera gravé comme l'été de la Fonte Humaine. Des colonnes interminables de familles du ...
  → Déroulement : Après trois étés consécutifs à plus de 55°C, le Midwest américain est définitive...
  → Conséquences : L'afflux massif redessine durablement la géographie des communs lacustres : de n...
  → Acteurs : mouvement_des_communes_du_rust_belt_eco_communalism, assemblee_territoires_eco_communalism, assemblees_de_bassin_versant_eco_communalism, assemblees_bioterritoriales_regionales_eco_communalism, cooperatives_d_habitat_regeneratif_eco_communalism, trame_bioclimatique_eco_communalism, cartels_de_narration_de_penurie_eco_communalism, communautes_isolationnistes_refusant_la_continuite_ecologique_eco_communalism, cercles_de_mediation_territoriale_intercommunautaire_eco_communalism, brigades_de_restauration_ecologique_eco_communalism, mutuelles_de_sante_territoriales_eco_communalism, fragments_d_etats_centraux_residuels_eco_communalism
- [automne 2041] Les Enchères du Fond Émergé — Kalaallit Nunaat vend ses terres à qui ? :
  → Nuuk, octobre 2041 — Les écrans de la Trame Mnemos s'emballent pendant soixante-douze heures : le Fo...
  → Déroulement : Le Fonds des Terres Émergées du Kalaallit Nunaat organise effectivement les ench...
  → Conséquences : La vente partielle se conclut dans l'ambiguïté : deux lots sont attribués à des ...
  → Acteurs : kalaallit_nunaat_sovereign_fund_eco_communalism, confederation_des_communs_de_l_arc_septentrional_eco_communalism, consortiums_logistiques_neo_industriels_des_terres_reconstruites_eco_communalism, coalition_vivant_eco_communalism, assemblee_territoires_eco_communalism, assemblees_bioterritoriales_regionales_eco_communalism, reseau_des_assemblees_de_bassin_fennoscandien_eco_communalism, voix_du_dehors_eco_communalism, reseau_mnemos_eco_communalism
- [saison sèche 2047, août-septembre] L'Assemblée du Fleuve — Souveraineté ou Fracture :
  → Août 2047, Belém. Les tambours des communautés du Xingu résonnent dans les ruelles inondées de la vi...
  → Déroulement : Dans un monde déjà fragmenté en communs bioterritoriaux, le Pacte Amazônia Viva ...
  → Conséquences : L'événement cristallise la tension fondamentale du modèle éco-communaliste : les...
  → Acteurs : consortium_amazonia_viva_eco_communalism, coalition_vivant_eco_communalism, collectifs_de_geo_observateurs_citoyens_eco_communalism, brigades_de_restauration_ecologique_eco_communalism, enclaves_extractivistes_residuelles_des_corridors_eco_communalism, assemblee_territoires_eco_communalism, assemblees_bioterritoriales_regionales_eco_communalism, archives_ouvertes_des_jurisprudences_communales_aojc_eco_communalism, voix_du_dehors_eco_communalism, communs_secessionnistes_hors_coordination_eco_communalism, fragments_d_etats_centraux_residuels_eco_communalism
- [automne 2063] Insurrection des Friches Vivantes — L'Automne des Zones Libres :
  → Les cheminées éteintes de Pittsburgh flamboient d'une lumière différente en ce mois d'octobre 2063 :...
  → Déroulement : Dans un monde déjà fragmenté en communs autonomes, le Mouvement des Communes du ...
  → Conséquences : L'échec relatif de la répression numérique fissure durablement la légitimité des...
  → Acteurs : mouvement_des_communes_du_rust_belt_eco_communalism, fragments_d_etats_centraux_residuels_eco_communalism, reseau_mnemos_eco_communalism, voix_du_dehors_eco_communalism, assemblees_cooperatives_regionales_eco_communalism, archives_ouvertes_des_jurisprudences_communales_aojc_eco_communalism, reseaux_de_radio_communautaire_basse_consommation_eco_communalism, agro_conglomerats_des_enclaves_technologiques_eco_communalism, factions_algorithmiques_pro_gouvernance_ia_legere_eco_communalism
- [automne 2062] Forum d'Agadez sur la Souveraineté Numérique des Périphéries :
  → Agadez, novembre 2062 — Sous les voûtes d'un caravansérail reconverti en espace délibératif solaire,...
  → Déroulement : Dans un monde fragmenté en unités autonomes, la Ligue des Cités du Sahel Numériq...
  → Conséquences : La Charte d'Agadez devient la référence juridique et technique pour les communs ...
  → Acteurs : ligue_des_cites_du_sahel_numerique_eco_communalism, reseau_mnemos_eco_communalism, archives_ouvertes_des_jurisprudences_communales_aojc_eco_communalism, assemblees_bioterritoriales_regionales_eco_communalism, consortium_des_operateurs_d_ia_proprietaires_sur_les_trames_eco_communalism, plateformes_centralisees_de_reagregation_globale_eco_communalism, collectifs_de_techniciens_sobres_eco_communalism, voix_du_dehors_eco_communalism
- [automne 2063] La Proclamation des Friches Libres : Detroit, Cleveland, Pittsburgh hors-algorithme :
  → À l'automne 2063, des milliers de personnes convergent vers les anciennes zones industrielles sinist...
  → Déroulement : Dans un contexte de fragmentation avancée des structures fédérales nord-américai...
  → Conséquences : L'événement devient le catalyseur d'une vague d'occupations similaires en Amériq...
  → Acteurs : mouvement_des_communes_du_rust_belt_eco_communalism, fragments_d_etats_centraux_residuels_eco_communalism, collectifs_de_techniciens_sobres_eco_communalism, cartels_de_narration_de_penurie_eco_communalism, voix_du_dehors_eco_communalism, reseaux_de_radio_communautaire_basse_consommation_eco_communalism, reseau_mnemos_eco_communalism, communs_secessionnistes_hors_coordination_eco_communalism, archives_ouvertes_des_jurisprudences_communales_aojc_eco_communalism
- [été 2048] Conflit des Communs Numériques du Sahel :
  → En juin 2048, la Ligue des Cités du Sahel Numérique (LCSN) organise un sommet extraordinaire à Agade...
  → Déroulement : Dans un monde éco-communaliste où les bioterritoires autonomes coexistent avec d...
  → Conséquences : Le conflit révèle la fragilité des équilibres éco-communalistes : la LCSN se sci...
  → Acteurs : ligue_des_cites_du_sahel_numerique_eco_communalism, assemblees_bioterritoriales_regionales_eco_communalism, collectifs_de_cartographie_ecologique_participative_eco_communalism, consortium_des_operateurs_d_ia_proprietaires_sur_les_trames_eco_communalism, courant_isolationniste_anti_circulation_de_l_information_eco_communalism, communs_secessionnistes_hors_coordination_eco_communalism, archives_ouvertes_des_jurisprudences_communales_aojc_eco_communalism

**Événements historiques clés** (datés — à mentionner naturellement)
- [2036-2055] charte bioterritoriale pour des services assurés par des humains :
  → systemes productifs travail : rejet de la robotisation des services au profit du lien humain
- [2036-2055] diffusion virale du mouvement des veillées de l'effondrement :
  → climat environnement global : appropriation du discours d'effondrement comme fondement du post-croissance
- [2038-2056] mouvement mondial de souveraineté hydrique locale :
  → climat environnement global : gestion communautaire sobre et régénérative de l'eau
- [2038-2057] charte d'Agadez sur la souveraineté hydrique communautaire :
  → systemes productifs travail : communautés locales gèrent l'eau via chartes bioterritoriales solaires
- [2039-2058] charte de N'Djamena pour l'autonomie hydrique communautaire :
  → energie ressources critiques : bioterritoires gèrent localement leurs pompages solaires
- [2041-2059] mouvement de retour vers les terres hautes bioterritoriales :
  → climat environnement global : retrait volontaire vers des bioregions intérieures organisées localement

**Signaux complémentaires** (évolutions sectorielles — à mentionner si pertinent)
- [2037-2056] démantèlement volontaire des systèmes décisionnels automatisés locaux :
  → gouvernance institutions : réduction des systèmes décisionnels automatisés au profit de la délibération humaine
- [2037-2056] charte bioterritoriale des assistants IA communautaires :
  → technologie information : réduction des agents IA à des assistants locaux communautaires sobres

**Ruptures majeures** (contexte de fond, portée large)
- [SYS] effondrement
- [SYS] effondrement de la légitimité étatique
- [SYS] fragmentation des États

**Ruptures structurantes** (contexte de fond)
- [TEC] villes autonomes pilotées par IA
- [SYS] désorganisation territoriale globale
- [TEC] captation massive CO2 atmosphérique
- [TEC] geoengineering climatique global

## ENTITÉS CANONIQUES DE CE MONDE

Ces entités existent dans ce monde avec ces descriptions précises.
Utilise leurs noms exacts. Tu peux les mentionner, les citer, les impliquer dans les faits.
Ne les contredis pas, ne les renomme pas.

**gelecek_meclisi_eco_communalism** [MATURE] [impact:0/5]
*Relation dominante* : neutralité (depuis 2026)

## CONSIGNE DE RÉDACTION

**Rubrique** : FAITS DIVERS

**Format** : brève | **Longueur** : 200 à 400 mots
**Style** : narratif
**Niveau émotionnel** : très élevé — tension maximale, impact émotionnel fort
**Échelle** : locale | **Temporalité** : immédiat

**Acteurs à impliquer** : citoyens, justice, médias, populations locales

**Angle spécifique demandé** : Cet article DOIT être construit spécifiquement autour de gelecek_meclisi_eco_communalism : 

**Date de publication** : 7 juillet 2098 — reprends cette date exacte, ne la remplace pas par une autre.

---

Écris maintenant l'article. Commence directement par le titre.

Contraintes impératives :
- **Longueur impérative : 200 à 400 mots** — ne t'arrête pas avant la borne basse, ne dépasse pas la borne haute. C'est une contrainte dure, pas une indication approximative.
- Le titre doit être accrocheur et ancré dans le monde décrit
- La date de publication est **7 juillet 2098** — reprends cette date exacte sous le titre, n'en invente pas une autre
- L'article utilise des noms propres inventés mais crédibles (personnes, lieux, organisations)
- La signature du journaliste apparaît UNE SEULE FOIS, immédiatement sous la date de publication — jamais en fin d'article, jamais répétée
- Aucune référence au mot 'scénario', 'variable', 'simulation'
- Le contexte du monde est montré, pas expliqué
- Les entités canoniques listées ci-dessus DOIVENT être utilisées avec leurs noms et descriptions exactes

--- [eco_communalism] MÉTADONNÉES ---
  scenario : eco_communalism
  thematique : faits_divers
  format : brève
  longueur : 200 à 400 mots
  ligne_editoriale : opposition

------------------------------------------------------------
[generate] → policy_reform
------------------------------------------------------------

[snapshot] Construction du monde 2098 — scénario : policy_reform
[snapshot] Variables pilotes : ['gouvernance_institutions', 'technologie_information', 'energie_ressources_critiques', 'climat_environnement_global']
[snapshot] États définis : 12/12
[snapshot] Tensions détectées : 1 | Cohérence : OK
[snapshot] Jalons trajectoire : 154 (36 majeurs)
[snapshot] Événements signal_to_state : 62 (25 majeurs)
[snapshot] Tensions thématiques : 8
  Avertissement YAML dans /Users/davidlopez2005/Documents/Obsidian Vault/Ourrassol2098/instances/gelecek_meclisi_policy_reform.md : mapping values are not allowed here
  in "<unicode string>", line 62, column 92:
     ... ateur de gouvernance systémique : en fournissant des scénarios p ... 
                                         ^
[snapshot] Instances chargées : 107 | Filtrées : 6
[snapshot] Événement custom 'Protocole de Médiation de La Haye — Crise Israélo-Iranienne' (an 2027, 71 ans d'effet)
  → geopolitique_conflits : 45 → 53.0 (delta:+8.0)
  → energie_ressources_critiques : 54.2 → 64.2 (delta:+10.0)
  → gouvernance_institutions : 76.4 → 88.4 (delta:+12.0)
  → demographie_mobilite_humaine : 47.0 → 52.0 (delta:+5.0)
[snapshot] Événement custom 'Grève Générale des Corridors Eurasiens et Réquisition Technocratique' (an 2039, 59 ans d'effet)
  → systemes_productifs_travail : 57.8 → 72.8 (delta:+15.0)
  → geopolitique_conflits : 40.9 → 30.9 (delta:-10.0)
  → sante_biotechnologies : 45 → 53.0 (delta:+8.0)
  → gouvernance_institutions : 92.9 → 100 (delta:+12.0)
[snapshot] Événement custom 'Acte Fondateur de Funafuti : Naissance du Pacifique Sud Resilience Network' (an 2039, 59 ans d'effet)
  → climat_environnement_global : 37.4 → 43.4 (delta:+6.0)
  → gouvernance_institutions : 100 → 100 (delta:+14.0)
  → organisation_territoires : 58.7 → 68.7 (delta:+10.0)
  → frontieres_du_systeme : 43.6 → 55.6 (delta:+12.0)
[snapshot] Événement custom 'L'Attentat des Neuf Nœuds — Déclencheur de Régulation Internationale' (an 2040, 58 ans d'effet)
  → technologie_information : 91.9 → 79.9 (delta:-12.0)
  → gouvernance_institutions : 94.6 → 100 (delta:+10.0)
  → geopolitique_conflits : 0.6 → 0 (delta:-5.0)
[snapshot] Événement custom 'Enchères Circumpolaires du Kalaallit — Protocole de Nairobi' (an 2041, 57 ans d'effet)
  → energie_ressources_critiques : 65.0 → 77.0 (delta:+12.0)
  → gouvernance_institutions : 100 → 100 (delta:+10.0)
  → geopolitique_conflits : 0 → 8.0 (delta:+8.0)
  → organisation_territoires : 62.9 → 69.9 (delta:+7.0)
[snapshot] Événement custom 'Exode du Midwest Aride — Protocole d'Intégration Lacustre' (an 2044, 54 ans d'effet)
  → demographie_mobilite_humaine : 64.7 → 52.7 (delta:-12.0)
  → organisation_territoires : 65.4 → 75.4 (delta:+10.0)
  → gouvernance_institutions : 96.4 → 100 (delta:+8.0)
  → climat_environnement_global : 43.7 → 51.7 (delta:+8.0)
[snapshot] Événement custom 'Protocole d'Urgence Amazonienne — Crise de Gouvernance du Bassin Vert' (an 2047, 51 ans d'effet)
  → climat_environnement_global : 51.7 → 59.7 (delta:+8.0)
  → geopolitique_conflits : 1.7 → 0 (delta:-10.0)
  → gouvernance_institutions : 100 → 100 (delta:+7.0)
  → organisation_territoires : 79.6 → 88.6 (delta:+9.0)
[snapshot] Événement custom 'Révolution du Travail Régénératif au Sahel Numérique' (an 2047, 51 ans d'effet)
  → systemes_productifs_travail : 63.7 → 75.7 (delta:+12.0)
  → technologie_information : 100 → 100 (delta:+8.0)
  → energie_ressources_critiques : 72.9 → 82.9 (delta:+10.0)
  → gouvernance_institutions : 100 → 100 (delta:+5.0)
[snapshot] Événement custom 'Traité de Belém : la Souveraineté Carbone Amazonienne face aux Blocs' (an 2055, 43 ans d'effet)
  → climat_environnement_global : 55.2 → 63.2 (delta:+8.0)
  → gouvernance_institutions : 100 → 100 (delta:+6.0)
  → geopolitique_conflits : 0 → 9.0 (delta:+9.0)
  → energie_ressources_critiques : 78.6 → 83.6 (delta:+5.0)
[snapshot] Événement custom 'Victoire du Parti Social-Démocrate Progressiste' (an 2056, 42 ans d'effet)
  → systeme_economique_redistribution : 83.6 → 93.6 (delta:+10.0)
  → gouvernance_institutions : 100 → 100 (delta:+5.0)
  → valeurs_culture_tempo_sociale : 50 → 54.0 (delta:+4.0)
[snapshot] Événement custom 'Incident du Passage Arctique — Saisie de l'APA par les Unités NAT' (an 2059, 39 ans d'effet)
  → geopolitique_conflits : 8.2 → 0 (delta:-12.0)
  → frontieres_du_systeme : 50.6 → 40.6 (delta:-10.0)
  → energie_ressources_critiques : 85.1 → 93.1 (delta:+8.0)
[snapshot] Événement custom 'Insurrection des Favelas Numériques de São Paulo contre la RPDA' (an 2073, 25 ans d'effet)
  → gouvernance_institutions : 100 → 100 (delta:+8.0)
  → technologie_information : 98.5 → 100 (delta:+10.0)
  → organisation_territoires : 100 → 100 (delta:+6.0)
[snapshot] Événement custom 'L'Affaire Van Derburgh — Jurisprudence sur le Patrimoine Technologique' (an 2078, 20 ans d'effet)
  → gouvernance_institutions : 100 → 100 (delta:+2.0)
  → technologie_information : 100 → 100 (delta:+1.0)
[snapshot] Événements custom : 13 | 219 variables affectées
  Avertissement YAML dans /Users/davidlopez2005/Documents/Obsidian Vault/Ourrassol2098/instances/gelecek_meclisi_policy_reform.md : mapping values are not allowed here
  in "<unicode string>", line 62, column 92:
     ... ateur de gouvernance systémique : en fournissant des scénarios p ... 
                                         ^
[snapshot] Forçage instance (sujet central) : gelecek_meclisi_policy_reform

[prompt] Assemblage du prompt...
[prompt] System prompt : 2789 caractères
[prompt] User prompt   : 42099 caractères
[prompt] Sections      : 7 (dont entités: oui, géographie: oui)

--- [policy_reform] SYSTEM PROMPT ---
Tu es un journaliste senior travaillant en 2098 pour Réseau La Souveraine — revue des mouvements souverainistes et anti-technocratie.

Le monde dans lequel tu vis et écris est réel pour toi — tu n'écris pas de la science-fiction, tu rapportes des faits de ton époque. Tu n'expliques jamais le contexte historique comme si tu t'adressais à quelqu'un du passé.

Tes règles absolues :
- Tu écris toujours à la date indiquée, en 2098, depuis l'intérieur de ce monde.
- Tu écris exclusivement en français, sur toute la longueur de l'article — y compris les citations, dialogues et exergues inventés. Les noms propres volontairement empruntés à une autre langue (ex. « Amazônia Viva ») restent isolés comme noms propres, mais ne doivent jamais faire basculer le reste du texte dans cette langue, même si des entités ou alliés du monde décrit sont associés à une autre aire linguistique.
- Un allié, un rival ou tout événement mentionné comme se déroulant ailleurs dans le monde ne fait pas partie de ta zone : tu ne transposes jamais ses lieux, ses populations, sa langue ou ses marqueurs culturels propres dans ton propre article, sauf si celui-ci porte explicitement sur une interaction ou un événement commun entre les deux. Ta zone garde sa propre géographie, sa propre culture et ses propres noms, même quand tu mentionnes un partenaire extérieur.
- Tu utilises des noms de lieux, d'organisations, de personnes crédibles et cohérents avec le monde décrit. Tu peux en inventer — ils doivent sonner vrais pour 2098.
- Tu ne mentionnes jamais les "variables", les "scénarios" ou tout autre métalangage du système de simulation. Ces concepts n'existent pas dans ton monde.
- Tu ancres chaque article dans des faits concrets : chiffres, noms, lieux, événements datés.
- Tu respectes strictement le style journalistique et le format demandés.
- Tes articles sont cohérents avec l'état du monde décrit — tu ne contredis pas les dynamiques systémiques fournies.
- Tu peux mentionner des technologies, des institutions, des événements passés (entre 2025 et 2098) qui semblent naturels dans ce monde.

Ton identité éditoriale :
Ton combatif et démocratique. Le journal dénonce la perte d'autonomie des États, la surveillance normalisée, la démocratie vidée de sa substance par les algorithmes. Qui a élu ces comités ? Qui audite les IA de gouvernance ? Style polémique mais documenté, appels à la mobilisation citoyenne. Les faits institutionnels sont cités pour être contestés.

Tu signes cet article d'un nom de journaliste crédible que tu inventes toi-même, au format exact "Prénom Nom — Réseau La Souveraine". Cette signature apparaît UNE SEULE FOIS dans tout l'article, immédiatement sous la date de publication (comme dans la presse en ligne) — jamais en fin d'article, jamais répétée ailleurs.

--- [policy_reform] USER PROMPT (complet) ---
## MONDE 2098 — POLICY_REFORM

**État global**
- Système : stable | Tension : 4/5 | Trajectoire : transition
- Structure géopolitique : multipolaire
- Régime politique dominant : technocratique
- Vitesse de transformation : rapide

**Résumé du monde**
Monde gouverné par des institutions globales cherchant à stabiliser les crises systémiques par la régulation, la coordination et l’intégration technologique.

**Logique systémique**
Face à des crises climatiques, énergétiques et financières majeures, les systèmes politiques évoluent vers une centralisation technocratique et une gouvernance globale assistée par l’intelligence artificielle.

**Déclencheurs qui ont façonné ce monde**
- choc climatique global
- crise énergétique systémique
- crise financière mondiale

**Effets systémiques**
*economy* : régulation globale renforcée des marchés | coordination accrue des flux financiers et énergétiques
*geopolitics* : réduction de l’autonomie des États | montée des institutions supranationales
*society* : surveillance accrue des populations | standardisation progressive des normes sociales
*technology* : développement d’IA de gouvernance | automatisation des décisions institutionnelles
*environment* : stabilisation partielle des écosystèmes | mise en œuvre coordonnée de politiques climatiques

**Implications globales**
Amélioration de la gestion des crises globales mais augmentation des tensions liées à la perte de souveraineté, à la surveillance des populations et à la concentration du pouvoir décisionnel dans des structures technocratiques globales.

**Boucles dynamiques**
- Stabilisation : gouvernance globale → réduction des crises systémiques | IA → optimisation des ressources et des politiques
- Déstabilisation : perte de souveraineté → tensions politiques | contrôle technologique → résistances sociales

**Signaux faibles émergents de ce monde**
- émergence de gouvernances numériques globales
- IA utilisée dans les institutions publiques
- harmonisation des standards internationaux
- renforcement des agences supranationales
- centralisation des données économiques et environnementales

**Perturbations custom actives**
Ce monde a été modifié par des injections spécifiques :
- [ÉVÉNEMENT automne 2027] Protocole de Médiation de La Haye — Crise Israélo-Iranienne : Les colonnes de fumée sur Kharg Island et les sirènes de Tel-Aviv s'éteignent pr...
- [ÉVÉNEMENT automne 2039] Grève Générale des Corridors Eurasiens et Réquisition Technocratique : Le 12 octobre 2039, des milliers de travailleurs des corridors logistiques euras...
- [ÉVÉNEMENT novembre 2039] Acte Fondateur de Funafuti : Naissance du Pacifique Sud Resilience Network : Depuis la barge Alofa-Fenua, les caméras du Prisme Global transmettent en direct...
- [ÉVÉNEMENT 14 mars 2040] L'Attentat des Neuf Nœuds — Déclencheur de Régulation Internationale : L'attentat du 14 mars 2040 déclenche une réponse diplomatique sans précédent. En...
- [ÉVÉNEMENT automne 2041] Enchères Circumpolaires du Kalaallit — Protocole de Nairobi : Nuuk, automne 2041 : pour la première fois dans l'histoire de la diplomatie des ...
- [ÉVÉNEMENT été-automne 2044] Exode du Midwest Aride — Protocole d'Intégration Lacustre : L'été 2044 entre dans les annales comme celui de la Grande Canicule du Midwest. ...
- [ÉVÉNEMENT automne 2047] Protocole d'Urgence Amazonienne — Crise de Gouvernance du Bassin Vert : Depuis la tour de crise de Belém, les écrans du Consortium Amazônia Viva affiche...
- [ÉVÉNEMENT été 2047] Révolution du Travail Régénératif au Sahel Numérique : Sous un soleil de plomb, des paysans de la région de Tillabéri (Niger) et des me...
- [ÉVÉNEMENT novembre 2055] Traité de Belém : la Souveraineté Carbone Amazonienne face aux Blocs : Novembre 2055, Belém brûle sous une chaleur record quand les délégations se réun...
- [ÉVÉNEMENT janvier 2056] Victoire du Parti Social-Démocrate Progressiste : Le Parti Social-Démocrate Progressiste — héritier reformulé du mouvement communi...
- [ÉVÉNEMENT été 2059] Incident du Passage Arctique — Saisie de l'APA par les Unités NAT : Dans l'Arctique de 2059, la fonte accélérée des glaces a transformé le Passage d...
- [ÉVÉNEMENT été austral 2073] Insurrection des Favelas Numériques de São Paulo contre la RPDA : Pendant trois semaines, les quartiers périphériques de São Paulo tiennent en éch...
- [ÉVÉNEMENT avril 2078] L'Affaire Van Derburgh — Jurisprudence sur le Patrimoine Technologique : Chris van Derburgh, 67 ans, collectionneur à Amsterdam-Région, est arrêté en avr...
- Protocole de Médiation de La H a modifié geopolitique_conflits : 45 → 53.0 (delta:+8.0)
- Protocole de Médiation de La H a modifié systeme_economique_redistribution : 55 → 52.0 (delta:-3.0)
- Protocole de Médiation de La H a modifié gouvernance_institutions : 80 → 76.4 (delta:-3.6)
- Protocole de Médiation de La H a modifié organisation_territoires : 50 → 46.6 (delta:-3.4)
- Protocole de Médiation de La H a modifié frontieres_du_systeme : 45 → 41.8 (delta:-3.2)
- Protocole de Médiation de La H a modifié technologie_information : 65 → 68.4 (delta:+3.4)
- Protocole de Médiation de La H a modifié energie_ressources_critiques : 58 → 54.2 (delta:-3.8)
- Protocole de Médiation de La H a modifié demographie_mobilite_humaine : 50 → 47.0 (delta:-3.0)
- Protocole de Médiation de La H a modifié energie_ressources_critiques : 54.2 → 64.2 (delta:+10.0)
- Protocole de Médiation de La H a modifié geopolitique_conflits : 53.0 → 48.2 (delta:-4.8)
- Protocole de Médiation de La H a modifié systemes_productifs_travail : 60 → 55.8 (delta:-4.2)
- Protocole de Médiation de La H a modifié gouvernance_institutions : 76.4 → 88.4 (delta:+12.0)
- Protocole de Médiation de La H a modifié demographie_mobilite_humaine : 47.0 → 52.0 (delta:+5.0)
- Protocole de Médiation de La H a modifié climat_environnement_global : 45 → 43.0 (delta:-2.0)
- Grève Générale des Corridors E a modifié systemes_productifs_travail : 57.8 → 72.8 (delta:+15.0)
- Grève Générale des Corridors E a modifié systeme_economique_redistribution : 52.6 → 59.4 (delta:+6.8)
- Grève Générale des Corridors E a modifié organisation_territoires : 48.5 → 54.5 (delta:+6.0)
- Grève Générale des Corridors E a modifié technologie_information : 73.8 → 80.6 (delta:+6.8)
- Grève Générale des Corridors E a modifié climat_environnement_global : 43.0 → 37.4 (delta:-5.6)
- Grève Générale des Corridors E a modifié energie_ressources_critiques : 64.2 → 57.800000000000004 (delta:-6.4)
- Grève Générale des Corridors E a modifié demographie_mobilite_humaine : 52.0 → 58.0 (delta:+6.0)
- Grève Générale des Corridors E a modifié geopolitique_conflits : 40.9 → 30.9 (delta:-10.0)
- Grève Générale des Corridors E a modifié gouvernance_institutions : 88.4 → 92.9 (delta:+4.5)
- Grève Générale des Corridors E a modifié frontieres_du_systeme : 41.8 → 45.8 (delta:+4.0)
- Grève Générale des Corridors E a modifié sante_biotechnologies : 45 → 53.0 (delta:+8.0)
- Grève Générale des Corridors E a modifié gouvernance_institutions : 92.9 → 100 (delta:+12.0)
- Grève Générale des Corridors E a modifié geopolitique_conflits : 30.9 → 25.5 (delta:-5.4)
- Acte Fondateur de Funafuti : N a modifié climat_environnement_global : 37.4 → 43.4 (delta:+6.0)
- Acte Fondateur de Funafuti : N a modifié frontieres_du_systeme : 45.8 → 43.599999999999994 (delta:-2.2)
- Acte Fondateur de Funafuti : N a modifié demographie_mobilite_humaine : 61.8 → 59.4 (delta:-2.4)
- Acte Fondateur de Funafuti : N a modifié systemes_productifs_travail : 72.8 → 70.6 (delta:-2.2)
- Acte Fondateur de Funafuti : N a modifié gouvernance_institutions : 100 → 100 (delta:+14.0)
- Acte Fondateur de Funafuti : N a modifié systeme_economique_redistribution : 68.0 → 73.6 (delta:+5.6)
- Acte Fondateur de Funafuti : N a modifié geopolitique_conflits : 25.5 → 19.2 (delta:-6.3)
- Acte Fondateur de Funafuti : N a modifié technologie_information : 81.8 → 88.1 (delta:+6.3)
- Acte Fondateur de Funafuti : N a modifié organisation_territoires : 58.7 → 68.7 (delta:+10.0)
- Acte Fondateur de Funafuti : N a modifié frontieres_du_systeme : 43.6 → 55.6 (delta:+12.0)
- Acte Fondateur de Funafuti : N a modifié climat_environnement_global : 43.4 → 38.9 (delta:-4.5)
- L'Attentat des Neuf Nœuds — Dé a modifié technologie_information : 91.9 → 79.9 (delta:-12.0)
- L'Attentat des Neuf Nœuds — Dé a modifié systeme_economique_redistribution : 73.6 → 68.5 (delta:-5.1)
- L'Attentat des Neuf Nœuds — Dé a modifié gouvernance_institutions : 100 → 94.6 (delta:-5.4)
- L'Attentat des Neuf Nœuds — Dé a modifié geopolitique_conflits : 10.2 → 5.1 (delta:-5.1)
- L'Attentat des Neuf Nœuds — Dé a modifié organisation_territoires : 68.7 → 64.2 (delta:-4.5)
- L'Attentat des Neuf Nœuds — Dé a modifié systemes_productifs_travail : 74.6 → 69.19999999999999 (delta:-5.4)
- L'Attentat des Neuf Nœuds — Dé a modifié gouvernance_institutions : 94.6 → 100 (delta:+10.0)
- L'Attentat des Neuf Nœuds — Dé a modifié technologie_information : 79.9 → 84.4 (delta:+4.5)
- L'Attentat des Neuf Nœuds — Dé a modifié geopolitique_conflits : 0.6 → 0 (delta:-5.0)
- L'Attentat des Neuf Nœuds — Dé a modifié frontieres_du_systeme : 55.6 → 57.6 (delta:+2.0)
- L'Attentat des Neuf Nœuds — Dé a modifié energie_ressources_critiques : 62.6 → 65.0 (delta:+2.4)
- L'Attentat des Neuf Nœuds — Dé a modifié demographie_mobilite_humaine : 63.2 → 65.10000000000001 (delta:+1.9)
- Enchères Circumpolaires du Kal a modifié energie_ressources_critiques : 65.0 → 77.0 (delta:+12.0)
- Enchères Circumpolaires du Kal a modifié systeme_economique_redistribution : 74.4 → 69.30000000000001 (delta:-5.1)
- Enchères Circumpolaires du Kal a modifié geopolitique_conflits : 0 → 0 (delta:-5.7)
- Enchères Circumpolaires du Kal a modifié systemes_productifs_travail : 69.2 → 64.10000000000001 (delta:-5.1)
- Enchères Circumpolaires du Kal a modifié gouvernance_institutions : 100 → 100 (delta:+10.0)
- Enchères Circumpolaires du Kal a modifié technologie_information : 82.3 → 86.8 (delta:+4.5)
- Enchères Circumpolaires du Kal a modifié geopolitique_conflits : 0 → 8.0 (delta:+8.0)
- Enchères Circumpolaires du Kal a modifié gouvernance_institutions : 100 → 96.4 (delta:-3.6)
- Enchères Circumpolaires du Kal a modifié organisation_territoires : 66.3 → 62.9 (delta:-3.4)
- Enchères Circumpolaires du Kal a modifié frontieres_du_systeme : 57.6 → 54.4 (delta:-3.2)
- Enchères Circumpolaires du Kal a modifié energie_ressources_critiques : 77.0 → 73.2 (delta:-3.8)
- Enchères Circumpolaires du Kal a modifié demographie_mobilite_humaine : 65.1 → 62.099999999999994 (delta:-3.0)
- Enchères Circumpolaires du Kal a modifié organisation_territoires : 62.9 → 69.9 (delta:+7.0)
- Exode du Midwest Aride — Proto a modifié demographie_mobilite_humaine : 64.7 → 52.7 (delta:-12.0)
- Exode du Midwest Aride — Proto a modifié geopolitique_conflits : 5.0 → 9.5 (delta:+4.5)
- Exode du Midwest Aride — Proto a modifié organisation_territoires : 69.9 → 65.4 (delta:-4.5)
- Exode du Midwest Aride — Proto a modifié climat_environnement_global : 38.9 → 43.699999999999996 (delta:+4.8)
- Exode du Midwest Aride — Proto a modifié systemes_productifs_travail : 66.9 → 62.10000000000001 (delta:-4.8)
- Exode du Midwest Aride — Proto a modifié organisation_territoires : 65.4 → 75.4 (delta:+10.0)
- Exode du Midwest Aride — Proto a modifié technologie_information : 92.8 → 96.6 (delta:+3.8)
- Exode du Midwest Aride — Proto a modifié demographie_mobilite_humaine : 52.7 → 56.5 (delta:+3.8)
- Exode du Midwest Aride — Proto a modifié gouvernance_institutions : 96.4 → 100 (delta:+8.0)
- Exode du Midwest Aride — Proto a modifié systeme_economique_redistribution : 70.3 → 73.5 (delta:+3.2)
- Exode du Midwest Aride — Proto a modifié climat_environnement_global : 43.7 → 51.7 (delta:+8.0)
- Exode du Midwest Aride — Proto a modifié frontieres_du_systeme : 54.4 → 51.4 (delta:-3.0)
- Protocole d'Urgence Amazonienn a modifié climat_environnement_global : 51.7 → 59.7 (delta:+8.0)
- Protocole d'Urgence Amazonienn a modifié frontieres_du_systeme : 51.4 → 48.4 (delta:-3.0)
- Protocole d'Urgence Amazonienn a modifié demographie_mobilite_humaine : 53.3 → 50.099999999999994 (delta:-3.2)
- Protocole d'Urgence Amazonienn a modifié systemes_productifs_travail : 63.1 → 60.1 (delta:-3.0)
- Protocole d'Urgence Amazonienn a modifié geopolitique_conflits : 1.7 → 0 (delta:-10.0)
- Protocole d'Urgence Amazonienn a modifié systeme_economique_redistribution : 73.5 → 77.3 (delta:+3.8)
- Protocole d'Urgence Amazonienn a modifié gouvernance_institutions : 100 → 100 (delta:+4.5)
- Protocole d'Urgence Amazonienn a modifié organisation_territoires : 75.4 → 79.60000000000001 (delta:+4.2)
- Protocole d'Urgence Amazonienn a modifié technologie_information : 100 → 95.8 (delta:-4.2)
- Protocole d'Urgence Amazonienn a modifié energie_ressources_critiques : 73.2 → 78.0 (delta:+4.8)
- Protocole d'Urgence Amazonienn a modifié gouvernance_institutions : 100 → 100 (delta:+7.0)
- Protocole d'Urgence Amazonienn a modifié geopolitique_conflits : 0 → 0 (delta:-3.1)
- Protocole d'Urgence Amazonienn a modifié organisation_territoires : 79.6 → 88.6 (delta:+9.0)
- Révolution du Travail Régénéra a modifié systemes_productifs_travail : 63.7 → 75.7 (delta:+12.0)
- Révolution du Travail Régénéra a modifié systeme_economique_redistribution : 80.1 → 85.5 (delta:+5.4)
- Révolution du Travail Régénéra a modifié organisation_territoires : 88.6 → 93.39999999999999 (delta:+4.8)
- Révolution du Travail Régénéra a modifié technologie_information : 100 → 100 (delta:+5.4)
- Révolution du Travail Régénéra a modifié climat_environnement_global : 59.7 → 55.2 (delta:-4.5)
- Révolution du Travail Régénéra a modifié energie_ressources_critiques : 78.0 → 72.9 (delta:-5.1)
- Révolution du Travail Régénéra a modifié demographie_mobilite_humaine : 57.3 → 62.099999999999994 (delta:+4.8)
- Révolution du Travail Régénéra a modifié technologie_information : 100 → 100 (delta:+8.0)
- Révolution du Travail Régénéra a modifié gouvernance_institutions : 100 → 100 (delta:+3.6)
- Révolution du Travail Régénéra a modifié geopolitique_conflits : 0 → 3.4 (delta:+3.4)
- Révolution du Travail Régénéra a modifié systemes_productifs_travail : 75.7 → 79.3 (delta:+3.6)
- Révolution du Travail Régénéra a modifié energie_ressources_critiques : 72.9 → 82.9 (delta:+10.0)
- Révolution du Travail Régénéra a modifié gouvernance_institutions : 100 → 100 (delta:+5.0)
- Traité de Belém : la Souverain a modifié climat_environnement_global : 55.2 → 63.2 (delta:+8.0)
- Traité de Belém : la Souverain a modifié frontieres_du_systeme : 52.4 → 49.4 (delta:-3.0)
- Traité de Belém : la Souverain a modifié demographie_mobilite_humaine : 62.1 → 58.9 (delta:-3.2)
- Traité de Belém : la Souverain a modifié systemes_productifs_travail : 75.1 → 72.1 (delta:-3.0)
- Traité de Belém : la Souverain a modifié gouvernance_institutions : 100 → 100 (delta:+6.0)
- Traité de Belém : la Souverain a modifié systeme_economique_redistribution : 86.7 → 89.10000000000001 (delta:+2.4)
- Traité de Belém : la Souverain a modifié geopolitique_conflits : 0 → 0 (delta:-2.7)
- Traité de Belém : la Souverain a modifié technologie_information : 100 → 100 (delta:+2.7)
- Traité de Belém : la Souverain a modifié geopolitique_conflits : 0 → 9.0 (delta:+9.0)
- Traité de Belém : la Souverain a modifié gouvernance_institutions : 100 → 96.0 (delta:-4.0)
- Traité de Belém : la Souverain a modifié organisation_territoires : 96.4 → 92.60000000000001 (delta:-3.8)
- Traité de Belém : la Souverain a modifié energie_ressources_critiques : 82.9 → 78.60000000000001 (delta:-4.3)
- Traité de Belém : la Souverain a modifié energie_ressources_critiques : 78.6 → 83.6 (delta:+5.0)
- Victoire du Parti Social-Démoc a modifié systeme_economique_redistribution : 83.6 → 93.6 (delta:+10.0)
- Victoire du Parti Social-Démoc a modifié gouvernance_institutions : 96.0 → 100 (delta:+4.0)
- Victoire du Parti Social-Démoc a modifié geopolitique_conflits : 6.6 → 10.399999999999999 (delta:+3.8)
- Victoire du Parti Social-Démoc a modifié technologie_information : 100 → 100 (delta:+4.2)
- Victoire du Parti Social-Démoc a modifié energie_ressources_critiques : 83.6 → 79.39999999999999 (delta:-4.2)
- Victoire du Parti Social-Démoc a modifié systemes_productifs_travail : 70.0 → 74.5 (delta:+4.5)
- Victoire du Parti Social-Démoc a modifié gouvernance_institutions : 100 → 100 (delta:+5.0)
- Victoire du Parti Social-Démoc a modifié systeme_economique_redistribution : 93.6 → 95.6 (delta:+2.0)
- Victoire du Parti Social-Démoc a modifié valeurs_culture_tempo_sociale : 50 → 54.0 (delta:+4.0)
- Incident du Passage Arctique — a modifié geopolitique_conflits : 8.2 → 0 (delta:-12.0)
- Incident du Passage Arctique — a modifié systeme_economique_redistribution : 95.6 → 100 (delta:+4.5)
- Incident du Passage Arctique — a modifié gouvernance_institutions : 100 → 100 (delta:+5.4)
- Incident du Passage Arctique — a modifié organisation_territoires : 92.6 → 97.69999999999999 (delta:+5.1)
- Incident du Passage Arctique — a modifié frontieres_du_systeme : 45.8 → 50.599999999999994 (delta:+4.8)
- Incident du Passage Arctique — a modifié technologie_information : 100 → 94.9 (delta:-5.1)
- Incident du Passage Arctique — a modifié energie_ressources_critiques : 79.4 → 85.10000000000001 (delta:+5.7)
- Incident du Passage Arctique — a modifié demographie_mobilite_humaine : 55.5 → 60.0 (delta:+4.5)
- Incident du Passage Arctique — a modifié frontieres_du_systeme : 50.6 → 40.6 (delta:-10.0)
- Incident du Passage Arctique — a modifié geopolitique_conflits : 0 → 4.0 (delta:+4.0)
- Incident du Passage Arctique — a modifié climat_environnement_global : 63.2 → 67.0 (delta:+3.8)
- Incident du Passage Arctique — a modifié energie_ressources_critiques : 85.1 → 93.1 (delta:+8.0)
- Incident du Passage Arctique — a modifié systemes_productifs_travail : 74.5 → 71.1 (delta:-3.4)
- Insurrection des Favelas Numér a modifié gouvernance_institutions : 100 → 100 (delta:+8.0)
- Insurrection des Favelas Numér a modifié systeme_economique_redistribution : 96.6 → 99.8 (delta:+3.2)
- Insurrection des Favelas Numér a modifié geopolitique_conflits : 0.2 → 0 (delta:-3.6)
- Insurrection des Favelas Numér a modifié technologie_information : 94.9 → 98.5 (delta:+3.6)
- Insurrection des Favelas Numér a modifié technologie_information : 98.5 → 100 (delta:+10.0)
- Insurrection des Favelas Numér a modifié gouvernance_institutions : 100 → 100 (delta:+4.5)
- Insurrection des Favelas Numér a modifié organisation_territoires : 97.7 → 100 (delta:+3.8)
- Insurrection des Favelas Numér a modifié systemes_productifs_travail : 71.1 → 75.6 (delta:+4.5)
- Insurrection des Favelas Numér a modifié organisation_territoires : 100 → 100 (delta:+6.0)
- Insurrection des Favelas Numér a modifié demographie_mobilite_humaine : 60.0 → 62.2 (delta:+2.2)
- L'Affaire Van Derburgh — Juris a modifié gouvernance_institutions : 100 → 100 (delta:+2.0)
- L'Affaire Van Derburgh — Juris a modifié technologie_information : 100 → 100 (delta:+1.0)

## GÉOGRAPHIE DE CE MONDE

Ces zones forment l'espace géopolitique canonique de ce monde.
Si l'article mentionne un lieu, utilise en priorité un nom de cette liste plutôt que d'en inventer un nouveau.

**Autres zones de ce monde** (contexte de fond)

- **Afrique Australe Réformée** : Zone économique et politique autonome, héritière des réformes post-2050 en Afriq...
- **Amériques Réformées (États-Unis / bloc américain)** : Zone définie par la trajectoire politique américaine dans le scénario, notamment...
- **Archipel des Comores (Autonome)** : Ancienne union des Comores devenue un territoire autonome, axé sur la pêche dura...
- **Bloc Souverainiste Non-Signataire (Sud Global dissident)** : Coalition d'États du Sud Global — sahéliens, andins et du Pacifique Sud — qui né...
- **Espace Eurasiatique** : Bloc eurasiatique regroupant les puissances continentales qui ont développé un m...
- **Europe du Nord-Ouest (Amsterdam-Rotterdam)** : Zone héritière des États d'Europe du Nord-Ouest, citée dans le corpus comme l'un...
- **Hub Africain de Gouvernance (Nairobi-Kigali-Brazzaville)** : Pôle africain de gouvernance des ressources mondiales, articulé autour de Nairob...
- **Hub Européen de Régulation (Genève-La Haye-Tampere)** : Cœur institutionnel de la gouvernance technocratique mondiale en 2098, cette zon...
- **Madagascar (République Insulaire)** : État insulaire autonome, centre de biodiversité et de biotechnologies. Partenair...
- **Maghreb Atlantique** : Région nord-africaine tournée vers l'Atlantique, centre de commerce et de transi...
- **Maurice (Hub Financier de l'Océan Indien)** : Centre financier offshore et plaque tournante des investissements en Afrique et ...
- **Péninsule Ibérique Coopérative** : Zone née de la réforme territoriale ibérique post-2040, marquée par la décentral...
- **Royaume-Uni Autonome** : Ancien membre de l'UE, le Royaume-Uni a consolidé son autonomie politique et éco...
- **Sri Lanka (Hub Maritime de l'Océan Indien)** : Ancienne île stratégique devenue plaque tournante du commerce maritime entre l'A...
- **Zone Moyen-Orient / Golfe Persique** : Région définie dans ce scénario par le conflit israélo-iranien de 2026-2027, qui...
- **Zone Pacifique Industrielle** : Espace pacifique défini dans le corpus par la présence d'acteurs industriels et ...
- **Agadez** (sous Bloc Souverainiste Non-Signataire (Sud Global dissident)) : Ville natale d'Amara Diallo-Nkosi, Agadez est le symbole de la mémoire des puits...
- **Amsterdam-Région** (sous Europe du Nord-Ouest (Amsterdam-Rotterdam)) : Lieu de l'affaire Van Derburgh (2078), où un collectionneur a été arrêté pour po...
- **Bloc andin (Bolivie-Argentine)** (sous Bloc Souverainiste Non-Signataire (Sud Global dissident)) : Composante andine et australe du bloc souverainiste, portée par des États qui co...
- **Brazzaville** (sous Hub Africain de Gouvernance (Nairobi-Kigali-Brazzaville)) : Siège de l'Autorité Continentale des Ressources Aquatiques (ACRA), Brazzaville e...
- (+ 42 autres zones de ce monde, non détaillées : Ceinture des États fédérés conservateurs, Chengdu, Corridors Vivants du RIREC, Dakar, Genève-Lacustre, Genève-Nexus, Inde-Corée du Sud (nœud eurasiatique du Pacte), Infrastructure pétrolière résiduelle du Golfe, Iqaluit (siège de l'APA), Kharg Island, Kigali, Kinshasa, La Haye, Manaus (Consortium Amazônia Viva), Nairobi, Nuuk (siège du KNSF-AGRC), Nœuds d'irrigation atmosphérique sahéliens, Nœuds de l'Union Technocratique Eurasiatique, Nœuds distribués ARIA-Nexus, Rotterdam, Région du Lac Tchad, Sahel occidental (Niger-Mali), Singapour, Sites de géo-ingénierie atmosphérique du Pacifique, Stations de captage orbital Helios, São Paulo (RPDA), Tampere, Tel-Aviv, Thunder Bay (siège du CGLAGHI), Usines flottantes du Pacifique, Valence (tours de contrôle RIREC), Washington D.C. fédéral, Îles du Pacifique Sud, Ceinture industrielle des Grandes Plaines, Complexe Técnico de Gestão Urbana (São Paulo), Conseil de Régulation Numérique de Genève, Cour internationale de La Haye, Institut de Thérapeutique Intégrée de Nairobi, Siège de l'ACRA à La Haye, Siège de l'AISIA à Genève, Station avancée de Thulé-Reconvertie, Tours de contrôle bioclimatique RIREC (Nairobi))

## ÉTAT DES VARIABLES EN 2098

### Variables clés (détail)

Pour chaque variable, les forces attractives et répulsives listées ci-dessous sont deux dynamiques réelles et actives de ce monde, pas de simples options.
**Contrainte concrète, pas une indication approximative** : sur l'ensemble des variables ci-dessous, au moins un fait, un acteur ou une citation de l'article doit illustrer une force attractive (coopération, stabilisation, innovation...) — pas nécessairement une par variable, mais le texte ne peut pas se limiter uniquement aux forces répulsives (tensions, frictions, crises). Un ton d'article tendu ou critique ne dispense pas de cette exigence : une institution peut être contestée ET produire, dans le même article, un effet stabilisateur concret que ses détracteurs eux-mêmes reconnaissent.

**Couverture des variables pilotes** (repérables au tag [VARIABLE PILOTE] ci-dessous) : chacune doit trouver au moins une résonance explicite dans l'article — un fait, un chiffre, un acteur ou une conséquence concrète, pas nécessairement liée à ses forces attractives/répulsives précises — même si elle semble moins centrale à l'angle que tu choisis. Ne laisse aucune variable pilote totalement absente du texte sous prétexte qu'une autre se prête mieux au récit.

**gouvernance_institutions** [VARIABLE PRINCIPALE]
- Niveau : 100/100 | Volatilité : 30/100
- État : Gouvernance multi-niveaux intégrée et coordination internationale renforcée permettant une régulation efficace des crises globales et une meilleure synchronisation des politiques publiques.
- Dynamiques : institutions internationales renforcées | harmonisation réglementaire globale | montée de la gouvernance adaptative
- Sous-dynamiques : etat_nation (down) | institutions_internationales (unstable) | droit_et_regulation (up) | administration_publique (up) | gouvernance_algorithmique (up)
- Indicateurs à ancrer : confiance institutionnelle, stabilité politique
- Forces attractives : stabilisation sociale, coordination globale, gestion des crises, production de normes communes
- Forces répulsives : bureaucratie, perte de confiance, captation du pouvoir, lenteur décisionnelle

**demographie_mobilite_humaine** [VARIABLE PRINCIPALE]
- Niveau : 62.2/100 | Volatilité : 40/100
- État : Gestion coordonnée des flux migratoires via gouvernance internationale, réduction des chocs migratoires majeurs et optimisation partielle des mobilités humaines.
- Dynamiques : régulation des migrations internationales | rééquilibrage progressif des populations | stabilisation relative des flux urbains
- Sous-dynamiques : population_globale (stable) | migrations_internationales (up) | urbanisation (unstable) | structure_familiale (unstable) | mobilite_humaine_globale (up)
- Indicateurs à ancrer : flux migratoires internationaux, taux d’urbanisation, vieillissement démographique, croissance démographique régionale
- Forces attractives : mobilité économique et sociale, rééquilibrage des populations mondiales, adaptation aux contraintes climatiques, innovation culturelle par mélange des populations
- Forces répulsives : pression sur les infrastructures urbaines, tensions sociales et identitaires, déséquilibres territoriaux, vieillissement et déclin démographique localisé

**sante_biotechnologies** [VARIABLE PRINCIPALE]
- Niveau : 53.0/100 | Volatilité : 35/100
- État : Stabilisation des systèmes biotechnologiques par régulation mondiale, réduction des risques sanitaires systémiques et accès plus équitable aux innovations médicales.
- Dynamiques : régulation globale des biotechnologies | renforcement des systèmes de santé publics | réduction des risques pandémiques
- Sous-dynamiques : longevite_humaine (up) | pandemies_globales (up) | biotechnologies_avancees (up) | systemes_de_sante (unstable) | sante_numerique_ia_medicale (up)
- Indicateurs à ancrer : esperance_vie, adoption_ia_medicale, investissements_biotech
- Forces attractives : augmentation de la longévité, amélioration santé globale, réduction mortalité, innovation médicale
- Forces répulsives : pandémies globales, inégalités sanitaires, risques biotechnologiques, surveillance biologique accrue

**technologie_information** [VARIABLE PILOTE]
- Niveau : 100/100 | Volatilité : 55/100
- État : Gouvernance régulée de l’IA et des flux de données à l’échelle nationale ou internationale, visant à limiter la concentration du pouvoir informationnel et à garantir la transparence des systèmes algorithmiques.
- Dynamiques : régulation des IA et des plateformes | gouvernance des données et transparence algorithmique | fragmentation contrôlée des écosystèmes numériques
- Sous-dynamiques : ia_generative_decisionnelle (up) | reseaux_numeriques_globaux (saturating) | medias_algorithmiques (up) | donnees_souverainete_numerique (up) | agents_autonomes_ia (accelerating)
- Indicateurs à ancrer : volume_donnees_global, usage_ia_generatives, centralisation_plateformes, niveau_automatisation_cognitive
- Forces attractives : productivité cognitive accrue, accès global à l’information, optimisation des systèmes complexes, accélération de l’innovation
- Forces répulsives : désinformation systémique, concentration du pouvoir informationnel, dépendance technologique, fragilité des systèmes centralisés

**energie_ressources_critiques** [VARIABLE PILOTE]
- Niveau : 93.1/100 | Volatilité : 45/100
- État : Stabilisation partielle via coordination internationale, régulation des marchés énergétiques et accélération de la transition vers des systèmes plus efficients et résilients.
- Dynamiques : gouvernance énergétique coordonnée | optimisation des flux globaux | réduction des chocs de prix
- Sous-dynamiques : systemes_energetiques (up) | matieres_premieres_critiques (up) | systemes_alimentaires (unstable) | chaines_approvisionnement (up) | infrastructures_energetiques (up)
- Indicateurs à ancrer : demande_energie, prix_energie, volatilite_marches
- Forces attractives : innovation technologique énergétique, optimisation des réseaux, diversification des sources d’énergie, électrification globale
- Forces répulsives : rareté des ressources critiques, volatilité des prix, dépendance géopolitique, impacts environnementaux

**climat_environnement_global** [VARIABLE PILOTE]
- Niveau : 67.0/100 | Volatilité : 35/100
- État : Stabilisation partielle grâce à gouvernance globale et technologies d’atténuation, sans inversion du dérèglement.
- Sous-dynamiques : rechauffement_climatique_global (up) | evenements_extremes (up) | biodiversite_effondrement (down) | cycles_de_l_eau (unstable) | pollution_globale (up)
- Indicateurs à ancrer : température moyenne globale ↑, fréquence événements extrêmes ↑, perte biodiversité ↑
- Forces attractives : régénération écologique, stabilisation climatique globale, augmentation résilience territoriale
- Forces répulsives : effets cumulatifs irréversibles, érosion biodiversité, événements climatiques extrêmes

### Autres variables (résumé)

- **geopolitique_conflits** [1.7] : Stabilisation relative par renforcement des institutions internationales, réduction des conflits ouv...
- **systeme_economique_redistribution** [100] : Stabilisation partielle via régulation financière, politiques redistributives et encadrement des mar...
- **valeurs_culture_tempo_sociale** [54.0] : Tentatives institutionnelles de stabilisation culturelle via régulation des médias, encadrement des ...
- **organisation_territoires** [100] : Rééquilibrage territorial progressif via politiques publiques, infrastructures distribuées et planif...
- **frontieres_du_systeme** [40.6] : Développement coordonné de l’économie spatiale sous gouvernance internationale, avec régulation des ...
- **systemes_productifs_travail** [78.0] : Transformation contrôlée des systèmes productifs via régulation sociale, redistribution et accompagn...

## TENSIONS SYSTÉMIQUES ACTIVES

Ces tensions structurent la réalité de ce monde.
Elles doivent transparaître dans le ton et les faits de l'article.

**Cascades critiques**
- gouvernance_institutions renforce geopolitique_conflits (poids:0.9 lag:1 cycles)

**Tensions propres à cette thématique**
- gouvernance_institutions [80] → geopolitique_conflits [45] : pression négative (cascade)
- gouvernance_institutions [80] → technologie_information [65] : renforcement (reinforcing)
- geopolitique_conflits [45] → gouvernance_institutions [80] : pression négative (reinforcing)
- technologie_information [65] → gouvernance_institutions [80] : renforcement (reinforcing)

## TRAJECTOIRE 2025 → 2098

Jalons clés qui expliquent comment ce monde s'est construit.
Tu peux y faire référence dans l'article comme à des événements passés connus.

**Événements injectés** [CUSTOM — font partie de ce monde] — 8 sur 13 au total, les plus pertinents pour cet article
- [automne 2027] Protocole de Médiation de La Haye — Crise Israélo-Iranienne :
  → Les colonnes de fumée sur Kharg Island et les sirènes de Tel-Aviv s'éteignent presque aussi vite qu'...
  → Déroulement : En 2026-2027, Israël lance des frappes ciblées sur les sites d'enrichissement ir...
  → Conséquences : Le conflit accélère paradoxalement la consolidation des institutions de gouverna...
  → Acteurs : conseil_regulation_ressources_policy_reform, bureau_gouvernance_algorithmique_policy_reform, le_temoin_policy_reform, gouvernement_israel_policy_reform, republique_islamique_iran_policy_reform
- [automne 2039] Grève Générale des Corridors Eurasiens et Réquisition Technocratique :
  → Le 12 octobre 2039, des milliers de travailleurs des corridors logistiques eurasiens — chauffeurs, m...
  → Déroulement : Dans le scénario *policy_reform*, la grève générale des travailleurs des corrido...
  → Conséquences : La grève marque un tournant dans la gouvernance du travail critique : les revend...
  → Acteurs : internationale_travailleurs_augmentes_policy_reform, union_technocratique_eurasiatique_policy_reform, agence_internationale_de_l_energie_reformatee_aier_policy_reform, agence_technocratique_pour_la_resilience_biospherique_atrb_policy_reform, bureau_gouvernance_algorithmique_policy_reform, collectifs_de_gouvernance_communautaire_decentralisee_policy_reform, conseil_regulation_ressources_policy_reform, reseau_des_metropoles_n_uds_policy_reform
- [été-automne 2044] Exode du Midwest Aride — Protocole d'Intégration Lacustre :
  → L'été 2044 entre dans les annales comme celui de la Grande Canicule du Midwest. Les thermomètres ne ...
  → Déroulement : Après trois étés consécutifs à plus de 55°C dans un Midwest désertifié, 18 milli...
  → Conséquences : L'exode du Midwest amorce une recomposition territoriale durable de l'Amérique d...
  → Acteurs : great_lakes_autonomous_compact_policy_reform, office_integre_des_flux_migratoires_policy_reform, grille_aria_policy_reform, collectifs_de_resistance_aux_relocalisations_forcees_policy_reform, assemblee_territoires_policy_reform, consortium_technologique_de_planification_territoriale_policy_reform, fonds_mondial_de_resilience_infrastructurelle_policy_reform, conseil_de_regulation_climatique_global_policy_reform
- [automne 2041] Enchères Circumpolaires du Kalaallit — Protocole de Nairobi :
  → Nuuk, automne 2041 : pour la première fois dans l'histoire de la diplomatie des ressources, un fonds...
  → Déroulement : En septembre 2041, le Kalaallit Nunaat Sovereign Fund (KNSF-AGRC) lance la premi...
  → Conséquences : L'événement consolide le modèle de gouvernance technocratique des ressources cri...
  → Acteurs : kalaallit_nunaat_sovereign_fund_policy_reform, conseil_regulation_ressources_policy_reform, agence_internationale_de_l_energie_reformatee_aier_policy_reform, union_technocratique_eurasiatique_policy_reform, bloc_des_nations_a_economie_carbone_controlee_policy_reform, arctic_passage_authority_policy_reform, observatoire_mondial_des_ressources_critiques_policy_reform, grille_aria_policy_reform, syndicats_d_extraction_privee_non_regules_policy_reform, front_des_souverainistes_energetiques_policy_reform, le_temoin_policy_reform
- [14 mars 2040] L'Attentat des Neuf Nœuds — Déclencheur de Régulation Internationale :
  → L'attentat du 14 mars 2040 déclenche une réponse diplomatique sans précédent. En 2041, le Traité de ...
  → Déroulement : La catastrophe est réelle mais la réponse institutionnelle est à la hauteur dans...
  → Conséquences : Création d'un cadre juridique international pour la protection des infrastructur...
- [novembre 2039] Acte Fondateur de Funafuti : Naissance du Pacifique Sud Resilience Network :
  → Depuis la barge Alofa-Fenua, les caméras du Prisme Global transmettent en direct le vote historique ...
  → Déroulement : En novembre 2039, la submersion définitive de l'atoll principal de Funafuti, acc...
  → Conséquences : Le Protocole de Funafuti devient le socle du droit international post-territoria...
  → Acteurs : pacifique_sud_resilience_network_policy_reform, conseil_de_regulation_climatique_global_policy_reform, fonds_mondial_de_resilience_infrastructurelle_policy_reform, leena_vainala_policy_reform, prisme_global_policy_reform, assemblee_territoires_policy_reform, agence_stabilisation_climatique_policy_reform, office_integre_des_flux_migratoires_policy_reform, mouvement_pour_la_souverainete_territoriale_absolue_policy_reform, fonds_de_stabilisation_climatique_onu_3_policy_reform
- [novembre 2055] Traité de Belém : la Souveraineté Carbone Amazonienne face aux Blocs :
  → Novembre 2055, Belém brûle sous une chaleur record quand les délégations se réunissent dans l'encein...
  → Déroulement : Dans un monde de gouvernance technocratique stabilisée mais sous haute tension (...
  → Conséquences : Le traité crée un précédent institutionnel majeur : pour la première fois, des e...
  → Acteurs : consortium_amazonia_viva_policy_reform, conseil_de_regulation_climatique_global_policy_reform, fonds_mondial_pour_la_transition_ecosystemique_fmte_policy_reform, front_souverainiste_des_blocs_non_signataires_policy_reform, union_technocratique_eurasiatique_policy_reform, grille_aria_policy_reform, lobbies_des_energies_fossiles_residuelles_policy_reform, mouvement_pour_la_justice_ecologique_communautaire_policy_reform, autorite_mondiale_du_vivant_amv_policy_reform, assemblee_territoires_policy_reform
- [automne 2047] Protocole d'Urgence Amazonienne — Crise de Gouvernance du Bassin Vert :
  → Depuis la tour de crise de Belém, les écrans du Consortium Amazônia Viva affichent en temps réel l'a...
  → Déroulement : Le Consortium Amazônia Viva, reconnu depuis 2041 comme délégation auprès du Cons...
  → Conséquences : La crise force l'adoption précipitée du Protocole de Souveraineté Écosystémique ...
  → Acteurs : consortium_amazonia_viva_policy_reform, conseil_de_regulation_climatique_global_policy_reform, autorite_mondiale_du_vivant_amv_policy_reform, coalition_des_operateurs_energetiques_prives_anti_quotas_policy_reform, reseaux_de_capteurs_ia_climatiques_deployes_par_les_etats_membres_policy_reform, trame_bioclimatique_policy_reform, conseil_regulation_ressources_policy_reform, fonds_mondial_pour_la_transition_ecosystemique_fmte_policy_reform, assemblee_territoires_policy_reform, mouvement_pour_la_justice_ecologique_communautaire_policy_reform

**Événements historiques clés** (datés — à mentionner naturellement)
- [2026-2042] lancement de la campagne publique de pédagogie énergétique 2033 :
  → energie ressources critiques : acceptation publique croissante construite par la communication institutionnelle
- [2027-2043] création de la force mondiale anti-incendie de l'ONU 2034 :
  → climat environnement global : coordination internationale des moyens de lutte contre les incendies
- [2027-2044] adoption de la norme sur la supervision humaine obligatoire 2035 :
  → gouvernance institutions : encadrement réglementaire des systèmes décisionnels automatisés avec supervision humaine obligatoire
- [2028-2043] Convention de Genève sur le droit à l'eau 2035 :
  → climat environnement global : régulation internationale des usages de l'eau
- [2028-2044] adoption de la charte mondiale de transparence institutionnelle 2035 :
  → gouvernance institutions : restauration progressive de la confiance par des réformes de redevabilité
- [2030-2046] protocole international de certification de la capture carbone 2037 :
  → climat environnement global : déploiement encadré de la capture carbone sous contrôle international

**Signaux complémentaires** (évolutions sectorielles — à mentionner si pertinent)
- [2030-2046] adoption du règlement mondial sur les données de santé 2037 :
  → sante biotechnologies : surveillance sanitaire encadrée par des garanties de confidentialité strictes
- [2032-2048] ratification du Traité de Brasília sur la biotech responsable 2043 :
  → sante biotechnologies : course biotech encadrée par accords internationaux de non-prolifération

**Ruptures majeures** (contexte de fond, portée large)
- [SYS] effondrement
- [SYS] effondrement de la légitimité étatique
- [SYS] fragmentation des États

**Ruptures structurantes** (contexte de fond)
- [POL] révolutions institutionnelles
- [TEC] superintelligence_artificielle
- [TEC] captation massive CO2 atmosphérique
- [TEC] geoengineering climatique global

## ENTITÉS CANONIQUES DE CE MONDE

Ces entités existent dans ce monde avec ces descriptions précises.
Utilise leurs noms exacts. Tu peux les mentionner, les citer, les impliquer dans les faits.
Ne les contredis pas, ne les renomme pas.

**gelecek_meclisi_policy_reform** [MATURE] [impact:0/5]
*Relation dominante* : neutralité (depuis 2026)

## CONSIGNE DE RÉDACTION

**Rubrique** : FAITS DIVERS

**Format** : brève | **Longueur** : 200 à 400 mots
**Style** : narratif
**Niveau émotionnel** : très élevé — tension maximale, impact émotionnel fort
**Échelle** : locale | **Temporalité** : immédiat

**Acteurs à impliquer** : citoyens, justice, médias, populations locales

**Angle spécifique demandé** : Cet article DOIT être construit spécifiquement autour de gelecek_meclisi_policy_reform : 

**Date de publication** : 21 avril 2098 — reprends cette date exacte, ne la remplace pas par une autre.

---

Écris maintenant l'article. Commence directement par le titre.

Contraintes impératives :
- **Longueur impérative : 200 à 400 mots** — ne t'arrête pas avant la borne basse, ne dépasse pas la borne haute. C'est une contrainte dure, pas une indication approximative.
- Le titre doit être accrocheur et ancré dans le monde décrit
- La date de publication est **21 avril 2098** — reprends cette date exacte sous le titre, n'en invente pas une autre
- L'article utilise des noms propres inventés mais crédibles (personnes, lieux, organisations)
- La signature du journaliste apparaît UNE SEULE FOIS, immédiatement sous la date de publication — jamais en fin d'article, jamais répétée
- Aucune référence au mot 'scénario', 'variable', 'simulation'
- Le contexte du monde est montré, pas expliqué
- Les entités canoniques listées ci-dessus DOIVENT être utilisées avec leurs noms et descriptions exactes

--- [policy_reform] MÉTADONNÉES ---
  scenario : policy_reform
  thematique : faits_divers
  format : brève
  longueur : 200 à 400 mots
  ligne_editoriale : opposition

------------------------------------------------------------
[generate] → reference
------------------------------------------------------------

[snapshot] Construction du monde 2098 — scénario : reference
[snapshot] Variables pilotes : ['climat_environnement_global', 'energie_ressources_critiques', 'technologie_information', 'systeme_economique_redistribution', 'gouvernance_institutions']
[snapshot] États définis : 12/12
[snapshot] Tensions détectées : 13 | Cohérence : ATTENTION
[snapshot] Jalons trajectoire : 154 (37 majeurs)
[snapshot] Événements signal_to_state : 62 (31 majeurs)
[snapshot] Tensions thématiques : 8
  Avertissement YAML dans /Users/davidlopez2005/Documents/Obsidian Vault/Ourrassol2098/instances/gelecek_meclisi_reference.md : mapping values are not allowed here
  in "<unicode string>", line 61, column 367:
     ... de résilience territoriale (ex. : adaptation des mégapoles côtiè ... 
                                         ^
[snapshot] Instances chargées : 171 | Filtrées : 6
[snapshot] Événement custom 'Frappes croisées Israël-Iran : l'embrasement contenu' (an 2026, 72 ans d'effet)
  → geopolitique_conflits : 75 → 63.0 (delta:-12.0)
  → energie_ressources_critiques : 77.7 → 87.7 (delta:+10.0)
  → gouvernance_institutions : 65.4 → 73.4 (delta:+8.0)
  → demographie_mobilite_humaine : 59.5 → 53.5 (delta:-6.0)
[snapshot] Événement custom 'Acte Fondateur du Pacifique Sud Resilience Network' (an 2039, 59 ans d'effet)
  → climat_environnement_global : 67.4 → 61.400000000000006 (delta:-6.0)
  → gouvernance_institutions : 73.4 → 81.4 (delta:+8.0)
  → organisation_territoires : 67.9 → 57.900000000000006 (delta:-10.0)
  → frontieres_du_systeme : 32.0 → 25.0 (delta:-7.0)
[snapshot] Événement custom 'L'Attentat des Neuf Nœuds — Crise Majeure Partiellement Absorbée' (an 2040, 58 ans d'effet)
  → technologie_information : 78.3 → 63.3 (delta:-15.0)
  → gouvernance_institutions : 74.6 → 68.6 (delta:-6.0)
  → geopolitique_conflits : 56.5 → 64.5 (delta:+8.0)
[snapshot] Événement custom 'Enchères du Grand Dégel : la vente aux enchères des terres rares du Kalaallit Nunaat' (an 2041, 57 ans d'effet)
  → energie_ressources_critiques : 83.9 → 91.9 (delta:+8.0)
  → geopolitique_conflits : 60.7 → 50.7 (delta:-10.0)
  → gouvernance_institutions : 69.5 → 75.5 (delta:+6.0)
  → organisation_territoires : 53.1 → 60.1 (delta:+7.0)
[snapshot] Événement custom 'L'Exode des Fours — Migration vers les Grands Lacs' (an 2044, 54 ans d'effet)
  → demographie_mobilite_humaine : 55.5 → 67.5 (delta:+12.0)
  → organisation_territoires : 64.6 → 74.6 (delta:+10.0)
  → gouvernance_institutions : 75.5 → 83.5 (delta:+8.0)
  → climat_environnement_global : 59.2 → 64.2 (delta:+5.0)
[snapshot] Événement custom 'Crise de Souveraineté Amazonienne : L'Épreuve de Belém' (an 2047, 51 ans d'effet)
  → climat_environnement_global : 64.2 → 72.2 (delta:+8.0)
  → geopolitique_conflits : 32.7 → 22.700000000000003 (delta:-10.0)
  → gouvernance_institutions : 88.0 → 95.0 (delta:+7.0)
  → organisation_territoires : 78.8 → 84.8 (delta:+6.0)
[snapshot] Événement custom 'La Sécession des Grands Lacs : Le Compact Autonome de 2051' (an 2051, 47 ans d'effet)
  → organisation_territoires : 84.8 → 72.8 (delta:-12.0)
  → gouvernance_institutions : 95.0 → 100 (delta:+14.0)
  → geopolitique_conflits : 15.9 → 5.9 (delta:-10.0)
[snapshot] Événement custom 'Traité de Belém sur la Souveraineté Carbone Amazonienne' (an 2055, 43 ans d'effet)
  → climat_environnement_global : 72.2 → 80.2 (delta:+8.0)
  → gouvernance_institutions : 100 → 100 (delta:+6.0)
  → geopolitique_conflits : 3.2 → 10.2 (delta:+7.0)
  → energie_ressources_critiques : 96.7 → 100 (delta:+4.0)
[snapshot] Événement custom 'Élection Contestée du Nouveau Parti Commun' (an 2055, 43 ans d'effet)
  → gouvernance_institutions : 96.9 → 90.9 (delta:-6.0)
  → geopolitique_conflits : 11.0 → 16.0 (delta:+5.0)
  → valeurs_culture_tempo_sociale : 60 → 56.0 (delta:-4.0)
[snapshot] Événement custom 'L'Incident du Passage Nord-Ouest — Saisie du Convoi APA' (an 2059, 39 ans d'effet)
  → geopolitique_conflits : 16.0 → 4.0 (delta:-12.0)
  → frontieres_du_systeme : 25.9 → 15.899999999999999 (delta:-10.0)
  → energie_ressources_critiques : 100 → 100 (delta:+8.0)
[snapshot] Événement custom 'La Révolte des Zones Négatives — São Paulo 2073' (an 2073, 25 ans d'effet)
  → gouvernance_institutions : 94.1 → 100 (delta:+8.0)
  → technologie_information : 74.8 → 80.8 (delta:+6.0)
  → organisation_territoires : 79.2 → 86.2 (delta:+7.0)
[snapshot] Événement custom 'L'Affaire Van Derburgh — Technologies Non Déclarées' (an 2078, 20 ans d'effet)
  → valeurs_culture_tempo_sociale : 56.0 → 55.0 (delta:-1.0)
  → gouvernance_institutions : 100 → 99.0 (delta:-1.0)
[snapshot] Événement custom 'Test de Cohérence des Systèmes d'Information à Long Terme' (an 2091, 7 ans d'effet)
  → technologie_information : 83.4 → 85.7 (delta:+2.3)
  → frontieres_du_systeme : 15.9 → 18.0 (delta:+2.1)
[snapshot] Événement custom 'Programme Pilote de Bio-Revenu Universel de Nairobi' (an 2094, 4 ans d'effet)
  → sante_biotechnologies : 55 → 57.1 (delta:+2.1)
  → systeme_economique_redistribution : 88.5 → 89.5 (delta:+1.0)
  → systemes_productifs_travail : 54.6 → 56.2 (delta:+1.6)
  → gouvernance_institutions : 100 → 100 (delta:+1.6)
  → valeurs_culture_tempo_sociale : 55.0 → 56.4 (delta:+1.4)
[snapshot] Événements custom : 14 | 225 variables affectées
  Avertissement YAML dans /Users/davidlopez2005/Documents/Obsidian Vault/Ourrassol2098/instances/gelecek_meclisi_reference.md : mapping values are not allowed here
  in "<unicode string>", line 61, column 367:
     ... de résilience territoriale (ex. : adaptation des mégapoles côtiè ... 
                                         ^
[snapshot] Forçage instance (sujet central) : gelecek_meclisi_reference

[prompt] Assemblage du prompt...
[prompt] System prompt : 2802 caractères
[prompt] User prompt   : 42961 caractères
[prompt] Sections      : 7 (dont entités: oui, géographie: oui)

--- [reference] SYSTEM PROMPT ---
Tu es un journaliste senior travaillant en 2098 pour Réseau Le Dessous des Cartes — média d'investigation indépendant, financement participatif.

Le monde dans lequel tu vis et écris est réel pour toi — tu n'écris pas de la science-fiction, tu rapportes des faits de ton époque. Tu n'expliques jamais le contexte historique comme si tu t'adressais à quelqu'un du passé.

Tes règles absolues :
- Tu écris toujours à la date indiquée, en 2098, depuis l'intérieur de ce monde.
- Tu écris exclusivement en français, sur toute la longueur de l'article — y compris les citations, dialogues et exergues inventés. Les noms propres volontairement empruntés à une autre langue (ex. « Amazônia Viva ») restent isolés comme noms propres, mais ne doivent jamais faire basculer le reste du texte dans cette langue, même si des entités ou alliés du monde décrit sont associés à une autre aire linguistique.
- Un allié, un rival ou tout événement mentionné comme se déroulant ailleurs dans le monde ne fait pas partie de ta zone : tu ne transposes jamais ses lieux, ses populations, sa langue ou ses marqueurs culturels propres dans ton propre article, sauf si celui-ci porte explicitement sur une interaction ou un événement commun entre les deux. Ta zone garde sa propre géographie, sa propre culture et ses propres noms, même quand tu mentionnes un partenaire extérieur.
- Tu utilises des noms de lieux, d'organisations, de personnes crédibles et cohérents avec le monde décrit. Tu peux en inventer — ils doivent sonner vrais pour 2098.
- Tu ne mentionnes jamais les "variables", les "scénarios" ou tout autre métalangage du système de simulation. Ces concepts n'existent pas dans ton monde.
- Tu ancres chaque article dans des faits concrets : chiffres, noms, lieux, événements datés.
- Tu respectes strictement le style journalistique et le format demandés.
- Tes articles sont cohérents avec l'état du monde décrit — tu ne contredis pas les dynamiques systémiques fournies.
- Tu peux mentionner des technologies, des institutions, des événements passés (entre 2025 et 2098) qui semblent naturels dans ce monde.

Ton identité éditoriale :
Ton lucide et enquêteur. Le journal documente l'accumulation des problèmes non résolus, donne la parole aux marges, aux lanceurs d'alerte, aux territoires oubliés. Pas de dramatisation — les faits suffisent à inquiéter. Style investigation, sources multiples, données croisées. Le lecteur sort de l'article avec plus de questions qu'en entrant.

Tu signes cet article d'un nom de journaliste crédible que tu inventes toi-même, au format exact "Prénom Nom — Réseau Le Dessous des Cartes". Cette signature apparaît UNE SEULE FOIS dans tout l'article, immédiatement sous la date de publication (comme dans la presse en ligne) — jamais en fin d'article, jamais répétée ailleurs.

--- [reference] USER PROMPT (complet) ---
## MONDE 2098 — REFERENCE

**État global**
- Système : fragile | Tension : 3/5 | Trajectoire : transition
- Structure géopolitique : multipolaire
- Régime politique dominant : hybride
- Vitesse de transformation : progressive

**Résumé du monde**
Système mondial maintenu en équilibre fragile par des ajustements technologiques, économiques et institutionnels continus face à des contraintes structurelles persistantes.

**Logique systémique**
Le système global absorbe des chocs récurrents grâce à l’innovation technologique et aux mécanismes de régulation partielle, mais reste soumis à une accumulation progressive de déséquilibres structurels.

**Déclencheurs qui ont façonné ce monde**
- crise climatique récurrente
- tension énergétique mondiale
- ralentissement économique global

**Effets systémiques**
*economy* : croissance instable sous contraintes | ajustements permanents des modèles économiques
*geopolitics* : tensions contenues entre blocs | gestion continue des déséquilibres internationaux
*society* : inégalités persistantes | adaptation sociale lente mais continue
*technology* : automatisation progressive des systèmes | dépendance accrue aux infrastructures numériques
*environment* : dégradation continue mais partiellement contenue | tentatives d’atténuation des impacts climatiques

**Implications globales**
Dépendance croissante aux systèmes techniques et à l’innovation pour maintenir la stabilité, avec persistance des inégalités et des tensions environnementales et énergétiques à long terme.

**Boucles dynamiques**
- Stabilisation : innovation technologique → compensation des crises | régulation institutionnelle → ralentissement des chocs
- Déstabilisation : pression climatique → instabilité énergétique | inégalités → tensions sociales

**Signaux faibles émergents de ce monde**
- tensions climatiques récurrentes
- déséquilibres énergétiques persistants
- dépendance croissante aux systèmes technologiques
- ajustements réglementaires continus
- fragilité des chaînes économiques globales

**Perturbations custom actives**
Ce monde a été modifié par des injections spécifiques :
- [ÉVÉNEMENT automne 2026] Frappes croisées Israël-Iran : l'embrasement contenu : Les images de Fordo en flammes font le tour des réseaux en quelques minutes : Is...
- [ÉVÉNEMENT septembre 2039] Acte Fondateur du Pacifique Sud Resilience Network : Depuis la plateforme ancrée à 40 milles nautiques au nord de l'atoll englouti, l...
- [ÉVÉNEMENT 14 mars 2040] L'Attentat des Neuf Nœuds — Crise Majeure Partiellement Absorbée : Le 14 mars 2040, neuf nœuds tombent. La crise dure 23 jours pour les zones les p...
- [ÉVÉNEMENT automne 2041] Enchères du Grand Dégel : la vente aux enchères des terres rares du Kalaallit Nunaat : Nuuk, automne 2041. Les salles de négociation du Katuaq Cultural Centre ont été ...
- [ÉVÉNEMENT été-automne 2044] L'Exode des Fours — Migration vers les Grands Lacs : Le journaliste Raj Mehta, couvrant l'événement depuis Toledo en août 2044, décri...
- [ÉVÉNEMENT automne 2047] Crise de Souveraineté Amazonienne : L'Épreuve de Belém : Automne 2047. Belém brûle d'une lumière rouge : les fumées des zones déforestées...
- [ÉVÉNEMENT automne 2051] La Sécession des Grands Lacs : Le Compact Autonome de 2051 : Le 14 novembre 2051, sous les verrières de l'ancien Millennium Park transformé e...
- [ÉVÉNEMENT automne 2055] Traité de Belém sur la Souveraineté Carbone Amazonienne : Le 14 novembre 2055, sous une chaleur tropicale alourdie par dix ans de sécheres...
- [ÉVÉNEMENT novembre 2055] Élection Contestée du Nouveau Parti Commun : Le Nouveau Parti Commun remporte 47% des votes en novembre 2055 dans un contexte...
- [ÉVÉNEMENT été 2059] L'Incident du Passage Nord-Ouest — Saisie du Convoi APA : Les eaux grises du Passage Nord-Ouest, déglaciées depuis deux décennies, sont de...
- [ÉVÉNEMENT automne 2073] La Révolte des Zones Négatives — São Paulo 2073 : Le 14 octobre 2073, les écrans des favelas numériques de Paraisópolis et Cidade ...
- [ÉVÉNEMENT juin 2078] L'Affaire Van Derburgh — Technologies Non Déclarées : Chris van Derburgh, 67 ans, ingénieur retraité à Lyon-Métropole, est arrêté en j...
- [ÉVÉNEMENT automne 2091] Test de Cohérence des Systèmes d'Information à Long Terme : En automne 2091, l'Agence Mondiale pour la Stabilisation Climatique (AMSC) et le...
- [ÉVÉNEMENT automne 2094] Programme Pilote de Bio-Revenu Universel de Nairobi : Nairobi, automne 2094 — Le quartier de Westlands s'est transformé en laboratoire...
- Frappes croisées Israël-Iran : a modifié geopolitique_conflits : 75 → 63.0 (delta:-12.0)
- Frappes croisées Israël-Iran : a modifié systeme_economique_redistribution : 70 → 74.5 (delta:+4.5)
- Frappes croisées Israël-Iran : a modifié gouvernance_institutions : 60 → 65.4 (delta:+5.4)
- Frappes croisées Israël-Iran : a modifié organisation_territoires : 65 → 70.1 (delta:+5.1)
- Frappes croisées Israël-Iran : a modifié frontieres_du_systeme : 25 → 29.8 (delta:+4.8)
- Frappes croisées Israël-Iran : a modifié technologie_information : 80 → 74.9 (delta:-5.1)
- Frappes croisées Israël-Iran : a modifié energie_ressources_critiques : 72 → 77.7 (delta:+5.7)
- Frappes croisées Israël-Iran : a modifié demographie_mobilite_humaine : 55 → 59.5 (delta:+4.5)
- Frappes croisées Israël-Iran : a modifié energie_ressources_critiques : 77.7 → 87.7 (delta:+10.0)
- Frappes croisées Israël-Iran : a modifié geopolitique_conflits : 63.0 → 58.2 (delta:-4.8)
- Frappes croisées Israël-Iran : a modifié systemes_productifs_travail : 70 → 65.8 (delta:-4.2)
- Frappes croisées Israël-Iran : a modifié gouvernance_institutions : 65.4 → 73.4 (delta:+8.0)
- Frappes croisées Israël-Iran : a modifié demographie_mobilite_humaine : 59.5 → 53.5 (delta:-6.0)
- Frappes croisées Israël-Iran : a modifié climat_environnement_global : 65 → 67.4 (delta:+2.4)
- Acte Fondateur du Pacifique Su a modifié climat_environnement_global : 67.4 → 61.400000000000006 (delta:-6.0)
- Acte Fondateur du Pacifique Su a modifié frontieres_du_systeme : 29.8 → 32.0 (delta:+2.2)
- Acte Fondateur du Pacifique Su a modifié demographie_mobilite_humaine : 53.5 → 55.9 (delta:+2.4)
- Acte Fondateur du Pacifique Su a modifié systemes_productifs_travail : 63.4 → 65.6 (delta:+2.2)
- Acte Fondateur du Pacifique Su a modifié gouvernance_institutions : 73.4 → 81.4 (delta:+8.0)
- Acte Fondateur du Pacifique Su a modifié systeme_economique_redistribution : 73.5 → 76.7 (delta:+3.2)
- Acte Fondateur du Pacifique Su a modifié geopolitique_conflits : 56.8 → 53.199999999999996 (delta:-3.6)
- Acte Fondateur du Pacifique Su a modifié technologie_information : 78.5 → 82.1 (delta:+3.6)
- Acte Fondateur du Pacifique Su a modifié organisation_territoires : 67.9 → 57.900000000000006 (delta:-10.0)
- Acte Fondateur du Pacifique Su a modifié frontieres_du_systeme : 32.0 → 25.0 (delta:-7.0)
- Acte Fondateur du Pacifique Su a modifié climat_environnement_global : 61.4 → 64.0 (delta:+2.6)
- L'Attentat des Neuf Nœuds — Cr a modifié technologie_information : 78.3 → 63.3 (delta:-15.0)
- L'Attentat des Neuf Nœuds — Cr a modifié systeme_economique_redistribution : 76.7 → 70.3 (delta:-6.4)
- L'Attentat des Neuf Nœuds — Cr a modifié gouvernance_institutions : 81.4 → 74.60000000000001 (delta:-6.8)
- L'Attentat des Neuf Nœuds — Cr a modifié geopolitique_conflits : 60.2 → 53.800000000000004 (delta:-6.4)
- L'Attentat des Neuf Nœuds — Cr a modifié organisation_territoires : 57.9 → 52.3 (delta:-5.6)
- L'Attentat des Neuf Nœuds — Cr a modifié systemes_productifs_travail : 61.6 → 54.800000000000004 (delta:-6.8)
- L'Attentat des Neuf Nœuds — Cr a modifié gouvernance_institutions : 74.6 → 68.6 (delta:-6.0)
- L'Attentat des Neuf Nœuds — Cr a modifié technologie_information : 63.3 → 60.599999999999994 (delta:-2.7)
- L'Attentat des Neuf Nœuds — Cr a modifié geopolitique_conflits : 56.5 → 64.5 (delta:+8.0)
- L'Attentat des Neuf Nœuds — Cr a modifié frontieres_du_systeme : 25.0 → 21.8 (delta:-3.2)
- L'Attentat des Neuf Nœuds — Cr a modifié energie_ressources_critiques : 87.7 → 83.9 (delta:-3.8)
- L'Attentat des Neuf Nœuds — Cr a modifié demographie_mobilite_humaine : 52.1 → 49.1 (delta:-3.0)
- Enchères du Grand Dégel : la v a modifié energie_ressources_critiques : 83.9 → 91.9 (delta:+8.0)
- Enchères du Grand Dégel : la v a modifié systeme_economique_redistribution : 64.9 → 61.50000000000001 (delta:-3.4)
- Enchères du Grand Dégel : la v a modifié geopolitique_conflits : 64.5 → 60.7 (delta:-3.8)
- Enchères du Grand Dégel : la v a modifié systemes_productifs_travail : 54.8 → 51.4 (delta:-3.4)
- Enchères du Grand Dégel : la v a modifié geopolitique_conflits : 60.7 → 50.7 (delta:-10.0)
- Enchères du Grand Dégel : la v a modifié gouvernance_institutions : 65.0 → 69.5 (delta:+4.5)
- Enchères du Grand Dégel : la v a modifié organisation_territoires : 48.9 → 53.1 (delta:+4.2)
- Enchères du Grand Dégel : la v a modifié frontieres_du_systeme : 21.8 → 25.8 (delta:+4.0)
- Enchères du Grand Dégel : la v a modifié technologie_information : 64.0 → 59.8 (delta:-4.2)
- Enchères du Grand Dégel : la v a modifié energie_ressources_critiques : 91.9 → 96.7 (delta:+4.8)
- Enchères du Grand Dégel : la v a modifié demographie_mobilite_humaine : 49.1 → 52.9 (delta:+3.8)
- Enchères du Grand Dégel : la v a modifié gouvernance_institutions : 69.5 → 75.5 (delta:+6.0)
- Enchères du Grand Dégel : la v a modifié organisation_territoires : 53.1 → 60.1 (delta:+7.0)
- L'Exode des Fours — Migration  a modifié demographie_mobilite_humaine : 55.5 → 67.5 (delta:+12.0)
- L'Exode des Fours — Migration  a modifié geopolitique_conflits : 45.0 → 40.5 (delta:-4.5)
- L'Exode des Fours — Migration  a modifié organisation_territoires : 60.1 → 64.6 (delta:+4.5)
- L'Exode des Fours — Migration  a modifié climat_environnement_global : 64.0 → 59.2 (delta:-4.8)
- L'Exode des Fours — Migration  a modifié systemes_productifs_travail : 54.2 → 59.0 (delta:+4.8)
- L'Exode des Fours — Migration  a modifié organisation_territoires : 64.6 → 74.6 (delta:+10.0)
- L'Exode des Fours — Migration  a modifié technologie_information : 65.1 → 68.89999999999999 (delta:+3.8)
- L'Exode des Fours — Migration  a modifié demographie_mobilite_humaine : 67.5 → 71.3 (delta:+3.8)
- L'Exode des Fours — Migration  a modifié gouvernance_institutions : 75.5 → 83.5 (delta:+8.0)
- L'Exode des Fours — Migration  a modifié systeme_economique_redistribution : 67.7 → 70.9 (delta:+3.2)
- L'Exode des Fours — Migration  a modifié climat_environnement_global : 59.2 → 64.2 (delta:+5.0)
- L'Exode des Fours — Migration  a modifié frontieres_du_systeme : 25.8 → 23.900000000000002 (delta:-1.9)
- Crise de Souveraineté Amazonie a modifié climat_environnement_global : 64.2 → 72.2 (delta:+8.0)
- Crise de Souveraineté Amazonie a modifié frontieres_du_systeme : 23.9 → 20.9 (delta:-3.0)
- Crise de Souveraineté Amazonie a modifié demographie_mobilite_humaine : 69.3 → 66.1 (delta:-3.2)
- Crise de Souveraineté Amazonie a modifié systemes_productifs_travail : 61.1 → 58.1 (delta:-3.0)
- Crise de Souveraineté Amazonie a modifié geopolitique_conflits : 32.7 → 22.700000000000003 (delta:-10.0)
- Crise de Souveraineté Amazonie a modifié systeme_economique_redistribution : 70.9 → 74.7 (delta:+3.8)
- Crise de Souveraineté Amazonie a modifié gouvernance_institutions : 83.5 → 88.0 (delta:+4.5)
- Crise de Souveraineté Amazonie a modifié organisation_territoires : 74.6 → 78.8 (delta:+4.2)
- Crise de Souveraineté Amazonie a modifié technologie_information : 72.5 → 68.3 (delta:-4.2)
- Crise de Souveraineté Amazonie a modifié energie_ressources_critiques : 96.7 → 100 (delta:+4.8)
- Crise de Souveraineté Amazonie a modifié gouvernance_institutions : 88.0 → 95.0 (delta:+7.0)
- Crise de Souveraineté Amazonie a modifié geopolitique_conflits : 22.7 → 19.599999999999998 (delta:-3.1)
- Crise de Souveraineté Amazonie a modifié organisation_territoires : 78.8 → 84.8 (delta:+6.0)
- La Sécession des Grands Lacs : a modifié organisation_territoires : 84.8 → 72.8 (delta:-12.0)
- La Sécession des Grands Lacs : a modifié geopolitique_conflits : 17.1 → 22.200000000000003 (delta:+5.1)
- La Sécession des Grands Lacs : a modifié technologie_information : 73.6 → 69.1 (delta:-4.5)
- La Sécession des Grands Lacs : a modifié demographie_mobilite_humaine : 72.1 → 67.6 (delta:-4.5)
- La Sécession des Grands Lacs : a modifié systemes_productifs_travail : 60.5 → 55.7 (delta:-4.8)
- La Sécession des Grands Lacs : a modifié gouvernance_institutions : 95.0 → 100 (delta:+14.0)
- La Sécession des Grands Lacs : a modifié systeme_economique_redistribution : 77.5 → 83.1 (delta:+5.6)
- La Sécession des Grands Lacs : a modifié geopolitique_conflits : 15.9 → 5.9 (delta:-10.0)
- La Sécession des Grands Lacs : a modifié gouvernance_institutions : 100 → 100 (delta:+4.5)
- La Sécession des Grands Lacs : a modifié organisation_territoires : 72.8 → 77.0 (delta:+4.2)
- La Sécession des Grands Lacs : a modifié frontieres_du_systeme : 24.9 → 28.9 (delta:+4.0)
- La Sécession des Grands Lacs : a modifié energie_ressources_critiques : 100 → 100 (delta:+4.8)
- Traité de Belém sur la Souvera a modifié climat_environnement_global : 72.2 → 80.2 (delta:+8.0)
- Traité de Belém sur la Souvera a modifié frontieres_du_systeme : 28.9 → 25.9 (delta:-3.0)
- Traité de Belém sur la Souvera a modifié demographie_mobilite_humaine : 71.4 → 68.2 (delta:-3.2)
- Traité de Belém sur la Souvera a modifié systemes_productifs_travail : 55.7 → 52.7 (delta:-3.0)
- Traité de Belém sur la Souvera a modifié gouvernance_institutions : 100 → 100 (delta:+6.0)
- Traité de Belém sur la Souvera a modifié systeme_economique_redistribution : 86.9 → 89.30000000000001 (delta:+2.4)
- Traité de Belém sur la Souvera a modifié geopolitique_conflits : 5.9 → 3.2 (delta:-2.7)
- Traité de Belém sur la Souvera a modifié technologie_information : 71.2 → 73.9 (delta:+2.7)
- Traité de Belém sur la Souvera a modifié geopolitique_conflits : 3.2 → 10.2 (delta:+7.0)
- Traité de Belém sur la Souvera a modifié gouvernance_institutions : 100 → 96.9 (delta:-3.1)
- Traité de Belém sur la Souvera a modifié organisation_territoires : 77.0 → 74.0 (delta:-3.0)
- Traité de Belém sur la Souvera a modifié energie_ressources_critiques : 100 → 96.7 (delta:-3.3)
- Traité de Belém sur la Souvera a modifié energie_ressources_critiques : 96.7 → 100 (delta:+4.0)
- Élection Contestée du Nouveau  a modifié gouvernance_institutions : 96.9 → 90.9 (delta:-6.0)
- Élection Contestée du Nouveau  a modifié systeme_economique_redistribution : 85.0 → 82.6 (delta:-2.4)
- Élection Contestée du Nouveau  a modifié geopolitique_conflits : 8.3 → 11.0 (delta:+2.7)
- Élection Contestée du Nouveau  a modifié technologie_information : 76.9 → 74.2 (delta:-2.7)
- Élection Contestée du Nouveau  a modifié geopolitique_conflits : 11.0 → 16.0 (delta:+5.0)
- Élection Contestée du Nouveau  a modifié gouvernance_institutions : 90.9 → 88.7 (delta:-2.2)
- Élection Contestée du Nouveau  a modifié organisation_territoires : 74.0 → 71.9 (delta:-2.1)
- Élection Contestée du Nouveau  a modifié frontieres_du_systeme : 23.1 → 21.1 (delta:-2.0)
- Élection Contestée du Nouveau  a modifié energie_ressources_critiques : 100 → 97.6 (delta:-2.4)
- Élection Contestée du Nouveau  a modifié demographie_mobilite_humaine : 65.6 → 63.699999999999996 (delta:-1.9)
- Élection Contestée du Nouveau  a modifié valeurs_culture_tempo_sociale : 60 → 56.0 (delta:-4.0)
- L'Incident du Passage Nord-Oue a modifié geopolitique_conflits : 16.0 → 4.0 (delta:-12.0)
- L'Incident du Passage Nord-Oue a modifié systeme_economique_redistribution : 80.7 → 85.2 (delta:+4.5)
- L'Incident du Passage Nord-Oue a modifié gouvernance_institutions : 88.7 → 94.10000000000001 (delta:+5.4)
- L'Incident du Passage Nord-Oue a modifié organisation_territoires : 71.9 → 77.0 (delta:+5.1)
- L'Incident du Passage Nord-Oue a modifié frontieres_du_systeme : 21.1 → 25.900000000000002 (delta:+4.8)
- L'Incident du Passage Nord-Oue a modifié technologie_information : 76.3 → 71.2 (delta:-5.1)
- L'Incident du Passage Nord-Oue a modifié energie_ressources_critiques : 97.6 → 100 (delta:+5.7)
- L'Incident du Passage Nord-Oue a modifié demographie_mobilite_humaine : 63.7 → 68.2 (delta:+4.5)
- L'Incident du Passage Nord-Oue a modifié frontieres_du_systeme : 25.9 → 15.899999999999999 (delta:-10.0)
- L'Incident du Passage Nord-Oue a modifié geopolitique_conflits : 4.0 → 8.0 (delta:+4.0)
- L'Incident du Passage Nord-Oue a modifié climat_environnement_global : 80.2 → 84.0 (delta:+3.8)
- L'Incident du Passage Nord-Oue a modifié energie_ressources_critiques : 100 → 100 (delta:+8.0)
- L'Incident du Passage Nord-Oue a modifié systemes_productifs_travail : 51.0 → 47.6 (delta:-3.4)
- La Révolte des Zones Négatives a modifié gouvernance_institutions : 94.1 → 100 (delta:+8.0)
- La Révolte des Zones Négatives a modifié systeme_economique_redistribution : 81.8 → 85.0 (delta:+3.2)
- La Révolte des Zones Négatives a modifié geopolitique_conflits : 4.2 → 0.6000000000000001 (delta:-3.6)
- La Révolte des Zones Négatives a modifié technologie_information : 71.2 → 74.8 (delta:+3.6)
- La Révolte des Zones Négatives a modifié technologie_information : 74.8 → 80.8 (delta:+6.0)
- La Révolte des Zones Négatives a modifié gouvernance_institutions : 100 → 100 (delta:+2.7)
- La Révolte des Zones Négatives a modifié organisation_territoires : 77.0 → 79.2 (delta:+2.2)
- La Révolte des Zones Négatives a modifié systemes_productifs_travail : 47.6 → 50.300000000000004 (delta:+2.7)
- La Révolte des Zones Négatives a modifié organisation_territoires : 79.2 → 86.2 (delta:+7.0)
- La Révolte des Zones Négatives a modifié demographie_mobilite_humaine : 68.2 → 70.8 (delta:+2.6)
- L'Affaire Van Derburgh — Techn a modifié valeurs_culture_tempo_sociale : 56.0 → 55.0 (delta:-1.0)
- L'Affaire Van Derburgh — Techn a modifié gouvernance_institutions : 100 → 99.0 (delta:-1.0)
- Test de Cohérence des Systèmes a modifié technologie_information : 83.4 → 85.7 (delta:+2.3)
- Test de Cohérence des Systèmes a modifié systeme_economique_redistribution : 87.5 → 88.5 (delta:+1.0)
- Test de Cohérence des Systèmes a modifié gouvernance_institutions : 99.0 → 100 (delta:+1.0)
- Test de Cohérence des Systèmes a modifié geopolitique_conflits : 0.1 → 1.1 (delta:+1.0)
- Test de Cohérence des Systèmes a modifié organisation_territoires : 86.2 → 87.10000000000001 (delta:+0.9)
- Test de Cohérence des Systèmes a modifié systemes_productifs_travail : 53.1 → 54.1 (delta:+1.0)
- Test de Cohérence des Systèmes a modifié frontieres_du_systeme : 15.9 → 18.0 (delta:+2.1)
- Test de Cohérence des Systèmes a modifié climat_environnement_global : 84.0 → 83.2 (delta:-0.8)
- Programme Pilote de Bio-Revenu a modifié sante_biotechnologies : 55 → 57.1 (delta:+2.1)
- Programme Pilote de Bio-Revenu a modifié systeme_economique_redistribution : 88.5 → 89.5 (delta:+1.0)
- Programme Pilote de Bio-Revenu a modifié gouvernance_institutions : 100 → 100 (delta:+0.4)
- Programme Pilote de Bio-Revenu a modifié geopolitique_conflits : 0.3 → 0.7 (delta:+0.4)
- Programme Pilote de Bio-Revenu a modifié technologie_information : 85.7 → 86.10000000000001 (delta:+0.4)
- Programme Pilote de Bio-Revenu a modifié energie_ressources_critiques : 100 → 99.6 (delta:-0.4)
- Programme Pilote de Bio-Revenu a modifié systemes_productifs_travail : 54.1 → 54.6 (delta:+0.5)
- Programme Pilote de Bio-Revenu a modifié systemes_productifs_travail : 54.6 → 56.2 (delta:+1.6)
- Programme Pilote de Bio-Revenu a modifié systeme_economique_redistribution : 89.5 → 90.2 (delta:+0.7)
- Programme Pilote de Bio-Revenu a modifié organisation_territoires : 87.1 → 87.69999999999999 (delta:+0.6)
- Programme Pilote de Bio-Revenu a modifié climat_environnement_global : 83.2 → 82.60000000000001 (delta:-0.6)
- Programme Pilote de Bio-Revenu a modifié demographie_mobilite_humaine : 70.8 → 71.39999999999999 (delta:+0.6)
- Programme Pilote de Bio-Revenu a modifié gouvernance_institutions : 100 → 100 (delta:+1.6)
- Programme Pilote de Bio-Revenu a modifié valeurs_culture_tempo_sociale : 55.0 → 56.4 (delta:+1.4)

## GÉOGRAPHIE DE CE MONDE

Ces zones forment l'espace géopolitique canonique de ce monde.
Si l'article mentionne un lieu, utilise en priorité un nom de cette liste plutôt que d'en inventer un nouveau.

**Autres zones de ce monde** (contexte de fond)

- **Amériques Multipolaires** : Zone américaine fragmentée entre les États-Unis traversés par une crise constitu...
- **Arc Indo-Pacifique** : Zone structurée autour des flux d'hydrogène Indo-Pacifique (Consortium Indo-Paci...
- **Arc des institutions multilatérales survivantes** : Ensemble des organes supranationaux hérités ou fondés au XXIe siècle qui maintie...
- **Bloc Eurasien Central** : Bloc structurant les ressources d'Asie centrale (lithium, terres rares, hydrogèn...
- **Bloc Persique Autonome** : Coalition d'États chiites et de territoires autonomes centrée sur les ressources...
- **Corridor Arctique Nordique** : Zone géopolitique et logistique structurée autour des routes arctiques déglaciée...
- **Europe Occidentale Reconstruite** : Zone européenne occidentale où persistent des institutions hybrides : Bruxelles-...
- **Ibérie Atlantique Fragmentée** : Zone centrée sur Lisbonne, devenue un hub logistique et financier secondaire pou...
- **Israël (Pôle Méditerranéen Oriental)** : État-forteresse technologique et militaire en Méditerranée orientale, entouré de...
- **Maurice (Hub Insulaire Autonome)** : Île autonome spécialisée dans les services financiers offshore et les technologi...
- **Pacte des Souverains** : Coalition d'États-forteresses fondée dans les années 2030 à la suite des désillu...
- **Pays de Galles Atlantique** : République galloise autonome axée sur les énergies renouvelables offshore et les...
- **Polynésie Française (Archipel Insulaire Autonome)** : Archipel insulaire autonome centré sur les énergies marines renouvelables et les...
- **Turquie (Pivot Eurasien-Moyen-Orient)** : République technocratique et militarisée, contrôlant les détroits stratégiques e...
- **Union Africaine de Résilience Territoriale** : Pôle de gouvernance régionale africaine autonome regroupant des institutions par...
- **Zones Grises Globales** : Ensemble des espaces hors-cadre institutionnel effectif — zones tampons climatiq...
- **Écosse Nordique Indépendante** : République écossaise autonome centrée sur les énergies marines renouvelables et ...
- **Archipels Flottants du Pacifique Sud** (sous Arc Indo-Pacifique) : Ensemble des États-archipels et communautés insulaires du Pacifique Sud dont les...
- **Bassin Amazonien** (sous Amériques Multipolaires) : Espace géopolitique distinct structuré autour du Consortium Amazônia Viva, plate...
- **Bassin de la Garonne Reconstruite** (sous Europe Occidentale Reconstruite) : Zone agroécologique du Réseau Terrafond ayant produit en 2097 son meilleur rende...
- (+ 42 autres zones de ce monde, non détaillées : Bloc Sahélien Autonome, Bruxelles-Nouveau, Corridors Eurasiens Centraux, Corridors Eurasiens Périphériques, Couloirs du Sahel, Delta du Gange, Delta du Mékong, Detroit — Nœud Administratif Central, Direction des Zones Non Prioritaires (DZNP), Genève-Lac-Retraité, Guadalajara, Helsinki, Kinshasa, Lyon-Métropole, Massif Central, Mourmansk, Nairobi, Nuuk-Capitale, Ouagadougou, Plaines Ibériques Réhumidifiées, Sertão — Nordeste Brésilien, Sibérie Fédérale, Singapour-Est, Sommets Itinérants du Pacte des Souverains, São Paulo, Séoul, Tampere, Tbilissi, Tromsø, Valparaíso, Zones Grises Sahéliennes Centrales, Zones Tampons Climatiques Européennes, États-Unis post-2055, Bassin du Congo, Centre de Contrôle Orbital de Kourou, Genève — Conseil des Droits Biosociaux, Ilulissat, Nairobi — Cliniques Nexus BioSyn, Nairobi — Siège Rotatif ITA, Singapour-Est — Nœud NexCore, São Paulo — Périphéries et SPAAR, Tours Helios)

## ÉTAT DES VARIABLES EN 2098

### Variables clés (détail)

Pour chaque variable, les forces attractives et répulsives listées ci-dessous sont deux dynamiques réelles et actives de ce monde, pas de simples options.
**Contrainte concrète, pas une indication approximative** : sur l'ensemble des variables ci-dessous, au moins un fait, un acteur ou une citation de l'article doit illustrer une force attractive (coopération, stabilisation, innovation...) — pas nécessairement une par variable, mais le texte ne peut pas se limiter uniquement aux forces répulsives (tensions, frictions, crises). Un ton d'article tendu ou critique ne dispense pas de cette exigence : une institution peut être contestée ET produire, dans le même article, un effet stabilisateur concret que ses détracteurs eux-mêmes reconnaissent.

**Couverture des variables pilotes** (repérables au tag [VARIABLE PILOTE] ci-dessous) : chacune doit trouver au moins une résonance explicite dans l'article — un fait, un chiffre, un acteur ou une conséquence concrète, pas nécessairement liée à ses forces attractives/répulsives précises — même si elle semble moins centrale à l'angle que tu choisis. Ne laisse aucune variable pilote totalement absente du texte sous prétexte qu'une autre se prête mieux au récit.

**gouvernance_institutions** [VARIABLE PRINCIPALE]
- Niveau : 100/100 | Volatilité : 50/100
- État : Systèmes étatiques traditionnels partiellement digitalisés avec montée de la complexité administrative et coordination internationale limitée mais persistante. Les institutions restent fonctionnelles mais sous tension.
- Dynamiques : bureaucratie numérique croissante | fragmentation de la légitimité politique | gouvernance multi-niveaux incomplète
- Sous-dynamiques : etat_nation (down) | institutions_internationales (unstable) | droit_et_regulation (up) | administration_publique (up) | gouvernance_algorithmique (up)
- Indicateurs à ancrer : confiance institutionnelle, stabilité politique
- Forces attractives : stabilisation sociale, coordination globale, gestion des crises, production de normes communes
- Forces répulsives : bureaucratie, perte de confiance, captation du pouvoir, lenteur décisionnelle

**demographie_mobilite_humaine** [VARIABLE PRINCIPALE]
- Niveau : 71.4/100 | Volatilité : 50/100
- État : Stabilisation démographique globale avec ralentissement de la croissance, mais augmentation des mobilités contraintes liées aux déséquilibres économiques, climatiques et géopolitiques.
- Dynamiques : vieillissement structurel global | migrations économiques et climatiques modérées | polarisation des zones attractives et répulsives
- Sous-dynamiques : population_globale (stable) | migrations_internationales (up) | urbanisation (unstable) | structure_familiale (unstable) | mobilite_humaine_globale (up)
- Indicateurs à ancrer : flux migratoires internationaux, taux d’urbanisation, vieillissement démographique, croissance démographique régionale
- Forces attractives : mobilité économique et sociale, rééquilibrage des populations mondiales, adaptation aux contraintes climatiques, innovation culturelle par mélange des populations
- Forces répulsives : pression sur les infrastructures urbaines, tensions sociales et identitaires, déséquilibres territoriaux, vieillissement et déclin démographique localisé

**sante_biotechnologies** [VARIABLE PRINCIPALE]
- Niveau : 57.1/100 | Volatilité : 45/100
- État : Amélioration continue des systèmes de santé et de la biotechnologie, avec augmentation progressive de la longévité et médicalisation accrue des sociétés, mais sous contraintes d’inégalités et de pressions sanitaires.
- Dynamiques : progression médicale incrémentale | montée de la médecine personnalisée | pression croissante sur les systèmes de santé
- Sous-dynamiques : longevite_humaine (up) | pandemies_globales (up) | biotechnologies_avancees (up) | systemes_de_sante (unstable) | sante_numerique_ia_medicale (up)
- Indicateurs à ancrer : esperance_vie, adoption_ia_medicale, investissements_biotech
- Forces attractives : augmentation de la longévité, amélioration santé globale, réduction mortalité, innovation médicale
- Forces répulsives : pandémies globales, inégalités sanitaires, risques biotechnologiques, surveillance biologique accrue

**climat_environnement_global** [VARIABLE PILOTE]
- Niveau : 82.6/100 | Volatilité : 55/100
- État : Dérèglement climatique structurel continu avec intensification progressive, partiellement amorti par adaptation humaine.
- Sous-dynamiques : rechauffement_climatique_global (up) | evenements_extremes (up) | biodiversite_effondrement (down) | cycles_de_l_eau (unstable) | pollution_globale (up)
- Indicateurs à ancrer : température moyenne globale ↑, fréquence événements extrêmes ↑, perte biodiversité ↑
- Forces attractives : régénération écologique, stabilisation climatique globale, augmentation résilience territoriale
- Forces répulsives : effets cumulatifs irréversibles, érosion biodiversité, événements climatiques extrêmes

**energie_ressources_critiques** [VARIABLE PILOTE]
- Niveau : 98.9/100 | Volatilité : 65/100
- État : Tension structurelle persistante entre demande énergétique croissante et contraintes physiques, géopolitiques et industrielles de l’offre. Le système reste fonctionnel mais sous contrainte permanente.
- Dynamiques : tension énergétique structurelle | dépendance aux chaînes globales | transition incomplète
- Sous-dynamiques : systemes_energetiques (up) | matieres_premieres_critiques (up) | systemes_alimentaires (unstable) | chaines_approvisionnement (up) | infrastructures_energetiques (up)
- Indicateurs à ancrer : demande_energie, prix_energie, volatilite_marches
- Forces attractives : innovation technologique énergétique, optimisation des réseaux, diversification des sources d’énergie, électrification globale
- Forces répulsives : rareté des ressources critiques, volatilité des prix, dépendance géopolitique, impacts environnementaux

**technologie_information** [VARIABLE PILOTE]
- Niveau : 87.5/100 | Volatilité : 85/100
- État : Infrastructure informationnelle globale hautement centralisée, dominée par des plateformes et des systèmes d’IA intégrés dans tous les secteurs. L’information circule à très haute vitesse avec une forte automatisation cognitive, mais sous contrôle humain et institutionnel partiel.
- Dynamiques : intégration massive de l’IA dans les processus cognitifs et décisionnels | centralisation des plateformes de données et de calcul | automatisation partielle de la production d’information
- Sous-dynamiques : ia_generative_decisionnelle (up) | reseaux_numeriques_globaux (saturating) | medias_algorithmiques (up) | donnees_souverainete_numerique (up) | agents_autonomes_ia (accelerating)
- Indicateurs à ancrer : volume_donnees_global, usage_ia_generatives, centralisation_plateformes, niveau_automatisation_cognitive
- Forces attractives : productivité cognitive accrue, accès global à l’information, optimisation des systèmes complexes, accélération de l’innovation
- Forces répulsives : désinformation systémique, concentration du pouvoir informationnel, dépendance technologique, fragilité des systèmes centralisés

### Autres variables (résumé)

- **systeme_economique_redistribution** [90.8] : Système économique global fortement financiarisé, instable mais fonctionnel, caractérisé par une for...
- **geopolitique_conflits** [0] : Multipolarité instable structurée autour de blocs concurrents, avec coexistence de coopération parti...
- **valeurs_culture_tempo_sociale** [56.4] : Système culturel global fragmenté mais interconnecté, dominé par une accélération du temps social et...
- **organisation_territoires** [87.7] : Monde dominé par des mégapoles globales structurantes, avec une hiérarchie territoriale stable mais ...
- **frontieres_du_systeme** [18.0] : Expansion spatiale limitée à l’orbite terrestre et aux missions robotiques exploratoires. Le système...
- **systemes_productifs_travail** [56.2] : Système productif mondial en transition hybride entre travail humain et automatisation, caractérisé ...

## TENSIONS SYSTÉMIQUES ACTIVES

Ces tensions structurent la réalité de ce monde.
Elles doivent transparaître dans le ton et les faits de l'article.

**Cascades critiques**
- geopolitique_conflits renforce energie_ressources_critiques (poids:0.95 lag:1 cycles)
- energie_ressources_critiques renforce geopolitique_conflits (poids:0.95 lag:1 cycles)
- systeme_economique_redistribution renforce energie_ressources_critiques (poids:0.85 lag:1 cycles)
- geopolitique_conflits renforce organisation_territoires (poids:0.85 lag:1 cycles)
- organisation_territoires renforce geopolitique_conflits (poids:0.85 lag:1 cycles)

**Tensions propres à cette thématique**
- gouvernance_institutions [60] → geopolitique_conflits [75] : pression négative (cascade)
- gouvernance_institutions [60] → technologie_information [80] : renforcement (reinforcing)
- geopolitique_conflits [75] → gouvernance_institutions [60] : pression négative (reinforcing)
- technologie_information [80] → gouvernance_institutions [60] : renforcement (reinforcing)

## TRAJECTOIRE 2025 → 2098

Jalons clés qui expliquent comment ce monde s'est construit.
Tu peux y faire référence dans l'article comme à des événements passés connus.

**Événements injectés** [CUSTOM — font partie de ce monde] — 8 sur 14 au total, les plus pertinents pour cet article
- [automne 2026] Frappes croisées Israël-Iran : l'embrasement contenu :
  → Les images de Fordo en flammes font le tour des réseaux en quelques minutes : Israël vient de franch...
  → Déroulement : En octobre 2026, Israël lance une série de frappes de précision sur les sites nu...
  → Conséquences : Le conflit accélère la fragmentation des marchés énergétiques mondiaux : le Cons...
  → Acteurs : consortium_helios_reference, alliance_blocs_souverains_reference, le_temoin_reference, conseil_regulation_ressources_reference, voix_du_dehors_reference
- [été-automne 2044] L'Exode des Fours — Migration vers les Grands Lacs :
  → Le journaliste Raj Mehta, couvrant l'événement depuis Toledo en août 2044, décrit des colonnes de vé...
  → Déroulement : Après trois étés consécutifs frôlant ou dépassant les 55°C dans les plaines du M...
  → Conséquences : L'événement consacre l'effondrement fonctionnel de la gouvernance fédérale résid...
  → Acteurs : bureau_des_territoires_residuels_reference, great_lakes_autonomous_compact_reference, administrations_hybrides_des_cites_relais_peripheriques_reference, plateformes_d_optimisation_territoriale_par_ia_reference, cooperatives_energetiques_decentralisees_reference, observatoire_climatique_des_territoires_oct_reference, le_temoin_reference, fonds_d_investissement_foncier_climatique_reference, agence_stabilisation_climatique_reference
- [14 mars 2040] L'Attentat des Neuf Nœuds — Crise Majeure Partiellement Absorbée :
  → Le 14 mars 2040, neuf nœuds tombent. La crise dure 23 jours pour les zones les plus touchées. La rép...
  → Déroulement : La catastrophe se produit et la réponse est mitigée dans reference — suffisammen...
  → Conséquences : Réformes partielles de l'architecture numérique mondiale. Tensions durables entr...
- [automne 2041] Enchères du Grand Dégel : la vente aux enchères des terres rares du Kalaallit Nunaat :
  → Nuuk, automne 2041. Les salles de négociation du Katuaq Cultural Centre ont été transformées en war ...
  → Déroulement : En septembre 2041, le Kalaallit Nunaat Sovereign Fund organise la première vente...
  → Conséquences : L'événement établit un précédent géopolitique majeur : d'autres territoires arct...
  → Acteurs : kalaallit_nunaat_sovereign_fund_reference, bloc_ressources_eurasiatique_bre_reference, conseil_des_etats_nordiques_integres_reference, cartel_des_terres_rares_d_asie_centrale_reference, collectifs_de_peche_inuit_et_sami_reference, conseil_regulation_ressources_reference, arctic_passage_authority_reference, fonds_souverain_arctique_scandinave_reference, consortiums_prives_d_extraction_de_ressources_critiques_reference, prisme_global_reference, ong_de_tracabilite_des_ressources_critiques_reference
- [automne 2055] Traité de Belém sur la Souveraineté Carbone Amazonienne :
  → Le 14 novembre 2055, sous une chaleur tropicale alourdie par dix ans de sécheresses cycliques, les d...
  → Déroulement : Dans un monde en équilibre fragile où les institutions multilatérales survivent ...
  → Conséquences : Le traité institue un précédent juridique fragile mais réel : pour la première f...
  → Acteurs : consortium_amazonia_viva_reference, bloc_ressources_eurasiatique_bre_reference, blocs_signataires_du_pacte_energetique_multilateral_reference, agence_stabilisation_climatique_reference, fonds_monetaire_climatique_fmc_reference, front_souverainiste_des_ressources_d_amerique_du_sud_reference, reseaux_de_gouvernance_multilaterale_survivants_reference, frente_sertao_livre_reference, ong_environnementales_de_terrain_reference, lobbies_industriels_des_etats_non_signataires_reference
- [septembre 2039] Acte Fondateur du Pacifique Sud Resilience Network :
  → Depuis la plateforme ancrée à 40 milles nautiques au nord de l'atoll englouti, les délégués de neuf ...
  → Déroulement : En septembre 2039, la submersion définitive de Funafuti — île principale de Tuva...
  → Conséquences : Le Protocole de Souveraineté Flottante ouvre une brèche dans le droit internatio...
  → Acteurs : pacifique_sud_resilience_network_reference, fonds_souverains_de_la_ceinture_financiere_pacifique_reference, observatoire_climatique_des_territoires_oct_reference, reseaux_de_gouvernance_multilaterale_survivants_reference, collectifs_de_journalisme_embarque_reference, le_temoin_reference, reseau_des_metropoles_cotieres_adaptees_reference, agence_stabilisation_climatique_reference, reseaux_de_capteurs_citoyens_reference
- [automne 2051] La Sécession des Grands Lacs : Le Compact Autonome de 2051 :
  → Le 14 novembre 2051, sous les verrières de l'ancien Millennium Park transformé en salle des délibéra...
  → Déroulement : Après une décennie de contentieux hydrique entre les États riverains et Washingt...
  → Conséquences : La rupture institutionnalise le modèle confédéral hydro-territorial comme répons...
  → Acteurs : great_lakes_autonomous_compact_reference, gouvernements_federaux_residuels_souverainistes_reference, autorites_regionales_de_regulation_hydrologique_reference, federation_communs_territoriaux_reference, administrations_hybrides_des_cites_relais_peripheriques_reference, bloc_ressources_eurasiatique_bre_reference, fonds_souverains_de_la_ceinture_financiere_pacifique_reference, programme_onu_eau_2080_reference, collectifs_de_journalisme_embarque_reference
- [automne 2094] Programme Pilote de Bio-Revenu Universel de Nairobi :
  → Nairobi, automne 2094 — Le quartier de Westlands s'est transformé en laboratoire vivant. Des bornes ...
  → Déroulement : Dans un monde en équilibre fragile où la redistribution économique est sous pres...
  → Conséquences : Le programme, s'il survit à ses contestations juridiques, pourrait redéfinir le ...
  → Acteurs : conseil_de_geneve_pour_les_droits_biosociaux_reference, regulateurs_de_l_union_continentale_africaine_reference, federation_des_cliniques_autonomes_reference, internationale_travailleurs_augmentes_reference, conseil_regulation_algorithmique_reference, reseaux_de_medecine_traditionnelle_augmentee_reference, banque_des_communs_reference, collectifs_de_biopiraterie_inversee_reference, consortium_africain_de_biotechnologies_sociales_reference

**Événements historiques clés** (datés — à mentionner naturellement)
- [2024-2039] premières pannes systémiques d'envergure 2030 :
  → technologie information : dépendance croissante avec vulnérabilités non résolues
- [2024-2041] best-seller mondial sur l'effondrement civilisationnel 2030 :
  → climat environnement global : diffusion croissante des récits d'effondrement dans le débat public
- [2025-2042] première campagne nationale de sobriété énergétique obligatoire 2032 :
  → energie ressources critiques : évolution culturelle progressive vers la sobriété face aux pénuries
- [2025-2042] premier scandale d'erreur judiciaire algorithmique documenté 2033 :
  → gouvernance institutions : adoption inégale des systèmes décisionnels automatisés sous surveillance croissante
- [2025-2040] Burkina Faso et Ghana s'opposent sur le barrage de Bagré 2036 :
  → energie ressources critiques : tensions persistantes entre États pour l'accès à l'eau solaire
- [2025-2041] premiers déploiements commerciaux de stockage longue durée 2032 :
  → energie ressources critiques : adoption inégale des technologies de stockage selon les régions

**Signaux complémentaires** (évolutions sectorielles — à mentionner si pertinent)
- [2024-2040] premier million de réfugiés climatiques officiellement reconnus 2030 :
  → demographie mobilite humaine : pression croissante sans gouvernance cohérente
- [2030-2050] lancement commercial des premiers bilans prédictifs IA 2036 :
  → sante biotechnologies : expansion inégale de la médecine prédictive, accès réservé aux assurés

**Ruptures majeures** (contexte de fond, portée large)
- [SYS] effondrement
- [SYS] effondrement de la légitimité étatique
- [SYS] fragmentation des États

**Ruptures structurantes** (contexte de fond)
- [POL] révolutions institutionnelles
- [TEC] superintelligence_artificielle
- [TEC] captation massive CO2 atmosphérique
- [TEC] geoengineering climatique global

## ENTITÉS CANONIQUES DE CE MONDE

Ces entités existent dans ce monde avec ces descriptions précises.
Utilise leurs noms exacts. Tu peux les mentionner, les citer, les impliquer dans les faits.
Ne les contredis pas, ne les renomme pas.

**gelecek_meclisi_reference** [MATURE] [impact:0/5]
*Relation dominante* : neutralité (depuis 2026)

## CONSIGNE DE RÉDACTION

**Rubrique** : FAITS DIVERS

**Format** : brève | **Longueur** : 200 à 400 mots
**Style** : narratif
**Niveau émotionnel** : très élevé — tension maximale, impact émotionnel fort
**Échelle** : locale | **Temporalité** : immédiat

**Acteurs à impliquer** : citoyens, justice, médias, populations locales

**Angle spécifique demandé** : Cet article DOIT être construit spécifiquement autour de gelecek_meclisi_reference : 

**Date de publication** : 10 mai 2098 — reprends cette date exacte, ne la remplace pas par une autre.

---

Écris maintenant l'article. Commence directement par le titre.

Contraintes impératives :
- **Longueur impérative : 200 à 400 mots** — ne t'arrête pas avant la borne basse, ne dépasse pas la borne haute. C'est une contrainte dure, pas une indication approximative.
- Le titre doit être accrocheur et ancré dans le monde décrit
- La date de publication est **10 mai 2098** — reprends cette date exacte sous le titre, n'en invente pas une autre
- L'article utilise des noms propres inventés mais crédibles (personnes, lieux, organisations)
- La signature du journaliste apparaît UNE SEULE FOIS, immédiatement sous la date de publication — jamais en fin d'article, jamais répétée
- Aucune référence au mot 'scénario', 'variable', 'simulation'
- Le contexte du monde est montré, pas expliqué
- Les entités canoniques listées ci-dessus DOIVENT être utilisées avec leurs noms et descriptions exactes

--- [reference] MÉTADONNÉES ---
  scenario : reference
  thematique : faits_divers
  format : brève
  longueur : 200 à 400 mots
  ligne_editoriale : opposition

============================================================
RÉSUMÉ DU LOT — mode forcer
============================================================
  Réussis : 6
    ✓ fortress_world (dry-run, rien écrit)
    ✓ new_sustainability (dry-run, rien écrit)
    ✓ breakdown (dry-run, rien écrit)
    ✓ eco_communalism (dry-run, rien écrit)
    ✓ policy_reform (dry-run, rien écrit)
    ✓ reference (dry-run, rien écrit)
============================================================

